"trial_type","trial_index","time_elapsed","internal_node_id","view_history","rt","test_part","responses","question_order","success","stimulus","key_press","task","type","condition","operation","consistency","correct_response","task_id"
"pavlovia","0","39","0.0-0.0","","","","","","","","","","","","","","",""
"instructions","1","4762","0.0-1.0","[{""page_index"":0,""viewing_time"":3110.549999997602},{""page_index"":1,""viewing_time"":1611.2250000005588}]","4722.720000005211","teilnehmerinfo","","","","","","","","","","","",""
"survey-multi-select","2","8519","0.0-2.0","","3753.8749999948777","Einverstaendniserklaerung","{""einverstaendnis;"":[""Ich erkl&auml;re mich damit einverstanden, an der Studie teilzunehmen!""]}","[0]","","","","","","","","","",""
"fullscreen","3","11141","0.0-3.0","","","","","","true","","","","","","","","",""
"survey-text","4","14312","0.0-4.0","","3158.3649999956833","demoFragen_Seite_1","{""Alter"":""25""}","","","","","","","","","","",""
"survey-multi-choice","5","25759","0.0-5.0","","11444.954999999027","demoFragen_Seite_2","{""handedneß"":"" rechtshändig "",""sex"":"" männlich "",""firstlanguage"":"" ja "",""ethnic"":"" Weiß ""}","[0,1,2,3]","","","","","","","","","",""
"survey-multi-choice","6","38159","0.0-6.0","","12395.065000004251","demoFragen_Seite_3","{""legasthenie"":"" nein "",""dyskalkulie"":"" nein "",""student"":"" ja "",""beschäftigung"":"" keine Beschäftigung ""}","[0,1,2,3]","","","","","","","","","",""
"survey-multi-choice","7","69418","0.0-7.0","","31255.000000004657","demoFragen_Seite_4","{""bildung"":"" Hochschulabschluss "",""educationmath"":"" wenig (z.B. Literatur, Sprachen, Kultur, Medien, Philosophie, Theologie) "",""workmath"":"" keine Angabe ""}","[0,1,2]","","","","","","","","","",""
"instructions","8","99758","0.0-8.0","[{""page_index"":0,""viewing_time"":30335.33499999612}]","30335.69500000158","Instruktion_GAD","","","","","","","","","","","",""
"survey-likert","9","133880","0.0-9.0","","34118.974999990314","GAD","{""GADa"":1,""GADb"":1,""GADc"":1,""GADd"":1,""GADe"":1,""GADf"":0,""GADg"":0}","[0,1,2,3,4,5,6]","","","","","","","","","",""
"instructions","10","136346","0.0-10.0","[{""page_index"":0,""viewing_time"":2462.2199999867007}]","2462.554999990971","Instruktion_STAI","","","","","","","","","","","",""
"survey-likert","11","148291","0.0-11.0","","11943.41500000155","STAI","{""STAI1"":1,""STAI2"":1,""STAI3"":1,""STAI4"":0,""STAI5"":1}","[0,1,2,3,4]","","","","","","","","","",""
"instructions","12","149602","0.0-12.0","[{""page_index"":0,""viewing_time"":1307.1399999898858}]","1307.409999993979","Instruktion_AMAS","","","","","","","","","","","",""
"survey-likert","13","298994","0.0-13.0","","149390.38500000606","AMAS","{""AMAS1"":0,""AMAS2"":1,""AMAS3"":1,""AMAS4"":3,""AMAS5"":2,""AMAS6"":1,""AMAS7"":0,""AMAS8"":2,""AMAS9"":1}","[0,1,2,3,4,5,6,7,8]","","","","","","","","","",""
"instructions","14","301396","0.0-14.0","[{""page_index"":0,""viewing_time"":2397.479999999632}]","2397.850000008475","Instruktion_TEXT","","","","","","","","","","","",""
"instructions","15","313779","0.0-15.0","[{""page_index"":0,""viewing_time"":12381.834999992861}]","12382.1750000061","Instruktion_TEXT_Beispiel","","","","","","","","","","","",""
"html-keyboard-response","16","314787","0.0-16.0-0.0","","null","","","","","+","null","","","","","","",""
"html-keyboard-response","17","331331","0.0-16.0-1.0","","16540.500000002794","textaufgaben","","","","<p>Ein M&auml;dchen sammelt B&uuml;cher.</p> <p>Sie hat 35 B&uuml;cher erhalten.</p> <p>Das M&auml;dchen hatte davor 54 B&uuml;cher.</p> <p>Wie viele B&uuml;cher hat sie am Ende?</p>","57","54 + 35","nc","1","A","C","89","4"
"html-keyboard-response","18","331502","0.0-16.0-2.0","","168.33000000042375","textaufgaben","","","","<p>Ein M&auml;dchen sammelt B&uuml;cher.</p> <p>Sie hat 35 B&uuml;cher erhalten.</p> <p>Das M&auml;dchen hatte davor 54 B&uuml;cher.</p> <p>Wie viele B&uuml;cher hat sie am Ende?</p>","57","54 + 35","nc","1","A","C","89","4"
"html-keyboard-response","19","332511","0.0-16.0-0.1","","null","","","","","+","null","","","","","","",""
"html-keyboard-response","20","361038","0.0-16.0-1.1","","28524.6049999987","textaufgaben","","","","<p>Eine Studentin muss W&ouml;rter lernen.</p> <p>Die Studentin kannte 43 W&ouml;rter.</p> <p>Sie hat gerade 19 W&ouml;rter gelernt.</p> <p>Wie viele W&ouml;rter kennt die Studentin am Ende?</p>","54","43 + 19","c","2","A","C","62","7"
"html-keyboard-response","21","361241","0.0-16.0-2.1","","199.82500000332948","textaufgaben","","","","<p>Eine Studentin muss W&ouml;rter lernen.</p> <p>Die Studentin kannte 43 W&ouml;rter.</p> <p>Sie hat gerade 19 W&ouml;rter gelernt.</p> <p>Wie viele W&ouml;rter kennt die Studentin am Ende?</p>","50","43 + 19","c","2","A","C","62","7"
"html-keyboard-response","22","362249","0.0-16.0-0.2","","null","","","","","+","null","","","","","","",""
"html-keyboard-response","23","374269","0.0-16.0-1.2","","12016.600000002654","textaufgaben","","","","<p>Eine Studentin muss W&ouml;rter lernen.</p> <p>Die Studentin vergisst 12 W&ouml;rter.</p> <p>Sie hat am Anfang 58 W&ouml;rter gelernt.</p> <p>Wie viele W&ouml;rter hat sie richtig gelernt?</p>","53","58 - 12","nc","3","S","C","46","14"
"html-keyboard-response","24","374503","0.0-16.0-2.2","","232.30499999772292","textaufgaben","","","","<p>Eine Studentin muss W&ouml;rter lernen.</p> <p>Die Studentin vergisst 12 W&ouml;rter.</p> <p>Sie hat am Anfang 58 W&ouml;rter gelernt.</p> <p>Wie viele W&ouml;rter hat sie richtig gelernt?</p>","56","58 - 12","nc","3","S","C","46","14"
"html-keyboard-response","25","375507","0.0-16.0-0.3","","null","","","","","+","null","","","","","","",""
"html-keyboard-response","26","386282","0.0-16.0-1.3","","10772.685000003548","textaufgaben","","","","<p>Ein paar Freunde suchen Pilze im Wald.</p> <p>Sie haben 65 Pilze gefunden.</p> <p>Sie haben 36 giftige Pilze weggeworfen.</p> <p>Wie viele Pilze haben sie danach?</p>","50","65 - 36","c","4","S","C","29","24"
"html-keyboard-response","27","386698","0.0-16.0-2.3","","413.64500000781845","textaufgaben","","","","<p>Ein paar Freunde suchen Pilze im Wald.</p> <p>Sie haben 65 Pilze gefunden.</p> <p>Sie haben 36 giftige Pilze weggeworfen.</p> <p>Wie viele Pilze haben sie danach?</p>","57","65 - 36","c","4","S","C","29","24"
"html-keyboard-response","28","387707","0.0-16.0-0.4","","null","","","","","+","null","","","","","","",""
"html-keyboard-response","29","408642","0.0-16.0-1.4","","20931.13500000618","textaufgaben","","","","<p>Einige Leute wurden zur Party eingeladen.</p> <p>72 Leute haben die Party verlassen.</p> <p>Es blieben danach 26 Leute.</p> <p>Wie viele Leute waren zur Party gekommen?</p>","57","72 + 26","nc","5","A","I","98","27"
"html-keyboard-response","30","408810","0.0-16.0-2.4","","165.8949999982724","textaufgaben","","","","<p>Einige Leute wurden zur Party eingeladen.</p> <p>72 Leute haben die Party verlassen.</p> <p>Es blieben danach 26 Leute.</p> <p>Wie viele Leute waren zur Party gekommen?</p>","56","72 + 26","nc","5","A","I","98","27"
"html-keyboard-response","31","409816","0.0-16.0-0.5","","null","","","","","+","null","","","","","","",""
"html-keyboard-response","32","422434","0.0-16.0-1.5","","12615.575000003446","textaufgaben","","","","<p>Ein paar Freunde suchen Pilze im Wald.</p> <p>Sie werfen gerade 19 giftige Pilze weg.</p> <p>Sie haben 45 Pilze.</p> <p>Wie viele Pilze hatten sie davor?</p>","54","45 + 19","c","6","A","I","64","32"
"html-keyboard-response","33","422699","0.0-16.0-2.5","","262.26499999756925","textaufgaben","","","","<p>Ein paar Freunde suchen Pilze im Wald.</p> <p>Sie werfen gerade 19 giftige Pilze weg.</p> <p>Sie haben 45 Pilze.</p> <p>Wie viele Pilze hatten sie davor?</p>","52","45 + 19","c","6","A","I","64","32"
"html-keyboard-response","34","423707","0.0-16.0-0.6","","null","","","","","+","null","","","","","","",""
"html-keyboard-response","35","433412","0.0-16.0-1.6","","9702.00499999919","textaufgaben","","","","<p>Ein Dieb hat einer Frau einige Diamanten gestohlen.</p> <p>Die Polizei hat 13 Diamanten wiedergefunden.</p> <p>Der Dieb hatte ihr 37 Diamanten gestohlen.</p> <p>Wie viele Diamanten muss die Polizei noch finden?</p>","50","37 - 13","nc","7","S","I","14","38"
"html-keyboard-response","36","433506","0.0-16.0-2.6","","91.27499999885913","textaufgaben","","","","<p>Ein Dieb hat einer Frau einige Diamanten gestohlen.</p> <p>Die Polizei hat 13 Diamanten wiedergefunden.</p> <p>Der Dieb hatte ihr 37 Diamanten gestohlen.</p> <p>Wie viele Diamanten muss die Polizei noch finden?</p>","52","37 - 13","nc","7","S","I","14","38"
"html-keyboard-response","37","434516","0.0-16.0-0.7","","null","","","","","+","null","","","","","","",""
"html-keyboard-response","38","442608","0.0-16.0-1.7","","8088.810000001104","textaufgaben","","","","<p>Ein Mann spart Geld f&uuml;r einige Anschaffungen.</p> <p>Er verdient heute 19 Euro.</p> <p>Er hat jetzt 37 Euro.</p> <p>Wie viel Geld hatte er am Anfang?</p>","49","37 - 19","c","8","S","I","18","44"
"html-keyboard-response","39","443274","0.0-16.0-2.7","","663.0050000094343","textaufgaben","","","","<p>Ein Mann spart Geld f&uuml;r einige Anschaffungen.</p> <p>Er verdient heute 19 Euro.</p> <p>Er hat jetzt 37 Euro.</p> <p>Wie viel Geld hatte er am Anfang?</p>","56","37 - 19","c","8","S","I","18","44"
"html-keyboard-response","40","444281","0.0-16.0-0.8","","null","","","","","+","null","","","","","","",""
"html-keyboard-response","41","455971","0.0-16.0-1.8","","11687.109999998938","textaufgaben","","","","<p>Einige Leute wurden zur Party eingeladen.</p> <p>12 Leute sind sp&auml;ter gekommen.</p> <p>Es waren davor 75 Leute auf der Party.</p> <p>Wie viele Leute waren am Ende auf der Party?</p>","56","75 + 12","nc","1","A","C","87","6"
"html-keyboard-response","42","456078","0.0-16.0-2.8","","104.95999999693595","textaufgaben","","","","<p>Einige Leute wurden zur Party eingeladen.</p> <p>12 Leute sind sp&auml;ter gekommen.</p> <p>Es waren davor 75 Leute auf der Party.</p> <p>Wie viele Leute waren am Ende auf der Party?</p>","55","75 + 12","nc","1","A","C","87","6"
"html-keyboard-response","43","457085","0.0-16.0-0.9","","null","","","","","+","null","","","","","","",""
"html-keyboard-response","44","464621","0.0-16.0-1.9","","7533.015000008163","textaufgaben","","","","<p>Ein M&auml;dchen sammelt B&uuml;cher.</p> <p>Sie erh&auml;lt 18 B&uuml;cher.</p> <p>Das M&auml;dchen hatte am Anfang 46 B&uuml;cher gehabt.</p> <p>Wie viele B&uuml;cher hat sie am Ende?</p>","54","46 + 18","c","2","A","C","64","11"
"html-keyboard-response","45","465138","0.0-16.0-2.9","","514.0300000057323","textaufgaben","","","","<p>Ein M&auml;dchen sammelt B&uuml;cher.</p> <p>Sie erh&auml;lt 18 B&uuml;cher.</p> <p>Das M&auml;dchen hatte am Anfang 46 B&uuml;cher gehabt.</p> <p>Wie viele B&uuml;cher hat sie am Ende?</p>","52","46 + 18","c","2","A","C","64","11"
"html-keyboard-response","46","466145","0.0-16.0-0.10","","null","","","","","+","null","","","","","","",""
"html-keyboard-response","47","476065","0.0-16.0-1.10","","9917.495000001509","textaufgaben","","","","<p>Ein M&auml;dchen sammelt B&uuml;cher.</p> <p>Das M&auml;dchen hat 28 B&uuml;cher.</p> <p>Sie verschenkt 13 B&uuml;cher an ihre Freunde.</p> <p>Wie viele B&uuml;cher hat sie am Ende?</p>","49","28 - 13","nc","3","S","C","15","17"
"html-keyboard-response","48","476366","0.0-16.0-2.10","","298.0050000041956","textaufgaben","","","","<p>Ein M&auml;dchen sammelt B&uuml;cher.</p> <p>Das M&auml;dchen hat 28 B&uuml;cher.</p> <p>Sie verschenkt 13 B&uuml;cher an ihre Freunde.</p> <p>Wie viele B&uuml;cher hat sie am Ende?</p>","53","28 - 13","nc","3","S","C","15","17"
"html-keyboard-response","49","477372","0.0-16.0-0.11","","null","","","","","+","null","","","","","","",""
"html-keyboard-response","50","488159","0.0-16.0-1.11","","10783.884999997099","textaufgaben","","","","<p>Ein M&auml;dchen sammelt B&uuml;cher.</p> <p>Das M&auml;dchen verschenkt 17 B&uuml;cher.</p> <p>Sie hatte 46 B&uuml;cher  mitgebracht.</p> <p>Wie viele B&uuml;cher hat sie am Ende?</p>","50","46 - 17","c","4","S","C","29","22"
"html-keyboard-response","51","489256","0.0-16.0-2.11","","1094.0100000007078","textaufgaben","","","","<p>Ein M&auml;dchen sammelt B&uuml;cher.</p> <p>Das M&auml;dchen verschenkt 17 B&uuml;cher.</p> <p>Sie hatte 46 B&uuml;cher  mitgebracht.</p> <p>Wie viele B&uuml;cher hat sie am Ende?</p>","57","46 - 17","c","4","S","C","29","22"
"html-keyboard-response","52","490261","0.0-16.0-0.12","","null","","","","","+","null","","","","","","",""
"html-keyboard-response","53","498311","0.0-16.0-1.12","","8046.719999998459","textaufgaben","","","","<p>Ein Mann spart Geld f&uuml;r einige Anschaffungen.</p> <p>Er hat jetzt 13 Euro.</p> <p>Er hat davor 65 Euro ausgegeben.</p> <p>Wie viel Geld hatte der Mann?</p>","55","65 + 13","nc","5","A","I","78","30"
"html-keyboard-response","54","498523","0.0-16.0-2.12","","209.4550000037998","textaufgaben","","","","<p>Ein Mann spart Geld f&uuml;r einige Anschaffungen.</p> <p>Er hat jetzt 13 Euro.</p> <p>Er hat davor 65 Euro ausgegeben.</p> <p>Wie viel Geld hatte der Mann?</p>","56","65 + 13","nc","5","A","I","78","30"
"html-keyboard-response","55","499530","0.0-16.0-0.13","","null","","","","","+","null","","","","","","",""
"html-keyboard-response","56","511496","0.0-16.0-1.13","","11962.840000007418","textaufgaben","","","","<p>Ein M&auml;dchen sammelt B&uuml;cher.</p> <p>Das M&auml;dchen verschenkt 25 B&uuml;cher.</p> <p>Sie hat danach 17 B&uuml;cher.</p> <p>Wie viele B&uuml;cher hatte sie am Anfang?</p>","52","25 + 17","c","6","A","I","42","34"
"html-keyboard-response","57","511657","0.0-16.0-2.13","","158.72500000114087","textaufgaben","","","","<p>Ein M&auml;dchen sammelt B&uuml;cher.</p> <p>Das M&auml;dchen verschenkt 25 B&uuml;cher.</p> <p>Sie hat danach 17 B&uuml;cher.</p> <p>Wie viele B&uuml;cher hatte sie am Anfang?</p>","50","25 + 17","c","6","A","I","42","34"
"html-keyboard-response","58","512660","0.0-16.0-0.14","","null","","","","","+","null","","","","","","",""
"html-keyboard-response","59","520177","0.0-16.0-1.14","","7513.969999999972","textaufgaben","","","","<p>Ein Mann spart Geld f&uuml;r einige Anschaffungen.</p> <p>Er hat jetzt 37 Euro.</p> <p>Er hatte 24 Euro verdient.</p> <p>Wie viel Geld hatte er am Anfang?</p>","49","37 - 24","nc","7","S","I","13","41"
"html-keyboard-response","60","520255","0.0-16.0-2.14","","75.15000000421423","textaufgaben","","","","<p>Ein Mann spart Geld f&uuml;r einige Anschaffungen.</p> <p>Er hat jetzt 37 Euro.</p> <p>Er hatte 24 Euro verdient.</p> <p>Wie viel Geld hatte er am Anfang?</p>","51","37 - 24","nc","7","S","I","13","41"
"html-keyboard-response","61","521257","0.0-16.0-0.15","","null","","","","","+","null","","","","","","",""
"html-keyboard-response","62","536561","0.0-16.0-1.15","","15301.015000004554","textaufgaben","","","","<p>Ein M&auml;dchen sammelt B&uuml;cher.</p> <p>Das M&auml;dchen erh&auml;lt 45 B&uuml;cher.</p> <p>Sie hat danach 74 B&uuml;cher.</p> <p>Wie viele B&uuml;cher hatte sie am Anfang?</p>","50","74 - 45","c","8","S","I","29","48"
"html-keyboard-response","63","537276","0.0-16.0-2.15","","712.4650000041584","textaufgaben","","","","<p>Ein M&auml;dchen sammelt B&uuml;cher.</p> <p>Das M&auml;dchen erh&auml;lt 45 B&uuml;cher.</p> <p>Sie hat danach 74 B&uuml;cher.</p> <p>Wie viele B&uuml;cher hatte sie am Anfang?</p>","57","74 - 45","c","8","S","I","29","48"
"html-keyboard-response","64","538279","0.0-16.0-0.16","","null","","","","","+","null","","","","","","",""
"html-keyboard-response","65","545922","0.0-16.0-1.16","","7639.4650000002","textaufgaben","","","","<p>Eine Studentin muss W&ouml;rter lernen.</p> <p>Die Studentin kannte 52 W&ouml;rter.</p> <p>Sie lernte gerade 26 W&ouml;rter.</p> <p>Wie viele W&ouml;rter kennt die Studentin am Ende?</p>","55","52 + 26","nc","1","A","C","78","3"
"html-keyboard-response","66","546122","0.0-16.0-2.16","","198.15000001108274","textaufgaben","","","","<p>Eine Studentin muss W&ouml;rter lernen.</p> <p>Die Studentin kannte 52 W&ouml;rter.</p> <p>Sie lernte gerade 26 W&ouml;rter.</p> <p>Wie viele W&ouml;rter kennt die Studentin am Ende?</p>","56","52 + 26","nc","1","A","C","78","3"
"html-keyboard-response","67","547124","0.0-16.0-0.17","","null","","","","","+","null","","","","","","",""
"html-keyboard-response","68","560096","0.0-16.0-1.17","","12969.144999995478","textaufgaben","","","","<p>Ein paar Freunde suchen Pilze im Wald.</p> <p>Sie hatten 67 Pilze.</p> <p>Sie sammeln 15 Pilzen.</p> <p>Wie viele Pilze haben sie am Ende?</p>","56","67 + 15","c","2","A","C","82","9"
"html-keyboard-response","69","560749","0.0-16.0-2.17","","643.5000000055879","textaufgaben","","","","<p>Ein paar Freunde suchen Pilze im Wald.</p> <p>Sie hatten 67 Pilze.</p> <p>Sie sammeln 15 Pilzen.</p> <p>Wie viele Pilze haben sie am Ende?</p>","50","67 + 15","c","2","A","C","82","9"
"html-keyboard-response","70","561755","0.0-16.0-0.18","","null","","","","","+","null","","","","","","",""
"html-keyboard-response","71","571915","0.0-16.0-1.18","","10157.26999999606","textaufgaben","","","","<p>Eine Marktfrau verkauft &Auml;pfel auf dem Markt.</p> <p>Die Marktfrau verkauft 13 &Auml;pfel.</p> <p>Sie hatte 25 &Auml;pfel mitgebracht.</p> <p>Wie viele &Auml;pfel hat sie am Ende?</p>","49","25 - 13","nc","3","S","C","12","13"
"html-keyboard-response","72","571973","0.0-16.0-2.18","","55.70000001171138","textaufgaben","","","","<p>Eine Marktfrau verkauft &Auml;pfel auf dem Markt.</p> <p>Die Marktfrau verkauft 13 &Auml;pfel.</p> <p>Sie hatte 25 &Auml;pfel mitgebracht.</p> <p>Wie viele &Auml;pfel hat sie am Ende?</p>","50","25 - 13","nc","3","S","C","12","13"
"html-keyboard-response","73","572975","0.0-16.0-0.19","","null","","","","","+","null","","","","","","",""
"html-keyboard-response","74","580444","0.0-16.0-1.19","","7466.415000002598","textaufgaben","","","","<p>Ein Dieb hat einer Frau einige Diamanten gestohlen.</p> <p>Der Dieb hat ihr 16 Diamanten gestohlen.</p> <p>Sie hatte am Anfang 41 Diamanten gehabt.</p> <p>Wie viele Diamanten hat sie jetzt?</p>","50","41 - 16","c","4","S","C","25","19"
"html-keyboard-response","75","580538","0.0-16.0-2.19","","91.58000000752509","textaufgaben","","","","<p>Ein Dieb hat einer Frau einige Diamanten gestohlen.</p> <p>Der Dieb hat ihr 16 Diamanten gestohlen.</p> <p>Sie hatte am Anfang 41 Diamanten gehabt.</p> <p>Wie viele Diamanten hat sie jetzt?</p>","53","41 - 16","c","4","S","C","25","19"
"html-keyboard-response","76","581540","0.0-16.0-0.20","","null","","","","","+","null","","","","","","",""
"html-keyboard-response","77","594105","0.0-16.0-1.20","","12562.789999996312","textaufgaben","","","","<p>Ein paar Freunde suchen Pilze im Wald.</p> <p>Sie werfen gerade 23 giftige Pilze weg.</p> <p>Sie haben 31 Pilze &uuml;brig.</p> <p>Wie viele Pilze hatten sie fr&uuml;her?</p>","53","31 + 23","nc","5","A","I","54","25"
"html-keyboard-response","78","594831","0.0-16.0-2.20","","723.4849999949802","textaufgaben","","","","<p>Ein paar Freunde suchen Pilze im Wald.</p> <p>Sie werfen gerade 23 giftige Pilze weg.</p> <p>Sie haben 31 Pilze &uuml;brig.</p> <p>Wie viele Pilze hatten sie fr&uuml;her?</p>","52","31 + 23","nc","5","A","I","54","25"
"html-keyboard-response","79","595839","0.0-16.0-0.21","","null","","","","","+","null","","","","","","",""
"html-keyboard-response","80","605337","0.0-16.0-1.21","","9495.624999995925","textaufgaben","","","","<p>Eine Marktfrau verkauft &Auml;pfel auf dem Markt.</p> <p>Sie hat jetzt 38 &Auml;pfel.</p> <p>Die Marktfrau hatte davor 26 &Auml;pfel verkauft.</p> <p>Wie viele &Auml;pfel hatte sie am Anfang?</p>","54","38 + 26","c","6","A","I","64","35"
"html-keyboard-response","81","605668","0.0-16.0-2.21","","328.4200000052806","textaufgaben","","","","<p>Eine Marktfrau verkauft &Auml;pfel auf dem Markt.</p> <p>Sie hat jetzt 38 &Auml;pfel.</p> <p>Die Marktfrau hatte davor 26 &Auml;pfel verkauft.</p> <p>Wie viele &Auml;pfel hatte sie am Anfang?</p>","52","38 + 26","c","6","A","I","64","35"
"html-keyboard-response","82","606676","0.0-16.0-0.22","","null","","","","","+","null","","","","","","",""
"html-keyboard-response","83","621722","0.0-16.0-1.22","","15043.934999994235","textaufgaben","","","","<p>Eine Marktfrau verkauft &Auml;pfel auf dem Markt.</p> <p>Sie hatte vorher 21 &Auml;pfel geliefert bekommen.</p> <p>Die Marktfrau hat 64 &Auml;pfel.</p> <p>Wie viele &Auml;pfel hatte sie am Anfang?</p>","56","64 - 21","nc","7","S","I","43","42"
"html-keyboard-response","84","622454","0.0-16.0-2.22","","729.2000000015832","textaufgaben","","","","<p>Eine Marktfrau verkauft &Auml;pfel auf dem Markt.</p> <p>Sie hatte vorher 21 &Auml;pfel geliefert bekommen.</p> <p>Die Marktfrau hat 64 &Auml;pfel.</p> <p>Wie viele &Auml;pfel hatte sie am Anfang?</p>","53","64 - 21","nc","7","S","I","43","42"
"html-keyboard-response","85","623459","0.0-16.0-0.23","","null","","","","","+","null","","","","","","",""
"html-keyboard-response","86","630647","0.0-16.0-1.23","","7185.295000002952","textaufgaben","","","","<p>Ein Dieb hat einer Frau einige Diamanten gestohlen.</p> <p>Der Dieb hatte ihr 54 Diamanten gestohlen.</p> <p>Die Polizei findet 28 Diamanten wieder.</p> <p>Wie viele Diamanten muss die Polizei noch finden?</p>","50","54 - 28","c","8","S","I","26","46"
"html-keyboard-response","87","631089","0.0-16.0-2.23","","440.3549999988172","textaufgaben","","","","<p>Ein Dieb hat einer Frau einige Diamanten gestohlen.</p> <p>Der Dieb hatte ihr 54 Diamanten gestohlen.</p> <p>Die Polizei findet 28 Diamanten wieder.</p> <p>Wie viele Diamanten muss die Polizei noch finden?</p>","54","54 - 28","c","8","S","I","26","46"
"html-keyboard-response","88","632094","0.0-16.0-0.24","","null","","","","","+","null","","","","","","",""
"html-keyboard-response","89","638248","0.0-16.0-1.24","","6150.720000005094","textaufgaben","","","","<p>Ein paar Freunde suchen Pilze im Wald.</p> <p>Sie sammeln gerade 13 Pilze.</p> <p>Sie hatten 36 Pilze davor.</p> <p>Wie viele Pilze haben sie am Ende?</p>","51","36 + 13","nc","1","A","C","49","2"
"html-keyboard-response","90","640253","0.0-16.0-2.24","","null","textaufgaben","","","","<p>Ein paar Freunde suchen Pilze im Wald.</p> <p>Sie sammeln gerade 13 Pilze.</p> <p>Sie hatten 36 Pilze davor.</p> <p>Wie viele Pilze haben sie am Ende?</p>","null","36 + 13","nc","1","A","C","49","2"
"html-keyboard-response","91","641265","0.0-16.0-0.25","","null","","","","","+","null","","","","","","",""
"html-keyboard-response","92","651024","0.0-16.0-1.25","","9756.889999989653","textaufgaben","","","","<p>Einige Leute wurden zur Party eingeladen.</p> <p>19 Leute sind sp&auml;ter gekommen.</p> <p>Es waren anfangs 24 Leute auf der Party.</p> <p>Wie viele Leute waren am Ende auf der Party?</p>","52","24 + 19","c","2","A","C","43","8"
"html-keyboard-response","93","651333","0.0-16.0-2.25","","305.98999999347143","textaufgaben","","","","<p>Einige Leute wurden zur Party eingeladen.</p> <p>19 Leute sind sp&auml;ter gekommen.</p> <p>Es waren anfangs 24 Leute auf der Party.</p> <p>Wie viele Leute waren am Ende auf der Party?</p>","51","24 + 19","c","2","A","C","43","8"
"html-keyboard-response","94","652338","0.0-16.0-0.26","","null","","","","","+","null","","","","","","",""
"html-keyboard-response","95","665629","0.0-16.0-1.26","","13289.355000000796","textaufgaben","","","","<p>Eine Tennisspielerin spielt Turniere.</p> <p>Sie hat in dieser Saison 59 Spiele gespielt.</p> <p>Sie hat 41 Spiele verloren.</p> <p>Wie viele Spiele hat sie gewonnen?</p>","49","59 - 41","nc","3","S","C","18","16"
"html-keyboard-response","96","665905","0.0-16.0-2.26","","273.56000000145286","textaufgaben","","","","<p>Eine Tennisspielerin spielt Turniere.</p> <p>Sie hat in dieser Saison 59 Spiele gespielt.</p> <p>Sie hat 41 Spiele verloren.</p> <p>Wie viele Spiele hat sie gewonnen?</p>","56","59 - 41","nc","3","S","C","18","16"
"html-keyboard-response","97","666910","0.0-16.0-0.27","","null","","","","","+","null","","","","","","",""
"html-keyboard-response","98","673861","0.0-16.0-1.27","","6947.729999999865","textaufgaben","","","","<p>Eine Marktfrau verkauft &Auml;pfel auf dem Markt.</p> <p>Die Marktfrau kam mit 37 &Auml;pfeln.</p> <p>Sie verkauft 19 &Auml;pfel.</p> <p>Wie viele &Auml;pfel hat sie am Ende?</p>","49","37 - 19","c","4","S","C","18","20"
"html-keyboard-response","99","674605","0.0-16.0-2.27","","741.729999994277","textaufgaben","","","","<p>Eine Marktfrau verkauft &Auml;pfel auf dem Markt.</p> <p>Die Marktfrau kam mit 37 &Auml;pfeln.</p> <p>Sie verkauft 19 &Auml;pfel.</p> <p>Wie viele &Auml;pfel hat sie am Ende?</p>","56","37 - 19","c","4","S","C","18","20"
"html-keyboard-response","100","675611","0.0-16.0-0.28","","null","","","","","+","null","","","","","","",""
"html-keyboard-response","101","684284","0.0-16.0-1.28","","8670.709999991232","textaufgaben","","","","<p>Eine Tennisspielerin spielt Turniere.</p> <p>Sie hatte fr&uuml;her 23 Spiele verloren.</p> <p>Sie hat 14 Spiele in dieser Saison verloren.</p> <p>Wie viele Spiele hat sie in ihrer Karriere verloren?</p>","51","23 + 14","nc","5","A","I","37","28"
"html-keyboard-response","102","684933","0.0-16.0-2.28","","646.6050000017276","textaufgaben","","","","<p>Eine Tennisspielerin spielt Turniere.</p> <p>Sie hatte fr&uuml;her 23 Spiele verloren.</p> <p>Sie hat 14 Spiele in dieser Saison verloren.</p> <p>Wie viele Spiele hat sie in ihrer Karriere verloren?</p>","55","23 + 14","nc","5","A","I","37","28"
"html-keyboard-response","103","685940","0.0-16.0-0.29","","null","","","","","+","null","","","","","","",""
"html-keyboard-response","104","692794","0.0-16.0-1.29","","6851.13999999885","textaufgaben","","","","<p>Ein Mann spart Geld f&uuml;r einige Anschaffungen.</p> <p>Er gibt 19 Euro aus.</p> <p>Er hat jetzt 27 Euro.</p> <p>Wie viel Geld hatte der Mann?</p>","52","27 + 19","c","6","A","I","42","31"
"html-keyboard-response","105","693072","0.0-16.0-2.29","","275.7850000052713","textaufgaben","","","","<p>Ein Mann spart Geld f&uuml;r einige Anschaffungen.</p> <p>Er gibt 19 Euro aus.</p> <p>Er hat jetzt 27 Euro.</p> <p>Wie viel Geld hatte der Mann?</p>","54","27 + 19","c","6","A","I","42","31"
"html-keyboard-response","106","694078","0.0-16.0-0.30","","null","","","","","+","null","","","","","","",""
"html-keyboard-response","107","710315","0.0-16.0-1.30","","16233.934999996563","textaufgaben","","","","<p>Einige Leute wurden zur Party eingeladen.</p> <p>Es sind 25 Leute auf der Party.</p> <p>12 Leute sind sp&auml;ter gekommen.</p> <p>Wie viele Leute waren am Anfang auf der Party?</p>","49","25 - 12","nc","7","S","I","13","37"
"html-keyboard-response","108","710526","0.0-16.0-2.30","","208.8999999978114","textaufgaben","","","","<p>Einige Leute wurden zur Party eingeladen.</p> <p>Es sind 25 Leute auf der Party.</p> <p>12 Leute sind sp&auml;ter gekommen.</p> <p>Wie viele Leute waren am Anfang auf der Party?</p>","51","25 - 12","nc","7","S","I","13","37"
"html-keyboard-response","109","711528","0.0-16.0-0.31","","null","","","","","+","null","","","","","","",""
"html-keyboard-response","110","724813","0.0-16.0-1.31","","13281.87499998603","textaufgaben","","","","<p>Eine Studentin muss W&ouml;rter lernen.</p> <p>Die Studentin hat 13 W&ouml;rter gelernt.</p> <p>Sie kennt jetzt 31 W&ouml;rter.</p> <p>Wie viele W&ouml;rter hatte sie am Anfang gekonnt?</p>","49","31 - 13","c","8","S","I","18","45"
"html-keyboard-response","111","725488","0.0-16.0-2.31","","672.7200000023004","textaufgaben","","","","<p>Eine Studentin muss W&ouml;rter lernen.</p> <p>Die Studentin hat 13 W&ouml;rter gelernt.</p> <p>Sie kennt jetzt 31 W&ouml;rter.</p> <p>Wie viele W&ouml;rter hatte sie am Anfang gekonnt?</p>","56","31 - 13","c","8","S","I","18","45"
"html-keyboard-response","112","726501","0.0-16.0-0.32","","null","","","","","+","null","","","","","","",""
"html-keyboard-response","113","748926","0.0-16.0-1.32","","22422.83999999927","textaufgaben","","","","<p>Ein Dieb hat einer Frau einige Diamanten gestohlen.</p> <p>Nach dem Diebstahl hatte sie 23 Diamanten.</p> <p>Die Polizei findet 15 Diamanten wieder.</p> <p>Wie viele Diamanten hat die Frau am Ende?</p>","51","23 + 15","nc","1","A","C","38","5"
"html-keyboard-response","114","749398","0.0-16.0-2.32","","470.1749999949243","textaufgaben","","","","<p>Ein Dieb hat einer Frau einige Diamanten gestohlen.</p> <p>Nach dem Diebstahl hatte sie 23 Diamanten.</p> <p>Die Polizei findet 15 Diamanten wieder.</p> <p>Wie viele Diamanten hat die Frau am Ende?</p>","56","23 + 15","nc","1","A","C","38","5"
"html-keyboard-response","115","750400","0.0-16.0-0.33","","null","","","","","+","null","","","","","","",""
"html-keyboard-response","116","766966","0.0-16.0-1.33","","16562.864999999874","textaufgaben","","","","<p>Eine Marktfrau verkauft &Auml;pfel auf dem Markt.</p> <p>Die Marktfrau kam mit 56 &Auml;pfeln.</p> <p>Sie hat 27 &Auml;pfel geliefert bekommen.</p> <p>Wie viele &Auml;pfel hat sie am Ende?</p>","56","56 + 27","c","2","A","C","83","12"
"html-keyboard-response","117","767769","0.0-16.0-2.33","","800.6999999925029","textaufgaben","","","","<p>Eine Marktfrau verkauft &Auml;pfel auf dem Markt.</p> <p>Die Marktfrau kam mit 56 &Auml;pfeln.</p> <p>Sie hat 27 &Auml;pfel geliefert bekommen.</p> <p>Wie viele &Auml;pfel hat sie am Ende?</p>","51","56 + 27","c","2","A","C","83","12"
"html-keyboard-response","118","768776","0.0-16.0-0.34","","null","","","","","+","null","","","","","","",""
"html-keyboard-response","119","777715","0.0-16.0-1.34","","8935.874999995576","textaufgaben","","","","<p>Ein Dieb hat einer Frau einige Diamanten gestohlen.</p> <p>Ihr wurden 32 Diamanten gestohlen.</p> <p>Die Frau hatte 53 Diamanten gehabt.</p> <p>Wie viele Diamanten hat sie jetzt?</p>","50","53 - 32","nc","3","S","C","21","18"
"html-keyboard-response","120","777901","0.0-16.0-2.34","","183.91999999585096","textaufgaben","","","","<p>Ein Dieb hat einer Frau einige Diamanten gestohlen.</p> <p>Ihr wurden 32 Diamanten gestohlen.</p> <p>Die Frau hatte 53 Diamanten gehabt.</p> <p>Wie viele Diamanten hat sie jetzt?</p>","49","53 - 32","nc","3","S","C","21","18"
"html-keyboard-response","121","778906","0.0-16.0-0.35","","null","","","","","+","null","","","","","","",""
"html-keyboard-response","122","785996","0.0-16.0-1.35","","7087.89500000421","textaufgaben","","","","<p>Einige Leute wurden zur Party eingeladen.</p> <p>41 Leute sind zur Party gekommen.</p> <p>25 Leute haben die Party fr&uuml;her verlassen.</p> <p>Wie viele Leute sind jetzt auf der Party?</p>","49","41 - 25","c","4","S","C","16","23"
"html-keyboard-response","123","786211","0.0-16.0-2.35","","212.69000000029337","textaufgaben","","","","<p>Einige Leute wurden zur Party eingeladen.</p> <p>41 Leute sind zur Party gekommen.</p> <p>25 Leute haben die Party fr&uuml;her verlassen.</p> <p>Wie viele Leute sind jetzt auf der Party?</p>","54","41 - 25","c","4","S","C","16","23"
"html-keyboard-response","124","787214","0.0-16.0-0.36","","null","","","","","+","null","","","","","","",""
"html-keyboard-response","125","815755","0.0-16.0-1.36","","28538.690000001225","textaufgaben","","","","<p>Ein Dieb hat einer Frau einige Diamanten gestohlen.</p> <p>Sie hat jetzt 34 Diamanten.</p> <p>Der Dieb hatte ihr 25 Diamanten gestohlen.</p> <p>Wie viele Diamanten hatte die Frau?</p>","53","34 + 25","nc","5","A","I","59","29"
"html-keyboard-response","126","816368","0.0-16.0-2.36","","610.2850000024773","textaufgaben","","","","<p>Ein Dieb hat einer Frau einige Diamanten gestohlen.</p> <p>Sie hat jetzt 34 Diamanten.</p> <p>Der Dieb hatte ihr 25 Diamanten gestohlen.</p> <p>Wie viele Diamanten hatte die Frau?</p>","57","34 + 25","nc","5","A","I","59","29"
"html-keyboard-response","127","817374","0.0-16.0-0.37","","null","","","","","+","null","","","","","","",""
"html-keyboard-response","128","827101","0.0-16.0-1.37","","9723.469999997178","textaufgaben","","","","<p>Eine Tennisspielerin spielt Turniere.</p> <p>Sie hat in dieser Saison 17 Spiele verloren.</p> <p>Sie hatte fr&uuml;her 76 Spiele verloren.</p> <p>Wie viele Spiele hat sie in ihrer Karriere verloren?</p>","57","76 + 17","c","6","A","I","93","36"
"html-keyboard-response","129","827733","0.0-16.0-2.37","","630.1850000018021","textaufgaben","","","","<p>Eine Tennisspielerin spielt Turniere.</p> <p>Sie hat in dieser Saison 17 Spiele verloren.</p> <p>Sie hatte fr&uuml;her 76 Spiele verloren.</p> <p>Wie viele Spiele hat sie in ihrer Karriere verloren?</p>","51","76 + 17","c","6","A","I","93","36"
"html-keyboard-response","130","828736","0.0-16.0-0.38","","null","","","","","+","null","","","","","","",""
"html-keyboard-response","131","843081","0.0-16.0-1.38","","14342.570000007981","textaufgaben","","","","<p>Eine Studentin muss W&ouml;rter lernen.</p> <p>Die Studentin hat 42 W&ouml;rter gelernt.</p> <p>Sie kennt jetzt 68 W&ouml;rter.</p> <p>Wie viele W&ouml;rter hatte sie am Anfang gekonnt?</p>","50","68 - 42","nc","7","S","I","26","40"
"html-keyboard-response","132","843637","0.0-16.0-2.38","","553.1349999946542","textaufgaben","","","","<p>Eine Studentin muss W&ouml;rter lernen.</p> <p>Die Studentin hat 42 W&ouml;rter gelernt.</p> <p>Sie kennt jetzt 68 W&ouml;rter.</p> <p>Wie viele W&ouml;rter hatte sie am Anfang gekonnt?</p>","54","68 - 42","nc","7","S","I","26","40"
"html-keyboard-response","133","844644","0.0-16.0-0.39","","null","","","","","+","null","","","","","","",""
"html-keyboard-response","134","865511","0.0-16.0-1.39","","20864.280000008876","textaufgaben","","","","<p>Einige Leute wurden zur Party eingeladen.</p> <p>Am Ende sind 41 Leute auf der Party.</p> <p>18 Leute sind davor zur Party gekommen.</p> <p>Wie viele Leute waren am Anfang auf der Party?</p>","49","41 - 18","c","8","S","I","23","47"
"html-keyboard-response","135","866003","0.0-16.0-2.39","","490.0999999954365","textaufgaben","","","","<p>Einige Leute wurden zur Party eingeladen.</p> <p>Am Ende sind 41 Leute auf der Party.</p> <p>18 Leute sind davor zur Party gekommen.</p> <p>Wie viele Leute waren am Anfang auf der Party?</p>","56","41 - 18","c","8","S","I","23","47"
"html-keyboard-response","136","867009","0.0-16.0-0.40","","null","","","","","+","null","","","","","","",""
"html-keyboard-response","137","875089","0.0-16.0-1.40","","8078.215000001364","textaufgaben","","","","<p>Ein Mann spart Geld f&uuml;r einige Anschaffungen.</p> <p>Er hatte 21 Euro.</p> <p>Er verdient 13 Euro.</p> <p>Wie viel Geld hat der Mann jetzt?</p>","51","21 + 13","nc","1","A","C","34","1"
"html-keyboard-response","138","875383","0.0-16.0-2.40","","291.9350000011036","textaufgaben","","","","<p>Ein Mann spart Geld f&uuml;r einige Anschaffungen.</p> <p>Er hatte 21 Euro.</p> <p>Er verdient 13 Euro.</p> <p>Wie viel Geld hat der Mann jetzt?</p>","52","21 + 13","nc","1","A","C","34","1"
"html-keyboard-response","139","876391","0.0-16.0-0.41","","null","","","","","+","null","","","","","","",""
"html-keyboard-response","140","885182","0.0-16.0-1.41","","8787.745000008726","textaufgaben","","","","<p>Eine Tennisspielerin spielt Turniere.</p> <p>Sie hat 16 Spiele in dieser Saison gewonnen.</p> <p>Sie hat vor dieser Saison 25 Spiele gewonnen.</p> <p>Wie viele Spiele hat sie in ihrer Karriere gewonnen?</p>","52","25 + 16","c","2","A","C","41","10"
"html-keyboard-response","141","885682","0.0-16.0-2.41","","498.45000001369044","textaufgaben","","","","<p>Eine Tennisspielerin spielt Turniere.</p> <p>Sie hat 16 Spiele in dieser Saison gewonnen.</p> <p>Sie hat vor dieser Saison 25 Spiele gewonnen.</p> <p>Wie viele Spiele hat sie in ihrer Karriere gewonnen?</p>","49","25 + 16","c","2","A","C","41","10"
"html-keyboard-response","142","886694","0.0-16.0-0.42","","null","","","","","+","null","","","","","","",""
"html-keyboard-response","143","895762","0.0-16.0-1.42","","9065.244999990682","textaufgaben","","","","<p>Ein Mann spart Geld f&uuml;r einige Anschaffungen.</p> <p>Er hatte 37 Euro gehabt.</p> <p>Er hat 14 Euro ausgegeben.</p> <p>Wie viel Geld hat er am Ende?</p>","50","37 - 14","nc","3","S","C","23","25"
"html-keyboard-response","144","895844","0.0-16.0-2.42","","80.15500000328757","textaufgaben","","","","<p>Ein Mann spart Geld f&uuml;r einige Anschaffungen.</p> <p>Er hatte 37 Euro gehabt.</p> <p>Er hat 14 Euro ausgegeben.</p> <p>Wie viel Geld hat er am Ende?</p>","53","37 - 14","nc","3","S","C","23","25"
"html-keyboard-response","145","896855","0.0-16.0-0.43","","null","","","","","+","null","","","","","","",""
"html-keyboard-response","146","946250","0.0-16.0-1.43","","49393.324999997276","textaufgaben","","","","<p>Eine Tennisspielerin spielt Turniere.</p> <p>Sie verlor 18 Spiele.</p> <p>Sie hat in dieser Saison 34 Spiele gespielt.</p> <p>Wie viele Spiele hat sie gewonnen?</p>","49","34 - 18","c","4","S","C","16","21"
"html-keyboard-response","147","946334","0.0-16.0-2.43","","81.36999999987893","textaufgaben","","","","<p>Eine Tennisspielerin spielt Turniere.</p> <p>Sie verlor 18 Spiele.</p> <p>Sie hat in dieser Saison 34 Spiele gespielt.</p> <p>Wie viele Spiele hat sie gewonnen?</p>","54","34 - 18","c","4","S","C","16","21"
"html-keyboard-response","148","947343","0.0-16.0-0.44","","null","","","","","+","null","","","","","","",""
"html-keyboard-response","149","954538","0.0-16.0-1.44","","7188.629999989644","textaufgaben","","","","<p>Eine Marktfrau verkauft &Auml;pfel auf dem Markt.</p> <p>Die Marktfrau verkauft 13 &Auml;pfel.</p> <p>Sie hat danach 36 &Auml;pfel.</p> <p>Wie viele &Auml;pfel hatte sie am Anfang?</p>","52","36 + 13","nc","5","A","I","49","26"
"html-keyboard-response","150","955068","0.0-16.0-2.44","","527.7400000049965","textaufgaben","","","","<p>Eine Marktfrau verkauft &Auml;pfel auf dem Markt.</p> <p>Die Marktfrau verkauft 13 &Auml;pfel.</p> <p>Sie hat danach 36 &Auml;pfel.</p> <p>Wie viele &Auml;pfel hatte sie am Anfang?</p>","57","36 + 13","nc","5","A","I","49","26"
"html-keyboard-response","151","956070","0.0-16.0-0.45","","null","","","","","+","null","","","","","","",""
"html-keyboard-response","152","966330","0.0-16.0-1.45","","10257.509999995818","textaufgaben","","","","<p>Eine Studentin muss W&ouml;rter lernen.</p> <p>Die Studentin hat 53 W&ouml;rtern vergessen.</p> <p>Sie lernt sp&auml;ter 18 andere W&ouml;rter.</p> <p>Wie viele W&ouml;rter m&uuml;sste sie kennen?</p>","55","53 + 18","c","6","A","I","71","33"
"html-keyboard-response","153","966918","0.0-16.0-2.45","","585.5100000044331","textaufgaben","","","","<p>Eine Studentin muss W&ouml;rter lernen.</p> <p>Die Studentin hat 53 W&ouml;rtern vergessen.</p> <p>Sie lernt sp&auml;ter 18 andere W&ouml;rter.</p> <p>Wie viele W&ouml;rter m&uuml;sste sie kennen?</p>","49","53 + 18","c","6","A","I","71","33"
"html-keyboard-response","154","967919","0.0-16.0-0.46","","null","","","","","+","null","","","","","","",""
"html-keyboard-response","155","986303","0.0-16.0-1.46","","18381.689999994705","textaufgaben","","","","<p>Eine Tennisspielerin spielt Turniere.</p> <p>Sie hat in dieser Saison 29 Spiele gespielt.</p> <p>Sie gewann 13 Spiele.</p> <p>Wie viele Spiele hatte sie verloren?</p>","49","29 - 13","nc","7","S","I","16","39"
"html-keyboard-response","156","986474","0.0-16.0-2.46","","168.68000000249594","textaufgaben","","","","<p>Eine Tennisspielerin spielt Turniere.</p> <p>Sie hat in dieser Saison 29 Spiele gespielt.</p> <p>Sie gewann 13 Spiele.</p> <p>Wie viele Spiele hatte sie verloren?</p>","54","29 - 13","nc","7","S","I","16","39"
"html-keyboard-response","157","987478","0.0-16.0-0.47","","null","","","","","+","null","","","","","","",""
