"trial_type","trial_index","time_elapsed","internal_node_id","view_history","rt","test_part","responses","question_order","success","stimulus","key_press","task","type","condition","operation","consistency","correct_response","task_id","status"
"pavlovia","0","16","0.0-0.0","","","","","","","","","","","","","","","",""
"instructions","1","9028","0.0-1.0","[{""page_index"":0,""viewing_time"":5379},{""page_index"":1,""viewing_time"":3630}]","9010","teilnehmerinfo","","","","","","","","","","","","",""
"survey-multi-select","2","14842","0.0-2.0","","5810","Einverstaendniserklaerung","{""einverstaendnis;"":[""Ich erkl&auml;re mich damit einverstanden, an der Studie teilzunehmen!""]}","[0]","","","","","","","","","","",""
"fullscreen","3","17012","0.0-3.0","","","","","","true","","","","","","","","","",""
"survey-text","4","20578","0.0-4.0","","3551","demoFragen_Seite_1","{""Alter"":""21""}","","","","","","","","","","","",""
"survey-multi-choice","5","52697","0.0-5.0","","32113","demoFragen_Seite_2","{""handedneß"":"" rechtshändig "",""sex"":"" weiblich "",""firstlanguage"":"" ja "",""ethnic"":"" Asiatisch ""}","[0,1,2,3]","","","","","","","","","","",""
"survey-multi-choice","6","62937","0.0-6.0","","10238","demoFragen_Seite_3","{""legasthenie"":"" nein "",""dyskalkulie"":"" nein "",""student"":"" ja "",""beschäftigung"":"" vollzeitbeschäftigt ""}","[0,1,2,3]","","","","","","","","","","",""
"survey-multi-choice","7","82077","0.0-7.0","","19136","demoFragen_Seite_4","{""bildung"":"" Fachhoch-/Hochschulreife "",""educationmath"":"" viel (z.B. Mathematik, Informatik, Ingenieurwissenschaften, Physik, Technik) "",""workmath"":"" keine Angabe ""}","[0,1,2]","","","","","","","","","","",""
"instructions","8","88893","0.0-8.0","[{""page_index"":0,""viewing_time"":6814}]","6815","Instruktion_GAD","","","","","","","","","","","","",""
"survey-likert","9","259535","0.0-9.0","","170637","GAD","{""GADa"":1,""GADb"":1,""GADc"":1,""GADd"":1,""GADe"":1,""GADf"":1,""GADg"":1}","[0,1,2,3,4,5,6]","","","","","","","","","","",""
"instructions","10","268991","0.0-10.0","[{""page_index"":0,""viewing_time"":9454}]","9454","Instruktion_STAI","","","","","","","","","","","","",""
"survey-likert","11","281501","0.0-11.0","","12506","STAI","{""STAI1"":1,""STAI2"":0,""STAI3"":1,""STAI4"":1,""STAI5"":1}","[0,1,2,3,4]","","","","","","","","","","",""
"instructions","12","287299","0.0-12.0","[{""page_index"":0,""viewing_time"":5796}]","5796","Instruktion_AMAS","","","","","","","","","","","","",""
"survey-likert","13","330232","0.0-13.0","","42928","AMAS","{""AMAS1"":0,""AMAS2"":3,""AMAS3"":1,""AMAS4"":3,""AMAS5"":1,""AMAS6"":0,""AMAS7"":0,""AMAS8"":3,""AMAS9"":0}","[0,1,2,3,4,5,6,7,8]","","","","","","","","","","",""
"instructions","14","332979","0.0-14.0","[{""page_index"":0,""viewing_time"":2745}]","2745","Instruktion_TEXT","","","","","","","","","","","","",""
"instructions","15","396224","0.0-15.0","[{""page_index"":0,""viewing_time"":63244}]","63244","Instruktion_TEXT_Beispiel","","","","","","","","","","","","",""
"html-keyboard-response","16","397232","0.0-16.0-0.0","","null","","","","","+","null","","","","","","","",""
"html-keyboard-response","17","407756","0.0-16.0-1.0","","10516","textaufgaben","","","","<p>Ein Mann spart Geld f&uuml;r einige Anschaffungen.</p> <p>Er hatte 21 Euro.</p> <p>Er verdient 13 Euro.</p> <p>Wie viel Geld hat der Mann jetzt?</p>","51","21 + 13","nc","1","A","C","34","1",""
"html-keyboard-response","18","409773","0.0-16.0-2.0","","null","textaufgaben","","","","<p>Ein Mann spart Geld f&uuml;r einige Anschaffungen.</p> <p>Er hatte 21 Euro.</p> <p>Er verdient 13 Euro.</p> <p>Wie viel Geld hat der Mann jetzt?</p>","null","21 + 13","nc","1","A","C","34","1",""
"html-keyboard-response","19","410790","0.0-16.0-0.1","","null","","","","","+","null","","","","","","","",""
"html-keyboard-response","20","422881","0.0-16.0-1.1","","12090","textaufgaben","","","","<p>Ein paar Freunde suchen Pilze im Wald.</p> <p>Sie hatten 67 Pilze.</p> <p>Sie sammeln 15 Pilzen.</p> <p>Wie viele Pilze haben sie am Ende?</p>","56","67 + 15","c","2","A","C","82","9",""
"html-keyboard-response","21","423113","0.0-16.0-2.1","","230","textaufgaben","","","","<p>Ein paar Freunde suchen Pilze im Wald.</p> <p>Sie hatten 67 Pilze.</p> <p>Sie sammeln 15 Pilzen.</p> <p>Wie viele Pilze haben sie am Ende?</p>","50","67 + 15","c","2","A","C","82","9",""
"html-keyboard-response","22","424122","0.0-16.0-0.2","","null","","","","","+","null","","","","","","","",""
"html-keyboard-response","23","437769","0.0-16.0-1.2","","13645","textaufgaben","","","","<p>Eine Tennisspielerin spielt Turniere.</p> <p>Sie hat in dieser Saison 59 Spiele gespielt.</p> <p>Sie hat 41 Spiele verloren.</p> <p>Wie viele Spiele hat sie gewonnen?</p>","49","59 - 41","nc","3","S","C","18","16",""
"html-keyboard-response","24","437833","0.0-16.0-2.2","","61","textaufgaben","","","","<p>Eine Tennisspielerin spielt Turniere.</p> <p>Sie hat in dieser Saison 59 Spiele gespielt.</p> <p>Sie hat 41 Spiele verloren.</p> <p>Wie viele Spiele hat sie gewonnen?</p>","56","59 - 41","nc","3","S","C","18","16",""
"html-keyboard-response","25","438853","0.0-16.0-0.3","","null","","","","","+","null","","","","","","","",""
"html-keyboard-response","26","453777","0.0-16.0-1.3","","14922","textaufgaben","","","","<p>Ein paar Freunde suchen Pilze im Wald.</p> <p>Sie haben 65 Pilze gefunden.</p> <p>Sie haben 36 giftige Pilze weggeworfen.</p> <p>Wie viele Pilze haben sie danach?</p>","50","65 - 36","c","4","S","C","29","24",""
"html-keyboard-response","27","455290","0.0-16.0-2.3","","1511","textaufgaben","","","","<p>Ein paar Freunde suchen Pilze im Wald.</p> <p>Sie haben 65 Pilze gefunden.</p> <p>Sie haben 36 giftige Pilze weggeworfen.</p> <p>Wie viele Pilze haben sie danach?</p>","57","65 - 36","c","4","S","C","29","24",""
"html-keyboard-response","28","456291","0.0-16.0-0.4","","null","","","","","+","null","","","","","","","",""
"html-keyboard-response","29","468769","0.0-16.0-1.4","","12475","textaufgaben","","","","<p>Ein Dieb hat einer Frau einige Diamanten gestohlen.</p> <p>Sie hat jetzt 34 Diamanten.</p> <p>Der Dieb hatte ihr 25 Diamanten gestohlen.</p> <p>Wie viele Diamanten hatte die Frau?</p>","53","34 + 25","nc","5","A","I","59","29",""
"html-keyboard-response","30","468889","0.0-16.0-2.4","","119","textaufgaben","","","","<p>Ein Dieb hat einer Frau einige Diamanten gestohlen.</p> <p>Sie hat jetzt 34 Diamanten.</p> <p>Der Dieb hatte ihr 25 Diamanten gestohlen.</p> <p>Wie viele Diamanten hatte die Frau?</p>","57","34 + 25","nc","5","A","I","59","29",""
"html-keyboard-response","31","469892","0.0-16.0-0.5","","null","","","","","+","null","","","","","","","",""
"html-keyboard-response","32","490599","0.0-16.0-1.5","","20706","textaufgaben","","","","<p>Eine Studentin muss W&ouml;rter lernen.</p> <p>Die Studentin hat 53 W&ouml;rtern vergessen.</p> <p>Sie lernt sp&auml;ter 18 andere W&ouml;rter.</p> <p>Wie viele W&ouml;rter m&uuml;sste sie kennen?</p>","49","53 + 18","c","6","A","I","71","33",""
"html-keyboard-response","33","491000","0.0-16.0-2.5","","400","textaufgaben","","","","<p>Eine Studentin muss W&ouml;rter lernen.</p> <p>Die Studentin hat 53 W&ouml;rtern vergessen.</p> <p>Sie lernt sp&auml;ter 18 andere W&ouml;rter.</p> <p>Wie viele W&ouml;rter m&uuml;sste sie kennen?</p>","56","53 + 18","c","6","A","I","71","33",""
"html-keyboard-response","34","492012","0.0-16.0-0.6","","null","","","","","+","null","","","","","","","",""
"html-keyboard-response","35","499025","0.0-16.0-1.6","","7013","textaufgaben","","","","<p>Eine Tennisspielerin spielt Turniere.</p> <p>Sie hat in dieser Saison 29 Spiele gespielt.</p> <p>Sie gewann 13 Spiele.</p> <p>Wie viele Spiele hatte sie verloren?</p>","49","29 - 13","nc","7","S","I","16","39",""
"html-keyboard-response","36","499585","0.0-16.0-2.6","","557","textaufgaben","","","","<p>Eine Tennisspielerin spielt Turniere.</p> <p>Sie hat in dieser Saison 29 Spiele gespielt.</p> <p>Sie gewann 13 Spiele.</p> <p>Wie viele Spiele hatte sie verloren?</p>","54","29 - 13","nc","7","S","I","16","39",""
"html-keyboard-response","37","500587","0.0-16.0-0.7","","null","","","","","+","null","","","","","","","",""
"html-keyboard-response","38","511226","0.0-16.0-1.7","","10637","textaufgaben","","","","<p>Ein paar Freunde suchen Pilze im Wald.</p> <p>Sie haben am Ende 31 Pilze.</p> <p>Sie haben davor 12 Pilze gesammelt.</p> <p>Wie viele Pilze hatten sie am Anfang?</p>","49","31 - 12","c","8","S","I","19","43",""
"html-keyboard-response","39","511736","0.0-16.0-2.7","","509","textaufgaben","","","","<p>Ein paar Freunde suchen Pilze im Wald.</p> <p>Sie haben am Ende 31 Pilze.</p> <p>Sie haben davor 12 Pilze gesammelt.</p> <p>Wie viele Pilze hatten sie am Anfang?</p>","57","31 - 12","c","8","S","I","19","43",""
"html-keyboard-response","40","512751","0.0-16.0-0.8","","null","","","","","+","null","","","","","","","",""
"html-keyboard-response","41","522569","0.0-16.0-1.8","","9816","textaufgaben","","","","<p>Ein paar Freunde suchen Pilze im Wald.</p> <p>Sie sammeln gerade 13 Pilze.</p> <p>Sie hatten 36 Pilze davor.</p> <p>Wie viele Pilze haben sie am Ende?</p>","52","36 + 13","nc","1","A","C","49","2",""
"html-keyboard-response","42","522959","0.0-16.0-2.8","","389","textaufgaben","","","","<p>Ein paar Freunde suchen Pilze im Wald.</p> <p>Sie sammeln gerade 13 Pilze.</p> <p>Sie hatten 36 Pilze davor.</p> <p>Wie viele Pilze haben sie am Ende?</p>","57","36 + 13","nc","1","A","C","49","2",""
"html-keyboard-response","43","523972","0.0-16.0-0.9","","null","","","","","+","null","","","","","","","",""
"html-keyboard-response","44","536817","0.0-16.0-1.9","","12843","textaufgaben","","","","<p>Ein M&auml;dchen sammelt B&uuml;cher.</p> <p>Sie erh&auml;lt 18 B&uuml;cher.</p> <p>Das M&auml;dchen hatte am Anfang 46 B&uuml;cher gehabt.</p> <p>Wie viele B&uuml;cher hat sie am Ende?</p>","54","46 + 18","c","2","A","C","64","11",""
"html-keyboard-response","45","537113","0.0-16.0-2.9","","294","textaufgaben","","","","<p>Ein M&auml;dchen sammelt B&uuml;cher.</p> <p>Sie erh&auml;lt 18 B&uuml;cher.</p> <p>Das M&auml;dchen hatte am Anfang 46 B&uuml;cher gehabt.</p> <p>Wie viele B&uuml;cher hat sie am Ende?</p>","52","46 + 18","c","2","A","C","64","11",""
"html-keyboard-response","46","538122","0.0-16.0-0.10","","null","","","","","+","null","","","","","","","",""
"html-keyboard-response","47","546074","0.0-16.0-1.10","","7951","textaufgaben","","","","<p>Ein Dieb hat einer Frau einige Diamanten gestohlen.</p> <p>Ihr wurden 32 Diamanten gestohlen.</p> <p>Die Frau hatte 53 Diamanten gehabt.</p> <p>Wie viele Diamanten hat sie jetzt?</p>","50","53 - 32","nc","3","S","C","21","18",""
"html-keyboard-response","48","546216","0.0-16.0-2.10","","141","textaufgaben","","","","<p>Ein Dieb hat einer Frau einige Diamanten gestohlen.</p> <p>Ihr wurden 32 Diamanten gestohlen.</p> <p>Die Frau hatte 53 Diamanten gehabt.</p> <p>Wie viele Diamanten hat sie jetzt?</p>","49","53 - 32","nc","3","S","C","21","18",""
"html-keyboard-response","49","547232","0.0-16.0-0.11","","null","","","","","+","null","","","","","","","",""
"html-keyboard-response","50","559601","0.0-16.0-1.11","","12367","textaufgaben","","","","<p>Ein M&auml;dchen sammelt B&uuml;cher.</p> <p>Das M&auml;dchen verschenkt 17 B&uuml;cher.</p> <p>Sie hatte 46 B&uuml;cher  mitgebracht.</p> <p>Wie viele B&uuml;cher hat sie am Ende?</p>","50","46 - 17","c","4","S","C","29","22",""
"html-keyboard-response","51","559968","0.0-16.0-2.11","","367","textaufgaben","","","","<p>Ein M&auml;dchen sammelt B&uuml;cher.</p> <p>Das M&auml;dchen verschenkt 17 B&uuml;cher.</p> <p>Sie hatte 46 B&uuml;cher  mitgebracht.</p> <p>Wie viele B&uuml;cher hat sie am Ende?</p>","57","46 - 17","c","4","S","C","29","22",""
"html-keyboard-response","52","560974","0.0-16.0-0.12","","null","","","","","+","null","","","","","","","",""
"html-keyboard-response","53","568634","0.0-16.0-1.12","","7658","textaufgaben","","","","<p>Einige Leute wurden zur Party eingeladen.</p> <p>72 Leute haben die Party verlassen.</p> <p>Es blieben danach 26 Leute.</p> <p>Wie viele Leute waren zur Party gekommen?</p>","57","72 + 26","nc","5","A","I","98","27",""
"html-keyboard-response","54","568913","0.0-16.0-2.12","","278","textaufgaben","","","","<p>Einige Leute wurden zur Party eingeladen.</p> <p>72 Leute haben die Party verlassen.</p> <p>Es blieben danach 26 Leute.</p> <p>Wie viele Leute waren zur Party gekommen?</p>","56","72 + 26","nc","5","A","I","98","27",""
"html-keyboard-response","55","569932","0.0-16.0-0.13","","null","","","","","+","null","","","","","","","",""
"html-keyboard-response","56","579026","0.0-16.0-1.13","","9094","textaufgaben","","","","<p>Ein paar Freunde suchen Pilze im Wald.</p> <p>Sie werfen gerade 19 giftige Pilze weg.</p> <p>Sie haben 45 Pilze.</p> <p>Wie viele Pilze hatten sie davor?</p>","54","45 + 19","c","6","A","I","64","32",""
"html-keyboard-response","57","579297","0.0-16.0-2.13","","268","textaufgaben","","","","<p>Ein paar Freunde suchen Pilze im Wald.</p> <p>Sie werfen gerade 19 giftige Pilze weg.</p> <p>Sie haben 45 Pilze.</p> <p>Wie viele Pilze hatten sie davor?</p>","52","45 + 19","c","6","A","I","64","32",""
"html-keyboard-response","58","580307","0.0-16.0-0.14","","null","","","","","+","null","","","","","","","",""
"html-keyboard-response","59","618562","0.0-16.0-1.14","","38252","textaufgaben","","","","<p>Eine Marktfrau verkauft &Auml;pfel auf dem Markt.</p> <p>Sie hatte vorher 21 &Auml;pfel geliefert bekommen.</p> <p>Die Marktfrau hat 64 &Auml;pfel.</p> <p>Wie viele &Auml;pfel hatte sie am Anfang?</p>","52","64 - 21","nc","7","S","I","43","42",""
"html-keyboard-response","60","618753","0.0-16.0-2.14","","189","textaufgaben","","","","<p>Eine Marktfrau verkauft &Auml;pfel auf dem Markt.</p> <p>Sie hatte vorher 21 &Auml;pfel geliefert bekommen.</p> <p>Die Marktfrau hat 64 &Auml;pfel.</p> <p>Wie viele &Auml;pfel hatte sie am Anfang?</p>","51","64 - 21","nc","7","S","I","43","42",""
"html-keyboard-response","61","619773","0.0-16.0-0.15","","null","","","","","+","null","","","","","","","",""
"html-keyboard-response","62","630064","0.0-16.0-1.15","","10290","textaufgaben","","","","<p>Eine Studentin muss W&ouml;rter lernen.</p> <p>Die Studentin hat 13 W&ouml;rter gelernt.</p> <p>Sie kennt jetzt 31 W&ouml;rter.</p> <p>Wie viele W&ouml;rter hatte sie am Anfang gekonnt?</p>","49","31 - 13","c","8","S","I","18","45",""
"html-keyboard-response","63","630465","0.0-16.0-2.15","","398","textaufgaben","","","","<p>Eine Studentin muss W&ouml;rter lernen.</p> <p>Die Studentin hat 13 W&ouml;rter gelernt.</p> <p>Sie kennt jetzt 31 W&ouml;rter.</p> <p>Wie viele W&ouml;rter hatte sie am Anfang gekonnt?</p>","56","31 - 13","c","8","S","I","18","45",""
"html-keyboard-response","64","631472","0.0-16.0-0.16","","null","","","","","+","null","","","","","","","",""
"html-keyboard-response","65","650410","0.0-16.0-1.16","","18935","textaufgaben","","","","<p>Ein Dieb hat einer Frau einige Diamanten gestohlen.</p> <p>Nach dem Diebstahl hatte sie 23 Diamanten.</p> <p>Die Polizei findet 15 Diamanten wieder.</p> <p>Wie viele Diamanten hat die Frau am Ende?</p>","51","23 + 15","nc","1","A","C","38","5",""
"html-keyboard-response","66","650728","0.0-16.0-2.16","","318","textaufgaben","","","","<p>Ein Dieb hat einer Frau einige Diamanten gestohlen.</p> <p>Nach dem Diebstahl hatte sie 23 Diamanten.</p> <p>Die Polizei findet 15 Diamanten wieder.</p> <p>Wie viele Diamanten hat die Frau am Ende?</p>","56","23 + 15","nc","1","A","C","38","5",""
"html-keyboard-response","67","651732","0.0-16.0-0.17","","null","","","","","+","null","","","","","","","",""
"html-keyboard-response","68","664674","0.0-16.0-1.17","","12940","textaufgaben","","","","<p>Eine Marktfrau verkauft &Auml;pfel auf dem Markt.</p> <p>Die Marktfrau kam mit 56 &Auml;pfeln.</p> <p>Sie hat 27 &Auml;pfel geliefert bekommen.</p> <p>Wie viele &Auml;pfel hat sie am Ende?</p>","56","56 + 27","c","2","A","C","83","12",""
"html-keyboard-response","69","665136","0.0-16.0-2.17","","461","textaufgaben","","","","<p>Eine Marktfrau verkauft &Auml;pfel auf dem Markt.</p> <p>Die Marktfrau kam mit 56 &Auml;pfeln.</p> <p>Sie hat 27 &Auml;pfel geliefert bekommen.</p> <p>Wie viele &Auml;pfel hat sie am Ende?</p>","51","56 + 27","c","2","A","C","83","12",""
"html-keyboard-response","70","666151","0.0-16.0-0.18","","null","","","","","+","null","","","","","","","",""
"html-keyboard-response","71","671800","0.0-16.0-1.18","","5648","textaufgaben","","","","<p>Ein M&auml;dchen sammelt B&uuml;cher.</p> <p>Das M&auml;dchen hat 28 B&uuml;cher.</p> <p>Sie verschenkt 13 B&uuml;cher an ihre Freunde.</p> <p>Wie viele B&uuml;cher hat sie am Ende?</p>","49","28 - 13","nc","3","S","C","15","17",""
"html-keyboard-response","72","672183","0.0-16.0-2.18","","382","textaufgaben","","","","<p>Ein M&auml;dchen sammelt B&uuml;cher.</p> <p>Das M&auml;dchen hat 28 B&uuml;cher.</p> <p>Sie verschenkt 13 B&uuml;cher an ihre Freunde.</p> <p>Wie viele B&uuml;cher hat sie am Ende?</p>","53","28 - 13","nc","3","S","C","15","17",""
"html-keyboard-response","73","673192","0.0-16.0-0.19","","null","","","","","+","null","","","","","","","",""
"html-keyboard-response","74","678096","0.0-16.0-1.19","","4904","textaufgaben","","","","<p>Einige Leute wurden zur Party eingeladen.</p> <p>41 Leute sind zur Party gekommen.</p> <p>25 Leute haben die Party fr&uuml;her verlassen.</p> <p>Wie viele Leute sind jetzt auf der Party?</p>","49","41 - 25","c","4","S","C","16","23",""
"html-keyboard-response","75","678513","0.0-16.0-2.19","","414","textaufgaben","","","","<p>Einige Leute wurden zur Party eingeladen.</p> <p>41 Leute sind zur Party gekommen.</p> <p>25 Leute haben die Party fr&uuml;her verlassen.</p> <p>Wie viele Leute sind jetzt auf der Party?</p>","54","41 - 25","c","4","S","C","16","23",""
"html-keyboard-response","76","679531","0.0-16.0-0.20","","null","","","","","+","null","","","","","","","",""
"html-keyboard-response","77","685279","0.0-16.0-1.20","","5746","textaufgaben","","","","<p>Eine Marktfrau verkauft &Auml;pfel auf dem Markt.</p> <p>Die Marktfrau verkauft 13 &Auml;pfel.</p> <p>Sie hat danach 36 &Auml;pfel.</p> <p>Wie viele &Auml;pfel hatte sie am Anfang?</p>","52","36 + 13","nc","5","A","I","49","26",""
"html-keyboard-response","78","685657","0.0-16.0-2.20","","377","textaufgaben","","","","<p>Eine Marktfrau verkauft &Auml;pfel auf dem Markt.</p> <p>Die Marktfrau verkauft 13 &Auml;pfel.</p> <p>Sie hat danach 36 &Auml;pfel.</p> <p>Wie viele &Auml;pfel hatte sie am Anfang?</p>","57","36 + 13","nc","5","A","I","49","26",""
"html-keyboard-response","79","686662","0.0-16.0-0.21","","null","","","","","+","null","","","","","","","",""
"html-keyboard-response","80","694160","0.0-16.0-1.21","","7496","textaufgaben","","","","<p>Eine Marktfrau verkauft &Auml;pfel auf dem Markt.</p> <p>Sie hat jetzt 38 &Auml;pfel.</p> <p>Die Marktfrau hatte davor 26 &Auml;pfel verkauft.</p> <p>Wie viele &Auml;pfel hatte sie am Anfang?</p>","54","38 + 26","c","6","A","I","64","35",""
"html-keyboard-response","81","694399","0.0-16.0-2.21","","238","textaufgaben","","","","<p>Eine Marktfrau verkauft &Auml;pfel auf dem Markt.</p> <p>Sie hat jetzt 38 &Auml;pfel.</p> <p>Die Marktfrau hatte davor 26 &Auml;pfel verkauft.</p> <p>Wie viele &Auml;pfel hatte sie am Anfang?</p>","52","38 + 26","c","6","A","I","64","35",""
"html-keyboard-response","82","695422","0.0-16.0-0.22","","null","","","","","+","null","","","","","","","",""
"html-keyboard-response","83","766210","0.0-16.0-1.22","","70786","textaufgaben","","","","<p>Eine Studentin muss W&ouml;rter lernen.</p> <p>Die Studentin hat 42 W&ouml;rter gelernt.</p> <p>Sie kennt jetzt 68 W&ouml;rter.</p> <p>Wie viele W&ouml;rter hatte sie am Anfang gekonnt?</p>","50","68 - 42","nc","7","S","I","26","40",""
"html-keyboard-response","84","766518","0.0-16.0-2.22","","307","textaufgaben","","","","<p>Eine Studentin muss W&ouml;rter lernen.</p> <p>Die Studentin hat 42 W&ouml;rter gelernt.</p> <p>Sie kennt jetzt 68 W&ouml;rter.</p> <p>Wie viele W&ouml;rter hatte sie am Anfang gekonnt?</p>","54","68 - 42","nc","7","S","I","26","40",""
"html-keyboard-response","85","767532","0.0-16.0-0.23","","null","","","","","+","null","","","","","","","",""
"html-keyboard-response","86","776569","0.0-16.0-1.23","","9036","textaufgaben","","","","<p>Ein Mann spart Geld f&uuml;r einige Anschaffungen.</p> <p>Er verdient heute 19 Euro.</p> <p>Er hat jetzt 37 Euro.</p> <p>Wie viel Geld hatte er am Anfang?</p>","49","37 - 19","c","8","S","I","18","44",""
"html-keyboard-response","87","776936","0.0-16.0-2.23","","366","textaufgaben","","","","<p>Ein Mann spart Geld f&uuml;r einige Anschaffungen.</p> <p>Er verdient heute 19 Euro.</p> <p>Er hat jetzt 37 Euro.</p> <p>Wie viel Geld hatte er am Anfang?</p>","56","37 - 19","c","8","S","I","18","44",""
"html-keyboard-response","88","777952","0.0-16.0-0.24","","null","","","","","+","null","","","","","","","",""
"html-keyboard-response","89","785889","0.0-16.0-1.24","","7936","textaufgaben","","","","<p>Ein M&auml;dchen sammelt B&uuml;cher.</p> <p>Sie hat 35 B&uuml;cher erhalten.</p> <p>Das M&auml;dchen hatte davor 54 B&uuml;cher.</p> <p>Wie viele B&uuml;cher hat sie am Ende?</p>","56","54 + 35","nc","1","A","C","89","4",""
"html-keyboard-response","90","786313","0.0-16.0-2.24","","421","textaufgaben","","","","<p>Ein M&auml;dchen sammelt B&uuml;cher.</p> <p>Sie hat 35 B&uuml;cher erhalten.</p> <p>Das M&auml;dchen hatte davor 54 B&uuml;cher.</p> <p>Wie viele B&uuml;cher hat sie am Ende?</p>","57","54 + 35","nc","1","A","C","89","4",""
"html-keyboard-response","91","787327","0.0-16.0-0.25","","null","","","","","+","null","","","","","","","",""
"html-keyboard-response","92","798760","0.0-16.0-1.25","","11434","textaufgaben","","","","<p>Eine Tennisspielerin spielt Turniere.</p> <p>Sie hat 16 Spiele in dieser Saison gewonnen.</p> <p>Sie hat vor dieser Saison 25 Spiele gewonnen.</p> <p>Wie viele Spiele hat sie in ihrer Karriere gewonnen?</p>","52","25 + 16","c","2","A","C","41","10",""
"html-keyboard-response","93","799095","0.0-16.0-2.25","","333","textaufgaben","","","","<p>Eine Tennisspielerin spielt Turniere.</p> <p>Sie hat 16 Spiele in dieser Saison gewonnen.</p> <p>Sie hat vor dieser Saison 25 Spiele gewonnen.</p> <p>Wie viele Spiele hat sie in ihrer Karriere gewonnen?</p>","49","25 + 16","c","2","A","C","41","10",""
"html-keyboard-response","94","800102","0.0-16.0-0.26","","null","","","","","+","null","","","","","","","",""
"html-keyboard-response","95","822113","0.0-16.0-1.26","","22009","textaufgaben","","","","<p>Ein Mann spart Geld f&uuml;r einige Anschaffungen.</p> <p>Er hatte 37 Euro gehabt.</p> <p>Er hat 14 Euro ausgegeben.</p> <p>Wie viel Geld hat er am Ende?</p>","50","37 - 14","nc","3","S","C","23","25",""
"html-keyboard-response","96","822248","0.0-16.0-2.26","","135","textaufgaben","","","","<p>Ein Mann spart Geld f&uuml;r einige Anschaffungen.</p> <p>Er hatte 37 Euro gehabt.</p> <p>Er hat 14 Euro ausgegeben.</p> <p>Wie viel Geld hat er am Ende?</p>","51","37 - 14","nc","3","S","C","23","25",""
"html-keyboard-response","97","823262","0.0-16.0-0.27","","null","","","","","+","null","","","","","","","",""
"html-keyboard-response","98","831793","0.0-16.0-1.27","","8530","textaufgaben","","","","<p>Eine Marktfrau verkauft &Auml;pfel auf dem Markt.</p> <p>Die Marktfrau kam mit 37 &Auml;pfeln.</p> <p>Sie verkauft 19 &Auml;pfel.</p> <p>Wie viele &Auml;pfel hat sie am Ende?</p>","49","37 - 19","c","4","S","C","18","20",""
"html-keyboard-response","99","832257","0.0-16.0-2.27","","462","textaufgaben","","","","<p>Eine Marktfrau verkauft &Auml;pfel auf dem Markt.</p> <p>Die Marktfrau kam mit 37 &Auml;pfeln.</p> <p>Sie verkauft 19 &Auml;pfel.</p> <p>Wie viele &Auml;pfel hat sie am Ende?</p>","56","37 - 19","c","4","S","C","18","20",""
"html-keyboard-response","100","833273","0.0-16.0-0.28","","null","","","","","+","null","","","","","","","",""
"html-keyboard-response","101","840834","0.0-16.0-1.28","","7560","textaufgaben","","","","<p>Ein Mann spart Geld f&uuml;r einige Anschaffungen.</p> <p>Er hat jetzt 13 Euro.</p> <p>Er hat davor 65 Euro ausgegeben.</p> <p>Wie viel Geld hatte der Mann?</p>","55","65 + 13","nc","5","A","I","78","30",""
"html-keyboard-response","102","841113","0.0-16.0-2.28","","278","textaufgaben","","","","<p>Ein Mann spart Geld f&uuml;r einige Anschaffungen.</p> <p>Er hat jetzt 13 Euro.</p> <p>Er hat davor 65 Euro ausgegeben.</p> <p>Wie viel Geld hatte der Mann?</p>","56","65 + 13","nc","5","A","I","78","30",""
"html-keyboard-response","103","842133","0.0-16.0-0.29","","null","","","","","+","null","","","","","","","",""
"html-keyboard-response","104","858207","0.0-16.0-1.29","","16073","textaufgaben","","","","<p>Ein Mann spart Geld f&uuml;r einige Anschaffungen.</p> <p>Er gibt 19 Euro aus.</p> <p>Er hat jetzt 27 Euro.</p> <p>Wie viel Geld hatte der Mann?</p>","52","27 + 19","c","6","A","I","42","31",""
"html-keyboard-response","105","858711","0.0-16.0-2.29","","503","textaufgaben","","","","<p>Ein Mann spart Geld f&uuml;r einige Anschaffungen.</p> <p>Er gibt 19 Euro aus.</p> <p>Er hat jetzt 27 Euro.</p> <p>Wie viel Geld hatte der Mann?</p>","56","27 + 19","c","6","A","I","42","31",""
"html-keyboard-response","106","859732","0.0-16.0-0.30","","null","","","","","+","null","","","","","","","",""
"html-keyboard-response","107","867648","0.0-16.0-1.30","","7915","textaufgaben","","","","<p>Ein Dieb hat einer Frau einige Diamanten gestohlen.</p> <p>Die Polizei hat 13 Diamanten wiedergefunden.</p> <p>Der Dieb hatte ihr 37 Diamanten gestohlen.</p> <p>Wie viele Diamanten muss die Polizei noch finden?</p>","50","37 - 13","nc","7","S","I","14","38",""
"html-keyboard-response","108","868145","0.0-16.0-2.30","","494","textaufgaben","","","","<p>Ein Dieb hat einer Frau einige Diamanten gestohlen.</p> <p>Die Polizei hat 13 Diamanten wiedergefunden.</p> <p>Der Dieb hatte ihr 37 Diamanten gestohlen.</p> <p>Wie viele Diamanten muss die Polizei noch finden?</p>","52","37 - 13","nc","7","S","I","14","38",""
"html-keyboard-response","109","869151","0.0-16.0-0.31","","null","","","","","+","null","","","","","","","",""
"html-keyboard-response","110","875881","0.0-16.0-1.31","","6729","textaufgaben","","","","<p>Ein M&auml;dchen sammelt B&uuml;cher.</p> <p>Das M&auml;dchen erh&auml;lt 45 B&uuml;cher.</p> <p>Sie hat danach 74 B&uuml;cher.</p> <p>Wie viele B&uuml;cher hatte sie am Anfang?</p>","50","74 - 45","c","8","S","I","29","48",""
"html-keyboard-response","111","876265","0.0-16.0-2.31","","381","textaufgaben","","","","<p>Ein M&auml;dchen sammelt B&uuml;cher.</p> <p>Das M&auml;dchen erh&auml;lt 45 B&uuml;cher.</p> <p>Sie hat danach 74 B&uuml;cher.</p> <p>Wie viele B&uuml;cher hatte sie am Anfang?</p>","57","74 - 45","c","8","S","I","29","48",""
"html-keyboard-response","112","877272","0.0-16.0-0.32","","null","","","","","+","null","","","","","","","",""
"html-keyboard-response","113","883113","0.0-16.0-1.32","","5839","textaufgaben","","","","<p>Eine Studentin muss W&ouml;rter lernen.</p> <p>Die Studentin kannte 52 W&ouml;rter.</p> <p>Sie lernte gerade 26 W&ouml;rter.</p> <p>Wie viele W&ouml;rter kennt die Studentin am Ende?</p>","55","52 + 26","nc","1","A","C","78","3",""
"html-keyboard-response","114","883353","0.0-16.0-2.32","","239","textaufgaben","","","","<p>Eine Studentin muss W&ouml;rter lernen.</p> <p>Die Studentin kannte 52 W&ouml;rter.</p> <p>Sie lernte gerade 26 W&ouml;rter.</p> <p>Wie viele W&ouml;rter kennt die Studentin am Ende?</p>","56","52 + 26","nc","1","A","C","78","3",""
"html-keyboard-response","115","884373","0.0-16.0-0.33","","null","","","","","+","null","","","","","","","",""
"html-keyboard-response","116","889303","0.0-16.0-1.33","","4928","textaufgaben","","","","<p>Eine Studentin muss W&ouml;rter lernen.</p> <p>Die Studentin kannte 43 W&ouml;rter.</p> <p>Sie hat gerade 19 W&ouml;rter gelernt.</p> <p>Wie viele W&ouml;rter kennt die Studentin am Ende?</p>","54","43 + 19","c","2","A","C","62","7",""
"html-keyboard-response","117","889793","0.0-16.0-2.33","","491","textaufgaben","","","","<p>Eine Studentin muss W&ouml;rter lernen.</p> <p>Die Studentin kannte 43 W&ouml;rter.</p> <p>Sie hat gerade 19 W&ouml;rter gelernt.</p> <p>Wie viele W&ouml;rter kennt die Studentin am Ende?</p>","50","43 + 19","c","2","A","C","62","7",""
"html-keyboard-response","118","890812","0.0-16.0-0.34","","null","","","","","+","null","","","","","","","",""
"html-keyboard-response","119","899241","0.0-16.0-1.34","","8428","textaufgaben","","","","<p>Eine Studentin muss W&ouml;rter lernen.</p> <p>Die Studentin vergisst 12 W&ouml;rter.</p> <p>Sie hat am Anfang 58 W&ouml;rter gelernt.</p> <p>Wie viele W&ouml;rter hat sie richtig gelernt?</p>","52","58 - 12","nc","3","S","C","46","14",""
"html-keyboard-response","120","899521","0.0-16.0-2.34","","277","textaufgaben","","","","<p>Eine Studentin muss W&ouml;rter lernen.</p> <p>Die Studentin vergisst 12 W&ouml;rter.</p> <p>Sie hat am Anfang 58 W&ouml;rter gelernt.</p> <p>Wie viele W&ouml;rter hat sie richtig gelernt?</p>","54","58 - 12","nc","3","S","C","46","14",""
"html-keyboard-response","121","900532","0.0-16.0-0.35","","null","","","","","+","null","","","","","","","",""
"html-keyboard-response","122","911337","0.0-16.0-1.35","","10804","textaufgaben","","","","<p>Ein Dieb hat einer Frau einige Diamanten gestohlen.</p> <p>Der Dieb hat ihr 16 Diamanten gestohlen.</p> <p>Sie hatte am Anfang 41 Diamanten gehabt.</p> <p>Wie viele Diamanten hat sie jetzt?</p>","50","41 - 16","c","4","S","C","25","19",""
"html-keyboard-response","123","911752","0.0-16.0-2.35","","415","textaufgaben","","","","<p>Ein Dieb hat einer Frau einige Diamanten gestohlen.</p> <p>Der Dieb hat ihr 16 Diamanten gestohlen.</p> <p>Sie hatte am Anfang 41 Diamanten gehabt.</p> <p>Wie viele Diamanten hat sie jetzt?</p>","53","41 - 16","c","4","S","C","25","19",""
"html-keyboard-response","124","912772","0.0-16.0-0.36","","null","","","","","+","null","","","","","","","",""
"html-keyboard-response","125","918553","0.0-16.0-1.36","","5777","textaufgaben","","","","<p>Eine Tennisspielerin spielt Turniere.</p> <p>Sie hatte fr&uuml;her 23 Spiele verloren.</p> <p>Sie hat 14 Spiele in dieser Saison verloren.</p> <p>Wie viele Spiele hat sie in ihrer Karriere verloren?</p>","51","23 + 14","nc","5","A","I","37","28",""
"html-keyboard-response","126","919118","0.0-16.0-2.36","","564","textaufgaben","","","","<p>Eine Tennisspielerin spielt Turniere.</p> <p>Sie hatte fr&uuml;her 23 Spiele verloren.</p> <p>Sie hat 14 Spiele in dieser Saison verloren.</p> <p>Wie viele Spiele hat sie in ihrer Karriere verloren?</p>","55","23 + 14","nc","5","A","I","37","28",""
"html-keyboard-response","127","920122","0.0-16.0-0.37","","null","","","","","+","null","","","","","","","",""
"html-keyboard-response","128","930401","0.0-16.0-1.37","","10276","textaufgaben","","","","<p>Ein M&auml;dchen sammelt B&uuml;cher.</p> <p>Das M&auml;dchen verschenkt 25 B&uuml;cher.</p> <p>Sie hat danach 17 B&uuml;cher.</p> <p>Wie viele B&uuml;cher hatte sie am Anfang?</p>","52","25 + 17","c","6","A","I","42","34",""
"html-keyboard-response","129","930713","0.0-16.0-2.37","","309","textaufgaben","","","","<p>Ein M&auml;dchen sammelt B&uuml;cher.</p> <p>Das M&auml;dchen verschenkt 25 B&uuml;cher.</p> <p>Sie hat danach 17 B&uuml;cher.</p> <p>Wie viele B&uuml;cher hatte sie am Anfang?</p>","50","25 + 17","c","6","A","I","42","34",""
"html-keyboard-response","130","931732","0.0-16.0-0.38","","null","","","","","+","null","","","","","","","",""
"html-keyboard-response","131","936992","0.0-16.0-1.38","","5259","textaufgaben","","","","<p>Einige Leute wurden zur Party eingeladen.</p> <p>Es sind 25 Leute auf der Party.</p> <p>12 Leute sind sp&auml;ter gekommen.</p> <p>Wie viele Leute waren am Anfang auf der Party?</p>","49","25 - 12","nc","7","S","I","13","37",""
"html-keyboard-response","132","937257","0.0-16.0-2.38","","265","textaufgaben","","","","<p>Einige Leute wurden zur Party eingeladen.</p> <p>Es sind 25 Leute auf der Party.</p> <p>12 Leute sind sp&auml;ter gekommen.</p> <p>Wie viele Leute waren am Anfang auf der Party?</p>","51","25 - 12","nc","7","S","I","13","37",""
"html-keyboard-response","133","938262","0.0-16.0-0.39","","null","","","","","+","null","","","","","","","",""
"html-keyboard-response","134","944617","0.0-16.0-1.39","","6353","textaufgaben","","","","<p>Ein Dieb hat einer Frau einige Diamanten gestohlen.</p> <p>Der Dieb hatte ihr 54 Diamanten gestohlen.</p> <p>Die Polizei findet 28 Diamanten wieder.</p> <p>Wie viele Diamanten muss die Polizei noch finden?</p>","50","54 - 28","c","8","S","I","26","46",""
"html-keyboard-response","135","945328","0.0-16.0-2.39","","710","textaufgaben","","","","<p>Ein Dieb hat einer Frau einige Diamanten gestohlen.</p> <p>Der Dieb hatte ihr 54 Diamanten gestohlen.</p> <p>Die Polizei findet 28 Diamanten wieder.</p> <p>Wie viele Diamanten muss die Polizei noch finden?</p>","54","54 - 28","c","8","S","I","26","46",""
"html-keyboard-response","136","946332","0.0-16.0-0.40","","null","","","","","+","null","","","","","","","",""
"html-keyboard-response","137","958233","0.0-16.0-1.40","","11900","textaufgaben","","","","<p>Einige Leute wurden zur Party eingeladen.</p> <p>12 Leute sind sp&auml;ter gekommen.</p> <p>Es waren davor 75 Leute auf der Party.</p> <p>Wie viele Leute waren am Ende auf der Party?</p>","55","75 + 12","nc","1","A","C","87","6",""
"html-keyboard-response","138","958528","0.0-16.0-2.40","","294","textaufgaben","","","","<p>Einige Leute wurden zur Party eingeladen.</p> <p>12 Leute sind sp&auml;ter gekommen.</p> <p>Es waren davor 75 Leute auf der Party.</p> <p>Wie viele Leute waren am Ende auf der Party?</p>","56","75 + 12","nc","1","A","C","87","6",""
"html-keyboard-response","139","959531","0.0-16.0-0.41","","null","","","","","+","null","","","","","","","",""
"html-keyboard-response","140","966417","0.0-16.0-1.41","","6884","textaufgaben","","","","<p>Einige Leute wurden zur Party eingeladen.</p> <p>19 Leute sind sp&auml;ter gekommen.</p> <p>Es waren anfangs 24 Leute auf der Party.</p> <p>Wie viele Leute waren am Ende auf der Party?</p>","52","24 + 19","c","2","A","C","43","8",""
"html-keyboard-response","141","966608","0.0-16.0-2.41","","192","textaufgaben","","","","<p>Einige Leute wurden zur Party eingeladen.</p> <p>19 Leute sind sp&auml;ter gekommen.</p> <p>Es waren anfangs 24 Leute auf der Party.</p> <p>Wie viele Leute waren am Ende auf der Party?</p>","51","24 + 19","c","2","A","C","43","8",""
"html-keyboard-response","142","967612","0.0-16.0-0.42","","null","","","","","+","null","","","","","","","",""
"html-keyboard-response","143","972088","0.0-16.0-1.42","","4477","textaufgaben","","","","<p>Eine Marktfrau verkauft &Auml;pfel auf dem Markt.</p> <p>Die Marktfrau verkauft 13 &Auml;pfel.</p> <p>Sie hatte 25 &Auml;pfel mitgebracht.</p> <p>Wie viele &Auml;pfel hat sie am Ende?</p>","49","25 - 13","nc","3","S","C","12","13",""
"html-keyboard-response","144","972313","0.0-16.0-2.42","","221","textaufgaben","","","","<p>Eine Marktfrau verkauft &Auml;pfel auf dem Markt.</p> <p>Die Marktfrau verkauft 13 &Auml;pfel.</p> <p>Sie hatte 25 &Auml;pfel mitgebracht.</p> <p>Wie viele &Auml;pfel hat sie am Ende?</p>","50","25 - 13","nc","3","S","C","12","13",""
"html-keyboard-response","145","973321","0.0-16.0-0.43","","null","","","","","+","null","","","","","","","",""
"html-keyboard-response","146","978353","0.0-16.0-1.43","","5028","textaufgaben","","","","<p>Eine Tennisspielerin spielt Turniere.</p> <p>Sie verlor 18 Spiele.</p> <p>Sie hat in dieser Saison 34 Spiele gespielt.</p> <p>Wie viele Spiele hat sie gewonnen?</p>","50","34 - 18","c","4","S","C","16","21",""
"html-keyboard-response","147","979624","0.0-16.0-2.43","","1271","textaufgaben","","","","<p>Eine Tennisspielerin spielt Turniere.</p> <p>Sie verlor 18 Spiele.</p> <p>Sie hat in dieser Saison 34 Spiele gespielt.</p> <p>Wie viele Spiele hat sie gewonnen?</p>","54","34 - 18","c","4","S","C","16","21",""
"html-keyboard-response","148","980627","0.0-16.0-0.44","","null","","","","","+","null","","","","","","","",""
"html-keyboard-response","149","986193","0.0-16.0-1.44","","5564","textaufgaben","","","","<p>Ein paar Freunde suchen Pilze im Wald.</p> <p>Sie werfen gerade 23 giftige Pilze weg.</p> <p>Sie haben 31 Pilze &uuml;brig.</p> <p>Wie viele Pilze hatten sie fr&uuml;her?</p>","53","31 + 23","nc","5","A","I","54","25",""
"html-keyboard-response","150","986400","0.0-16.0-2.44","","205","textaufgaben","","","","<p>Ein paar Freunde suchen Pilze im Wald.</p> <p>Sie werfen gerade 23 giftige Pilze weg.</p> <p>Sie haben 31 Pilze &uuml;brig.</p> <p>Wie viele Pilze hatten sie fr&uuml;her?</p>","52","31 + 23","nc","5","A","I","54","25",""
"html-keyboard-response","151","987401","0.0-16.0-0.45","","null","","","","","+","null","","","","","","","",""
"html-keyboard-response","152","1081170","0.0-16.0-1.45","","93766","textaufgaben","","","","<p>Eine Tennisspielerin spielt Turniere.</p> <p>Sie hat in dieser Saison 17 Spiele verloren.</p> <p>Sie hatte fr&uuml;her 76 Spiele verloren.</p> <p>Wie viele Spiele hat sie in ihrer Karriere verloren?</p>","57","76 + 17","c","6","A","I","93","36",""
"html-keyboard-response","153","1081567","0.0-16.0-2.45","","395","textaufgaben","","","","<p>Eine Tennisspielerin spielt Turniere.</p> <p>Sie hat in dieser Saison 17 Spiele verloren.</p> <p>Sie hatte fr&uuml;her 76 Spiele verloren.</p> <p>Wie viele Spiele hat sie in ihrer Karriere verloren?</p>","51","76 + 17","c","6","A","I","93","36",""
"html-keyboard-response","154","1082581","0.0-16.0-0.46","","null","","","","","+","null","","","","","","","",""
"html-keyboard-response","155","1088705","0.0-16.0-1.46","","6122","textaufgaben","","","","<p>Ein Mann spart Geld f&uuml;r einige Anschaffungen.</p> <p>Er hat jetzt 37 Euro.</p> <p>Er hatte 24 Euro verdient.</p> <p>Wie viel Geld hatte er am Anfang?</p>","49","37 - 24","nc","7","S","I","13","41",""
"html-keyboard-response","156","1089074","0.0-16.0-2.46","","368","textaufgaben","","","","<p>Ein Mann spart Geld f&uuml;r einige Anschaffungen.</p> <p>Er hat jetzt 37 Euro.</p> <p>Er hatte 24 Euro verdient.</p> <p>Wie viel Geld hatte er am Anfang?</p>","51","37 - 24","nc","7","S","I","13","41",""
"html-keyboard-response","157","1090091","0.0-16.0-0.47","","null","","","","","+","null","","","","","","","",""
"html-keyboard-response","158","1103433","0.0-16.0-1.47","","13341","textaufgaben","","","","<p>Einige Leute wurden zur Party eingeladen.</p> <p>Am Ende sind 41 Leute auf der Party.</p> <p>18 Leute sind davor zur Party gekommen.</p> <p>Wie viele Leute waren am Anfang auf der Party?</p>","50","41 - 18","c","8","S","I","23","47",""
"html-keyboard-response","159","1103585","0.0-16.0-2.47","","150","textaufgaben","","","","<p>Einige Leute wurden zur Party eingeladen.</p> <p>Am Ende sind 41 Leute auf der Party.</p> <p>18 Leute sind davor zur Party gekommen.</p> <p>Wie viele Leute waren am Anfang auf der Party?</p>","51","41 - 18","c","8","S","I","23","47",""
"html-keyboard-response","160","1106623","0.0-17.0","","3038","","","","","Die Aufgabe ist vorbei. Bitte dr&uuml;cken Sie eine Taste um fortzufahren!","72","","","","","","","",""
"instructions","161","1165254","0.0-18.0","","","instruktion_Rechenaufgaben","","","","","","","","","","","","","Sie haben alle Aufgaben vor Ende der Zeit erledigt!"
