"trial_type","trial_index","time_elapsed","internal_node_id","view_history","rt","test_part","responses","question_order","success","stimulus","key_press","task","type","condition","operation","consistency","correct_response","task_id"
"pavlovia","0","8","0.0-0.0","","","","","","","","","","","","","","",""
"instructions","1","10778","0.0-1.0","[{""page_index"":0,""viewing_time"":8003},{""page_index"":1,""viewing_time"":2765}]","10769","teilnehmerinfo","","","","","","","","","","","",""
"survey-multi-select","2","14963","0.0-2.0","","4183","Einverstaendniserklaerung","{""einverstaendnis;"":[""Ich erkl&auml;re mich damit einverstanden, an der Studie teilzunehmen!""]}","[0]","","","","","","","","","",""
"fullscreen","3","51552","0.0-3.0","","","","","","true","","","","","","","","",""
"survey-text","4","56668","0.0-4.0","","5100.999999999993","demoFragen_Seite_1","{""Alter"":""19""}","","","","","","","","","","",""
"survey-multi-choice","5","66399","0.0-5.0","","9727","demoFragen_Seite_2","{""handedneß"":"" linkshändig "",""sex"":"" weiblich "",""firstlanguage"":"" ja "",""ethnic"":"" Weiß ""}","[0,1,2,3]","","","","","","","","","",""
"survey-multi-choice","6","82040","0.0-6.0","","15639","demoFragen_Seite_3","{""legasthenie"":"" nein "",""dyskalkulie"":"" nein "",""student"":"" ja "",""beschäftigung"":"" keine Beschäftigung ""}","[0,1,2,3]","","","","","","","","","",""
"survey-multi-choice","7","105435","0.0-7.0","","23391","demoFragen_Seite_4","{""bildung"":"" Fachhoch-/Hochschulreife "",""educationmath"":"" mittel (z.B. Wirtschaft, Management, Medizin, Psychologie, Biologie, Chemie) "",""workmath"":"" keine Angabe ""}","[0,1,2]","","","","","","","","","",""
"instructions","8","112611","0.0-8.0","[{""page_index"":0,""viewing_time"":7174.999999999985}]","7175.999999999985","Instruktion_GAD","","","","","","","","","","","",""
"survey-likert","9","167202","0.0-9.0","","54584","GAD","{""GADa"":2,""GADb"":2,""GADc"":2,""GADd"":3,""GADe"":1,""GADf"":1,""GADg"":3}","[0,1,2,3,4,5,6]","","","","","","","","","",""
"instructions","10","169288","0.0-10.0","[{""page_index"":0,""viewing_time"":2084.000000000029}]","2085","Instruktion_STAI","","","","","","","","","","","",""
"survey-likert","11","180761","0.0-11.0","","11470","STAI","{""STAI1"":1,""STAI2"":0,""STAI3"":0,""STAI4"":0,""STAI5"":0}","[0,1,2,3,4]","","","","","","","","","",""
"instructions","12","182146","0.0-12.0","[{""page_index"":0,""viewing_time"":1383}]","1384","Instruktion_AMAS","","","","","","","","","","","",""
"survey-likert","13","208662","0.0-13.0","","26512","AMAS","{""AMAS1"":0,""AMAS2"":4,""AMAS3"":3,""AMAS4"":4,""AMAS5"":3,""AMAS6"":2,""AMAS7"":4,""AMAS8"":4,""AMAS9"":4}","[0,1,2,3,4,5,6,7,8]","","","","","","","","","",""
"instructions","14","218328","0.0-14.0","[{""page_index"":0,""viewing_time"":9664.99999999997}]","9664.99999999997","Instruktion_TEXT","","","","","","","","","","","",""
"instructions","15","222517","0.0-15.0","[{""page_index"":0,""viewing_time"":4188}]","4188","Instruktion_TEXT_Beispiel","","","","","","","","","","","",""
"html-keyboard-response","16","223521","0.0-16.0-0.0","","null","","","","","+","null","","","","","","",""
"html-keyboard-response","17","246435","0.0-16.0-1.0","","22912","textaufgaben","","","","<p>Ein M&auml;dchen sammelt B&uuml;cher.</p> <p>Sie hat 35 B&uuml;cher erhalten.</p> <p>Das M&auml;dchen hatte davor 54 B&uuml;cher.</p> <p>Wie viele B&uuml;cher hat sie am Ende?</p>","56","54 + 35","nc","1","A","C","89","4"
"html-keyboard-response","18","246614","0.0-16.0-2.0","","177","textaufgaben","","","","<p>Ein M&auml;dchen sammelt B&uuml;cher.</p> <p>Sie hat 35 B&uuml;cher erhalten.</p> <p>Das M&auml;dchen hatte davor 54 B&uuml;cher.</p> <p>Wie viele B&uuml;cher hat sie am Ende?</p>","57","54 + 35","nc","1","A","C","89","4"
"html-keyboard-response","19","247617","0.0-16.0-0.1","","null","","","","","+","null","","","","","","",""
"html-keyboard-response","20","256834","0.0-16.0-1.1","","9216.00000000003","textaufgaben","","","","<p>Ein paar Freunde suchen Pilze im Wald.</p> <p>Sie hatten 67 Pilze.</p> <p>Sie sammeln 15 Pilzen.</p> <p>Wie viele Pilze haben sie am Ende?</p>","56","67 + 15","c","2","A","C","82","9"
"html-keyboard-response","21","256951","0.0-16.0-2.1","","115.0000000000291","textaufgaben","","","","<p>Ein paar Freunde suchen Pilze im Wald.</p> <p>Sie hatten 67 Pilze.</p> <p>Sie sammeln 15 Pilzen.</p> <p>Wie viele Pilze haben sie am Ende?</p>","50","67 + 15","c","2","A","C","82","9"
"html-keyboard-response","22","257953","0.0-16.0-0.2","","null","","","","","+","null","","","","","","",""
"html-keyboard-response","23","259845","0.0-16.0-1.2","","1891.000000000029","textaufgaben","","","","<p>Eine Marktfrau verkauft &Auml;pfel auf dem Markt.</p> <p>Die Marktfrau verkauft 13 &Auml;pfel.</p> <p>Sie hatte 25 &Auml;pfel mitgebracht.</p> <p>Wie viele &Auml;pfel hat sie am Ende?</p>","55","25 - 13","nc","3","S","C","12","13"
"html-keyboard-response","24","259933","0.0-16.0-2.2","","87","textaufgaben","","","","<p>Eine Marktfrau verkauft &Auml;pfel auf dem Markt.</p> <p>Die Marktfrau verkauft 13 &Auml;pfel.</p> <p>Sie hatte 25 &Auml;pfel mitgebracht.</p> <p>Wie viele &Auml;pfel hat sie am Ende?</p>","51","25 - 13","nc","3","S","C","12","13"
"html-keyboard-response","25","260935","0.0-16.0-0.3","","null","","","","","+","null","","","","","","",""
"html-keyboard-response","26","261412","0.0-16.0-1.3","","476","textaufgaben","","","","<p>Ein Dieb hat einer Frau einige Diamanten gestohlen.</p> <p>Der Dieb hat ihr 16 Diamanten gestohlen.</p> <p>Sie hatte am Anfang 41 Diamanten gehabt.</p> <p>Wie viele Diamanten hat sie jetzt?</p>","56","41 - 16","c","4","S","C","25","19"
"html-keyboard-response","27","261528","0.0-16.0-2.3","","114","textaufgaben","","","","<p>Ein Dieb hat einer Frau einige Diamanten gestohlen.</p> <p>Der Dieb hat ihr 16 Diamanten gestohlen.</p> <p>Sie hatte am Anfang 41 Diamanten gehabt.</p> <p>Wie viele Diamanten hat sie jetzt?</p>","52","41 - 16","c","4","S","C","25","19"
"html-keyboard-response","28","262530","0.0-16.0-0.4","","null","","","","","+","null","","","","","","",""
"html-keyboard-response","29","262933","0.0-16.0-1.4","","402","textaufgaben","","","","<p>Eine Tennisspielerin spielt Turniere.</p> <p>Sie hatte fr&uuml;her 23 Spiele verloren.</p> <p>Sie hat 14 Spiele in dieser Saison verloren.</p> <p>Wie viele Spiele hat sie in ihrer Karriere verloren?</p>","57","23 + 14","nc","5","A","I","37","28"
"html-keyboard-response","30","263038","0.0-16.0-2.4","","104","textaufgaben","","","","<p>Eine Tennisspielerin spielt Turniere.</p> <p>Sie hatte fr&uuml;her 23 Spiele verloren.</p> <p>Sie hat 14 Spiele in dieser Saison verloren.</p> <p>Wie viele Spiele hat sie in ihrer Karriere verloren?</p>","51","23 + 14","nc","5","A","I","37","28"
"html-keyboard-response","31","264040","0.0-16.0-0.5","","null","","","","","+","null","","","","","","",""
"html-keyboard-response","32","264447","0.0-16.0-1.5","","405","textaufgaben","","","","<p>Ein Mann spart Geld f&uuml;r einige Anschaffungen.</p> <p>Er gibt 19 Euro aus.</p> <p>Er hat jetzt 27 Euro.</p> <p>Wie viel Geld hatte der Mann?</p>","53","27 + 19","c","6","A","I","42","31"
"html-keyboard-response","33","264572","0.0-16.0-2.5","","125","textaufgaben","","","","<p>Ein Mann spart Geld f&uuml;r einige Anschaffungen.</p> <p>Er gibt 19 Euro aus.</p> <p>Er hat jetzt 27 Euro.</p> <p>Wie viel Geld hatte der Mann?</p>","52","27 + 19","c","6","A","I","42","31"
"html-keyboard-response","34","265574","0.0-16.0-0.6","","null","","","","","+","null","","","","","","",""
"html-keyboard-response","35","265930","0.0-16.0-1.6","","354","textaufgaben","","","","<p>Ein Mann spart Geld f&uuml;r einige Anschaffungen.</p> <p>Er hat jetzt 37 Euro.</p> <p>Er hatte 24 Euro verdient.</p> <p>Wie viel Geld hatte er am Anfang?</p>","54","37 - 24","nc","7","S","I","13","41"
"html-keyboard-response","36","266061","0.0-16.0-2.6","","129.0000000000582","textaufgaben","","","","<p>Ein Mann spart Geld f&uuml;r einige Anschaffungen.</p> <p>Er hat jetzt 37 Euro.</p> <p>Er hatte 24 Euro verdient.</p> <p>Wie viel Geld hatte er am Anfang?</p>","51","37 - 24","nc","7","S","I","13","41"
"html-keyboard-response","37","267063","0.0-16.0-0.7","","null","","","","","+","null","","","","","","",""
"html-keyboard-response","38","267415","0.0-16.0-1.7","","351","textaufgaben","","","","<p>Ein M&auml;dchen sammelt B&uuml;cher.</p> <p>Das M&auml;dchen erh&auml;lt 45 B&uuml;cher.</p> <p>Sie hat danach 74 B&uuml;cher.</p> <p>Wie viele B&uuml;cher hatte sie am Anfang?</p>","51","74 - 45","c","8","S","I","29","48"
"html-keyboard-response","39","267446","0.0-16.0-2.7","","30","textaufgaben","","","","<p>Ein M&auml;dchen sammelt B&uuml;cher.</p> <p>Das M&auml;dchen erh&auml;lt 45 B&uuml;cher.</p> <p>Sie hat danach 74 B&uuml;cher.</p> <p>Wie viele B&uuml;cher hatte sie am Anfang?</p>","53","74 - 45","c","8","S","I","29","48"
"html-keyboard-response","40","268448","0.0-16.0-0.8","","null","","","","","+","null","","","","","","",""
"html-keyboard-response","41","268640","0.0-16.0-1.8","","190","textaufgaben","","","","<p>Eine Studentin muss W&ouml;rter lernen.</p> <p>Die Studentin kannte 52 W&ouml;rter.</p> <p>Sie lernte gerade 26 W&ouml;rter.</p> <p>Wie viele W&ouml;rter kennt die Studentin am Ende?</p>","55","52 + 26","nc","1","A","C","78","3"
"html-keyboard-response","42","268725","0.0-16.0-2.8","","84","textaufgaben","","","","<p>Eine Studentin muss W&ouml;rter lernen.</p> <p>Die Studentin kannte 52 W&ouml;rter.</p> <p>Sie lernte gerade 26 W&ouml;rter.</p> <p>Wie viele W&ouml;rter kennt die Studentin am Ende?</p>","52","52 + 26","nc","1","A","C","78","3"
"html-keyboard-response","43","269727","0.0-16.0-0.9","","null","","","","","+","null","","","","","","",""
"html-keyboard-response","44","270077","0.0-16.0-1.9","","349","textaufgaben","","","","<p>Eine Studentin muss W&ouml;rter lernen.</p> <p>Die Studentin kannte 43 W&ouml;rter.</p> <p>Sie hat gerade 19 W&ouml;rter gelernt.</p> <p>Wie viele W&ouml;rter kennt die Studentin am Ende?</p>","56","43 + 19","c","2","A","C","62","7"
"html-keyboard-response","45","270162","0.0-16.0-2.9","","84.00000000005821","textaufgaben","","","","<p>Eine Studentin muss W&ouml;rter lernen.</p> <p>Die Studentin kannte 43 W&ouml;rter.</p> <p>Sie hat gerade 19 W&ouml;rter gelernt.</p> <p>Wie viele W&ouml;rter kennt die Studentin am Ende?</p>","53","43 + 19","c","2","A","C","62","7"
"html-keyboard-response","46","271164","0.0-16.0-0.10","","null","","","","","+","null","","","","","","",""
"html-keyboard-response","47","274868","0.0-16.0-1.10","","3702","textaufgaben","","","","<p>Eine Tennisspielerin spielt Turniere.</p> <p>Sie hat in dieser Saison 59 Spiele gespielt.</p> <p>Sie hat 41 Spiele verloren.</p> <p>Wie viele Spiele hat sie gewonnen?</p>","57","59 - 41","nc","3","S","C","18","16"
"html-keyboard-response","48","274969","0.0-16.0-2.10","","100","textaufgaben","","","","<p>Eine Tennisspielerin spielt Turniere.</p> <p>Sie hat in dieser Saison 59 Spiele gespielt.</p> <p>Sie hat 41 Spiele verloren.</p> <p>Wie viele Spiele hat sie gewonnen?</p>","48","59 - 41","nc","3","S","C","18","16"
"html-keyboard-response","49","275971","0.0-16.0-0.11","","null","","","","","+","null","","","","","","",""
"html-keyboard-response","50","280731","0.0-16.0-1.11","","4758","textaufgaben","","","","<p>Ein paar Freunde suchen Pilze im Wald.</p> <p>Sie haben 65 Pilze gefunden.</p> <p>Sie haben 36 giftige Pilze weggeworfen.</p> <p>Wie viele Pilze haben sie danach?</p>","57","65 - 36","c","4","S","C","29","24"
"html-keyboard-response","51","280834","0.0-16.0-2.11","","101","textaufgaben","","","","<p>Ein paar Freunde suchen Pilze im Wald.</p> <p>Sie haben 65 Pilze gefunden.</p> <p>Sie haben 36 giftige Pilze weggeworfen.</p> <p>Wie viele Pilze haben sie danach?</p>","56","65 - 36","c","4","S","C","29","24"
"html-keyboard-response","52","281836","0.0-16.0-0.12","","null","","","","","+","null","","","","","","",""
"html-keyboard-response","53","281962","0.0-16.0-1.12","","124","textaufgaben","","","","<p>Ein Dieb hat einer Frau einige Diamanten gestohlen.</p> <p>Sie hat jetzt 34 Diamanten.</p> <p>Der Dieb hatte ihr 25 Diamanten gestohlen.</p> <p>Wie viele Diamanten hatte die Frau?</p>","52","34 + 25","nc","5","A","I","59","29"
"html-keyboard-response","54","282080","0.0-16.0-2.12","","117","textaufgaben","","","","<p>Ein Dieb hat einer Frau einige Diamanten gestohlen.</p> <p>Sie hat jetzt 34 Diamanten.</p> <p>Der Dieb hatte ihr 25 Diamanten gestohlen.</p> <p>Wie viele Diamanten hatte die Frau?</p>","51","34 + 25","nc","5","A","I","59","29"
"html-keyboard-response","55","283082","0.0-16.0-0.13","","null","","","","","+","null","","","","","","",""
"html-keyboard-response","56","283204","0.0-16.0-1.13","","120","textaufgaben","","","","<p>Ein M&auml;dchen sammelt B&uuml;cher.</p> <p>Das M&auml;dchen verschenkt 25 B&uuml;cher.</p> <p>Sie hat danach 17 B&uuml;cher.</p> <p>Wie viele B&uuml;cher hatte sie am Anfang?</p>","54","25 + 17","c","6","A","I","42","34"
"html-keyboard-response","57","283367","0.0-16.0-2.13","","162","textaufgaben","","","","<p>Ein M&auml;dchen sammelt B&uuml;cher.</p> <p>Das M&auml;dchen verschenkt 25 B&uuml;cher.</p> <p>Sie hat danach 17 B&uuml;cher.</p> <p>Wie viele B&uuml;cher hatte sie am Anfang?</p>","52","25 + 17","c","6","A","I","42","34"
"html-keyboard-response","58","284369","0.0-16.0-0.14","","null","","","","","+","null","","","","","","",""
"html-keyboard-response","59","284662","0.0-16.0-1.14","","292.0000000000582","textaufgaben","","","","<p>Einige Leute wurden zur Party eingeladen.</p> <p>Es sind 25 Leute auf der Party.</p> <p>12 Leute sind sp&auml;ter gekommen.</p> <p>Wie viele Leute waren am Anfang auf der Party?</p>","55","25 - 12","nc","7","S","I","13","37"
"html-keyboard-response","60","284757","0.0-16.0-2.14","","94","textaufgaben","","","","<p>Einige Leute wurden zur Party eingeladen.</p> <p>Es sind 25 Leute auf der Party.</p> <p>12 Leute sind sp&auml;ter gekommen.</p> <p>Wie viele Leute waren am Anfang auf der Party?</p>","53","25 - 12","nc","7","S","I","13","37"
"html-keyboard-response","61","285759","0.0-16.0-0.15","","null","","","","","+","null","","","","","","",""
"html-keyboard-response","62","293935","0.0-16.0-1.15","","8175","textaufgaben","","","","<p>Eine Studentin muss W&ouml;rter lernen.</p> <p>Die Studentin hat 13 W&ouml;rter gelernt.</p> <p>Sie kennt jetzt 31 W&ouml;rter.</p> <p>Wie viele W&ouml;rter hatte sie am Anfang gekonnt?</p>","49","31 - 13","c","8","S","I","18","45"
"html-keyboard-response","63","294076","0.0-16.0-2.15","","139.9999999999418","textaufgaben","","","","<p>Eine Studentin muss W&ouml;rter lernen.</p> <p>Die Studentin hat 13 W&ouml;rter gelernt.</p> <p>Sie kennt jetzt 31 W&ouml;rter.</p> <p>Wie viele W&ouml;rter hatte sie am Anfang gekonnt?</p>","50","31 - 13","c","8","S","I","18","45"
"html-keyboard-response","64","295078","0.0-16.0-0.16","","null","","","","","+","null","","","","","","",""
"html-keyboard-response","65","295707","0.0-16.0-1.16","","627","textaufgaben","","","","<p>Ein paar Freunde suchen Pilze im Wald.</p> <p>Sie sammeln gerade 13 Pilze.</p> <p>Sie hatten 36 Pilze davor.</p> <p>Wie viele Pilze haben sie am Ende?</p>","53","36 + 13","nc","1","A","C","49","2"
"html-keyboard-response","66","295804","0.0-16.0-2.16","","96","textaufgaben","","","","<p>Ein paar Freunde suchen Pilze im Wald.</p> <p>Sie sammeln gerade 13 Pilze.</p> <p>Sie hatten 36 Pilze davor.</p> <p>Wie viele Pilze haben sie am Ende?</p>","51","36 + 13","nc","1","A","C","49","2"
"html-keyboard-response","67","296806","0.0-16.0-0.17","","null","","","","","+","null","","","","","","",""
"html-keyboard-response","68","297236","0.0-16.0-1.17","","428","textaufgaben","","","","<p>Ein M&auml;dchen sammelt B&uuml;cher.</p> <p>Sie erh&auml;lt 18 B&uuml;cher.</p> <p>Das M&auml;dchen hatte am Anfang 46 B&uuml;cher gehabt.</p> <p>Wie viele B&uuml;cher hat sie am Ende?</p>","54","46 + 18","c","2","A","C","64","11"
"html-keyboard-response","69","297365","0.0-16.0-2.17","","128","textaufgaben","","","","<p>Ein M&auml;dchen sammelt B&uuml;cher.</p> <p>Sie erh&auml;lt 18 B&uuml;cher.</p> <p>Das M&auml;dchen hatte am Anfang 46 B&uuml;cher gehabt.</p> <p>Wie viele B&uuml;cher hat sie am Ende?</p>","52","46 + 18","c","2","A","C","64","11"
"html-keyboard-response","70","298367","0.0-16.0-0.18","","null","","","","","+","null","","","","","","",""
"html-keyboard-response","71","298743","0.0-16.0-1.18","","375","textaufgaben","","","","<p>Ein Dieb hat einer Frau einige Diamanten gestohlen.</p> <p>Ihr wurden 32 Diamanten gestohlen.</p> <p>Die Frau hatte 53 Diamanten gehabt.</p> <p>Wie viele Diamanten hat sie jetzt?</p>","55","53 - 32","nc","3","S","C","21","18"
"html-keyboard-response","72","298837","0.0-16.0-2.18","","93","textaufgaben","","","","<p>Ein Dieb hat einer Frau einige Diamanten gestohlen.</p> <p>Ihr wurden 32 Diamanten gestohlen.</p> <p>Die Frau hatte 53 Diamanten gehabt.</p> <p>Wie viele Diamanten hat sie jetzt?</p>","53","53 - 32","nc","3","S","C","21","18"
"html-keyboard-response","73","299839","0.0-16.0-0.19","","null","","","","","+","null","","","","","","",""
"html-keyboard-response","74","300192","0.0-16.0-1.19","","352","textaufgaben","","","","<p>Ein M&auml;dchen sammelt B&uuml;cher.</p> <p>Das M&auml;dchen verschenkt 17 B&uuml;cher.</p> <p>Sie hatte 46 B&uuml;cher  mitgebracht.</p> <p>Wie viele B&uuml;cher hat sie am Ende?</p>","54","46 - 17","c","4","S","C","29","22"
"html-keyboard-response","75","300306","0.0-16.0-2.19","","113","textaufgaben","","","","<p>Ein M&auml;dchen sammelt B&uuml;cher.</p> <p>Das M&auml;dchen verschenkt 17 B&uuml;cher.</p> <p>Sie hatte 46 B&uuml;cher  mitgebracht.</p> <p>Wie viele B&uuml;cher hat sie am Ende?</p>","52","46 - 17","c","4","S","C","29","22"
"html-keyboard-response","76","301308","0.0-16.0-0.20","","null","","","","","+","null","","","","","","",""
"html-keyboard-response","77","301699","0.0-16.0-1.20","","389.0000000000582","textaufgaben","","","","<p>Ein paar Freunde suchen Pilze im Wald.</p> <p>Sie werfen gerade 23 giftige Pilze weg.</p> <p>Sie haben 31 Pilze &uuml;brig.</p> <p>Wie viele Pilze hatten sie fr&uuml;her?</p>","56","31 + 23","nc","5","A","I","54","25"
"html-keyboard-response","78","301776","0.0-16.0-2.20","","77","textaufgaben","","","","<p>Ein paar Freunde suchen Pilze im Wald.</p> <p>Sie werfen gerade 23 giftige Pilze weg.</p> <p>Sie haben 31 Pilze &uuml;brig.</p> <p>Wie viele Pilze hatten sie fr&uuml;her?</p>","53","31 + 23","nc","5","A","I","54","25"
"html-keyboard-response","79","302778","0.0-16.0-0.21","","null","","","","","+","null","","","","","","",""
"html-keyboard-response","80","303128","0.0-16.0-1.21","","349","textaufgaben","","","","<p>Eine Studentin muss W&ouml;rter lernen.</p> <p>Die Studentin hat 53 W&ouml;rtern vergessen.</p> <p>Sie lernt sp&auml;ter 18 andere W&ouml;rter.</p> <p>Wie viele W&ouml;rter m&uuml;sste sie kennen?</p>","56","53 + 18","c","6","A","I","71","33"
"html-keyboard-response","81","303208","0.0-16.0-2.21","","79","textaufgaben","","","","<p>Eine Studentin muss W&ouml;rter lernen.</p> <p>Die Studentin hat 53 W&ouml;rtern vergessen.</p> <p>Sie lernt sp&auml;ter 18 andere W&ouml;rter.</p> <p>Wie viele W&ouml;rter m&uuml;sste sie kennen?</p>","52","53 + 18","c","6","A","I","71","33"
"html-keyboard-response","82","304210","0.0-16.0-0.22","","null","","","","","+","null","","","","","","",""
"html-keyboard-response","83","304634","0.0-16.0-1.22","","422.0000000000582","textaufgaben","","","","<p>Eine Marktfrau verkauft &Auml;pfel auf dem Markt.</p> <p>Sie hatte vorher 21 &Auml;pfel geliefert bekommen.</p> <p>Die Marktfrau hat 64 &Auml;pfel.</p> <p>Wie viele &Auml;pfel hatte sie am Anfang?</p>","56","64 - 21","nc","7","S","I","43","42"
"html-keyboard-response","84","304709","0.0-16.0-2.22","","75","textaufgaben","","","","<p>Eine Marktfrau verkauft &Auml;pfel auf dem Markt.</p> <p>Sie hatte vorher 21 &Auml;pfel geliefert bekommen.</p> <p>Die Marktfrau hat 64 &Auml;pfel.</p> <p>Wie viele &Auml;pfel hatte sie am Anfang?</p>","52","64 - 21","nc","7","S","I","43","42"
"html-keyboard-response","85","305711","0.0-16.0-0.23","","null","","","","","+","null","","","","","","",""
"html-keyboard-response","86","306061","0.0-16.0-1.23","","349.0000000000582","textaufgaben","","","","<p>Ein Mann spart Geld f&uuml;r einige Anschaffungen.</p> <p>Er verdient heute 19 Euro.</p> <p>Er hat jetzt 37 Euro.</p> <p>Wie viel Geld hatte er am Anfang?</p>","57","37 - 19","c","8","S","I","18","44"
"html-keyboard-response","87","306461","0.0-16.0-2.23","","399","textaufgaben","","","","<p>Ein Mann spart Geld f&uuml;r einige Anschaffungen.</p> <p>Er verdient heute 19 Euro.</p> <p>Er hat jetzt 37 Euro.</p> <p>Wie viel Geld hatte er am Anfang?</p>","53","37 - 19","c","8","S","I","18","44"
"html-keyboard-response","88","307463","0.0-16.0-0.24","","null","","","","","+","null","","","","","","",""
"html-keyboard-response","89","307814","0.0-16.0-1.24","","350","textaufgaben","","","","<p>Ein Dieb hat einer Frau einige Diamanten gestohlen.</p> <p>Nach dem Diebstahl hatte sie 23 Diamanten.</p> <p>Die Polizei findet 15 Diamanten wieder.</p> <p>Wie viele Diamanten hat die Frau am Ende?</p>","57","23 + 15","nc","1","A","C","38","5"
"html-keyboard-response","90","308153","0.0-16.0-2.24","","337","textaufgaben","","","","<p>Ein Dieb hat einer Frau einige Diamanten gestohlen.</p> <p>Nach dem Diebstahl hatte sie 23 Diamanten.</p> <p>Die Polizei findet 15 Diamanten wieder.</p> <p>Wie viele Diamanten hat die Frau am Ende?</p>","53","23 + 15","nc","1","A","C","38","5"
"html-keyboard-response","91","309154","0.0-16.0-0.25","","null","","","","","+","null","","","","","","",""
"html-keyboard-response","92","309485","0.0-16.0-1.25","","330","textaufgaben","","","","<p>Einige Leute wurden zur Party eingeladen.</p> <p>19 Leute sind sp&auml;ter gekommen.</p> <p>Es waren anfangs 24 Leute auf der Party.</p> <p>Wie viele Leute waren am Ende auf der Party?</p>","54","24 + 19","c","2","A","C","43","8"
"html-keyboard-response","93","309565","0.0-16.0-2.25","","78","textaufgaben","","","","<p>Einige Leute wurden zur Party eingeladen.</p> <p>19 Leute sind sp&auml;ter gekommen.</p> <p>Es waren anfangs 24 Leute auf der Party.</p> <p>Wie viele Leute waren am Ende auf der Party?</p>","51","24 + 19","c","2","A","C","43","8"
"html-keyboard-response","94","310567","0.0-16.0-0.26","","null","","","","","+","null","","","","","","",""
"html-keyboard-response","95","310923","0.0-16.0-1.26","","355","textaufgaben","","","","<p>Eine Studentin muss W&ouml;rter lernen.</p> <p>Die Studentin vergisst 12 W&ouml;rter.</p> <p>Sie hat am Anfang 58 W&ouml;rter gelernt.</p> <p>Wie viele W&ouml;rter hat sie richtig gelernt?</p>","55","58 - 12","nc","3","S","C","46","14"
"html-keyboard-response","96","311003","0.0-16.0-2.26","","78.99999999994179","textaufgaben","","","","<p>Eine Studentin muss W&ouml;rter lernen.</p> <p>Die Studentin vergisst 12 W&ouml;rter.</p> <p>Sie hat am Anfang 58 W&ouml;rter gelernt.</p> <p>Wie viele W&ouml;rter hat sie richtig gelernt?</p>","51","58 - 12","nc","3","S","C","46","14"
"html-keyboard-response","97","312005","0.0-16.0-0.27","","null","","","","","+","null","","","","","","",""
"html-keyboard-response","98","312344","0.0-16.0-1.27","","338","textaufgaben","","","","<p>Eine Tennisspielerin spielt Turniere.</p> <p>Sie verlor 18 Spiele.</p> <p>Sie hat in dieser Saison 34 Spiele gespielt.</p> <p>Wie viele Spiele hat sie gewonnen?</p>","55","34 - 18","c","4","S","C","16","21"
"html-keyboard-response","99","312439","0.0-16.0-2.27","","94","textaufgaben","","","","<p>Eine Tennisspielerin spielt Turniere.</p> <p>Sie verlor 18 Spiele.</p> <p>Sie hat in dieser Saison 34 Spiele gespielt.</p> <p>Wie viele Spiele hat sie gewonnen?</p>","52","34 - 18","c","4","S","C","16","21"
"html-keyboard-response","100","313441","0.0-16.0-0.28","","null","","","","","+","null","","","","","","",""
"html-keyboard-response","101","313771","0.0-16.0-1.28","","328","textaufgaben","","","","<p>Ein Mann spart Geld f&uuml;r einige Anschaffungen.</p> <p>Er hat jetzt 13 Euro.</p> <p>Er hat davor 65 Euro ausgegeben.</p> <p>Wie viel Geld hatte der Mann?</p>","55","65 + 13","nc","5","A","I","78","30"
"html-keyboard-response","102","313853","0.0-16.0-2.28","","82","textaufgaben","","","","<p>Ein Mann spart Geld f&uuml;r einige Anschaffungen.</p> <p>Er hat jetzt 13 Euro.</p> <p>Er hat davor 65 Euro ausgegeben.</p> <p>Wie viel Geld hatte der Mann?</p>","52","65 + 13","nc","5","A","I","78","30"
"html-keyboard-response","103","314855","0.0-16.0-0.29","","null","","","","","+","null","","","","","","",""
"html-keyboard-response","104","315159","0.0-16.0-1.29","","302","textaufgaben","","","","<p>Eine Marktfrau verkauft &Auml;pfel auf dem Markt.</p> <p>Sie hat jetzt 38 &Auml;pfel.</p> <p>Die Marktfrau hatte davor 26 &Auml;pfel verkauft.</p> <p>Wie viele &Auml;pfel hatte sie am Anfang?</p>","55","38 + 26","c","6","A","I","64","35"
"html-keyboard-response","105","315230","0.0-16.0-2.29","","71","textaufgaben","","","","<p>Eine Marktfrau verkauft &Auml;pfel auf dem Markt.</p> <p>Sie hat jetzt 38 &Auml;pfel.</p> <p>Die Marktfrau hatte davor 26 &Auml;pfel verkauft.</p> <p>Wie viele &Auml;pfel hatte sie am Anfang?</p>","52","38 + 26","c","6","A","I","64","35"
"html-keyboard-response","106","316232","0.0-16.0-0.30","","null","","","","","+","null","","","","","","",""
"html-keyboard-response","107","316554","0.0-16.0-1.30","","321","textaufgaben","","","","<p>Eine Tennisspielerin spielt Turniere.</p> <p>Sie hat in dieser Saison 29 Spiele gespielt.</p> <p>Sie gewann 13 Spiele.</p> <p>Wie viele Spiele hatte sie verloren?</p>","55","29 - 13","nc","7","S","I","16","39"
"html-keyboard-response","108","316639","0.0-16.0-2.30","","83.00000000005821","textaufgaben","","","","<p>Eine Tennisspielerin spielt Turniere.</p> <p>Sie hat in dieser Saison 29 Spiele gespielt.</p> <p>Sie gewann 13 Spiele.</p> <p>Wie viele Spiele hatte sie verloren?</p>","52","29 - 13","nc","7","S","I","16","39"
"html-keyboard-response","109","317641","0.0-16.0-0.31","","null","","","","","+","null","","","","","","",""
"html-keyboard-response","110","317959","0.0-16.0-1.31","","316","textaufgaben","","","","<p>Ein paar Freunde suchen Pilze im Wald.</p> <p>Sie haben am Ende 31 Pilze.</p> <p>Sie haben davor 12 Pilze gesammelt.</p> <p>Wie viele Pilze hatten sie am Anfang?</p>","55","31 - 12","c","8","S","I","19","43"
"html-keyboard-response","111","318055","0.0-16.0-2.31","","96","textaufgaben","","","","<p>Ein paar Freunde suchen Pilze im Wald.</p> <p>Sie haben am Ende 31 Pilze.</p> <p>Sie haben davor 12 Pilze gesammelt.</p> <p>Wie viele Pilze hatten sie am Anfang?</p>","52","31 - 12","c","8","S","I","19","43"
"html-keyboard-response","112","319057","0.0-16.0-0.32","","null","","","","","+","null","","","","","","",""
"html-keyboard-response","113","319329","0.0-16.0-1.32","","270","textaufgaben","","","","<p>Einige Leute wurden zur Party eingeladen.</p> <p>12 Leute sind sp&auml;ter gekommen.</p> <p>Es waren davor 75 Leute auf der Party.</p> <p>Wie viele Leute waren am Ende auf der Party?</p>","56","75 + 12","nc","1","A","C","87","6"
"html-keyboard-response","114","319419","0.0-16.0-2.32","","90","textaufgaben","","","","<p>Einige Leute wurden zur Party eingeladen.</p> <p>12 Leute sind sp&auml;ter gekommen.</p> <p>Es waren davor 75 Leute auf der Party.</p> <p>Wie viele Leute waren am Ende auf der Party?</p>","52","75 + 12","nc","1","A","C","87","6"
"html-keyboard-response","115","320421","0.0-16.0-0.33","","null","","","","","+","null","","","","","","",""
"html-keyboard-response","116","320691","0.0-16.0-1.33","","268","textaufgaben","","","","<p>Eine Tennisspielerin spielt Turniere.</p> <p>Sie hat 16 Spiele in dieser Saison gewonnen.</p> <p>Sie hat vor dieser Saison 25 Spiele gewonnen.</p> <p>Wie viele Spiele hat sie in ihrer Karriere gewonnen?</p>","56","25 + 16","c","2","A","C","41","10"
"html-keyboard-response","117","320788","0.0-16.0-2.33","","96.00000000005821","textaufgaben","","","","<p>Eine Tennisspielerin spielt Turniere.</p> <p>Sie hat 16 Spiele in dieser Saison gewonnen.</p> <p>Sie hat vor dieser Saison 25 Spiele gewonnen.</p> <p>Wie viele Spiele hat sie in ihrer Karriere gewonnen?</p>","52","25 + 16","c","2","A","C","41","10"
"html-keyboard-response","118","321790","0.0-16.0-0.34","","null","","","","","+","null","","","","","","",""
"html-keyboard-response","119","322108","0.0-16.0-1.34","","317","textaufgaben","","","","<p>Ein Mann spart Geld f&uuml;r einige Anschaffungen.</p> <p>Er hatte 37 Euro gehabt.</p> <p>Er hat 14 Euro ausgegeben.</p> <p>Wie viel Geld hat er am Ende?</p>","56","37 - 14","nc","3","S","C","23","25"
"html-keyboard-response","120","322218","0.0-16.0-2.34","","109","textaufgaben","","","","<p>Ein Mann spart Geld f&uuml;r einige Anschaffungen.</p> <p>Er hatte 37 Euro gehabt.</p> <p>Er hat 14 Euro ausgegeben.</p> <p>Wie viel Geld hat er am Ende?</p>","52","37 - 14","nc","3","S","C","23","25"
"html-keyboard-response","121","323220","0.0-16.0-0.35","","null","","","","","+","null","","","","","","",""
"html-keyboard-response","122","323501","0.0-16.0-1.35","","279","textaufgaben","","","","<p>Einige Leute wurden zur Party eingeladen.</p> <p>41 Leute sind zur Party gekommen.</p> <p>25 Leute haben die Party fr&uuml;her verlassen.</p> <p>Wie viele Leute sind jetzt auf der Party?</p>","56","41 - 25","c","4","S","C","16","23"
"html-keyboard-response","123","323607","0.0-16.0-2.35","","105.99999999994179","textaufgaben","","","","<p>Einige Leute wurden zur Party eingeladen.</p> <p>41 Leute sind zur Party gekommen.</p> <p>25 Leute haben die Party fr&uuml;her verlassen.</p> <p>Wie viele Leute sind jetzt auf der Party?</p>","52","41 - 25","c","4","S","C","16","23"
"html-keyboard-response","124","324610","0.0-16.0-0.36","","null","","","","","+","null","","","","","","",""
"html-keyboard-response","125","324845","0.0-16.0-1.36","","234","textaufgaben","","","","<p>Einige Leute wurden zur Party eingeladen.</p> <p>72 Leute haben die Party verlassen.</p> <p>Es blieben danach 26 Leute.</p> <p>Wie viele Leute waren zur Party gekommen?</p>","57","72 + 26","nc","5","A","I","98","27"
"html-keyboard-response","126","324928","0.0-16.0-2.36","","81","textaufgaben","","","","<p>Einige Leute wurden zur Party eingeladen.</p> <p>72 Leute haben die Party verlassen.</p> <p>Es blieben danach 26 Leute.</p> <p>Wie viele Leute waren zur Party gekommen?</p>","52","72 + 26","nc","5","A","I","98","27"
"html-keyboard-response","127","325930","0.0-16.0-0.37","","null","","","","","+","null","","","","","","",""
"html-keyboard-response","128","326211","0.0-16.0-1.37","","280.0000000000582","textaufgaben","","","","<p>Eine Tennisspielerin spielt Turniere.</p> <p>Sie hat in dieser Saison 17 Spiele verloren.</p> <p>Sie hatte fr&uuml;her 76 Spiele verloren.</p> <p>Wie viele Spiele hat sie in ihrer Karriere verloren?</p>","57","76 + 17","c","6","A","I","93","36"
"html-keyboard-response","129","326315","0.0-16.0-2.37","","103","textaufgaben","","","","<p>Eine Tennisspielerin spielt Turniere.</p> <p>Sie hat in dieser Saison 17 Spiele verloren.</p> <p>Sie hatte fr&uuml;her 76 Spiele verloren.</p> <p>Wie viele Spiele hat sie in ihrer Karriere verloren?</p>","52","76 + 17","c","6","A","I","93","36"
"html-keyboard-response","130","327317","0.0-16.0-0.38","","null","","","","","+","null","","","","","","",""
"html-keyboard-response","131","327624","0.0-16.0-1.38","","305","textaufgaben","","","","<p>Ein Dieb hat einer Frau einige Diamanten gestohlen.</p> <p>Die Polizei hat 13 Diamanten wiedergefunden.</p> <p>Der Dieb hatte ihr 37 Diamanten gestohlen.</p> <p>Wie viele Diamanten muss die Polizei noch finden?</p>","51","37 - 13","nc","7","S","I","14","38"
"html-keyboard-response","132","327748","0.0-16.0-2.38","","123","textaufgaben","","","","<p>Ein Dieb hat einer Frau einige Diamanten gestohlen.</p> <p>Die Polizei hat 13 Diamanten wiedergefunden.</p> <p>Der Dieb hatte ihr 37 Diamanten gestohlen.</p> <p>Wie viele Diamanten muss die Polizei noch finden?</p>","50","37 - 13","nc","7","S","I","14","38"
"html-keyboard-response","133","328750","0.0-16.0-0.39","","null","","","","","+","null","","","","","","",""
"html-keyboard-response","134","329065","0.0-16.0-1.39","","314","textaufgaben","","","","<p>Ein Dieb hat einer Frau einige Diamanten gestohlen.</p> <p>Der Dieb hatte ihr 54 Diamanten gestohlen.</p> <p>Die Polizei findet 28 Diamanten wieder.</p> <p>Wie viele Diamanten muss die Polizei noch finden?</p>","52","54 - 28","c","8","S","I","26","46"
"html-keyboard-response","135","329189","0.0-16.0-2.39","","123","textaufgaben","","","","<p>Ein Dieb hat einer Frau einige Diamanten gestohlen.</p> <p>Der Dieb hatte ihr 54 Diamanten gestohlen.</p> <p>Die Polizei findet 28 Diamanten wieder.</p> <p>Wie viele Diamanten muss die Polizei noch finden?</p>","50","54 - 28","c","8","S","I","26","46"
"html-keyboard-response","136","330191","0.0-16.0-0.40","","null","","","","","+","null","","","","","","",""
"html-keyboard-response","137","330531","0.0-16.0-1.40","","339","textaufgaben","","","","<p>Ein Mann spart Geld f&uuml;r einige Anschaffungen.</p> <p>Er hatte 21 Euro.</p> <p>Er verdient 13 Euro.</p> <p>Wie viel Geld hat der Mann jetzt?</p>","53","21 + 13","nc","1","A","C","34","1"
"html-keyboard-response","138","330608","0.0-16.0-2.40","","76","textaufgaben","","","","<p>Ein Mann spart Geld f&uuml;r einige Anschaffungen.</p> <p>Er hatte 21 Euro.</p> <p>Er verdient 13 Euro.</p> <p>Wie viel Geld hat der Mann jetzt?</p>","51","21 + 13","nc","1","A","C","34","1"
"html-keyboard-response","139","331610","0.0-16.0-0.41","","null","","","","","+","null","","","","","","",""
"html-keyboard-response","140","331903","0.0-16.0-1.41","","292","textaufgaben","","","","<p>Eine Marktfrau verkauft &Auml;pfel auf dem Markt.</p> <p>Die Marktfrau kam mit 56 &Auml;pfeln.</p> <p>Sie hat 27 &Auml;pfel geliefert bekommen.</p> <p>Wie viele &Auml;pfel hat sie am Ende?</p>","53","56 + 27","c","2","A","C","83","12"
"html-keyboard-response","141","331971","0.0-16.0-2.41","","67","textaufgaben","","","","<p>Eine Marktfrau verkauft &Auml;pfel auf dem Markt.</p> <p>Die Marktfrau kam mit 56 &Auml;pfeln.</p> <p>Sie hat 27 &Auml;pfel geliefert bekommen.</p> <p>Wie viele &Auml;pfel hat sie am Ende?</p>","51","56 + 27","c","2","A","C","83","12"
"html-keyboard-response","142","332973","0.0-16.0-0.42","","null","","","","","+","null","","","","","","",""
"html-keyboard-response","143","333257","0.0-16.0-1.42","","282","textaufgaben","","","","<p>Ein M&auml;dchen sammelt B&uuml;cher.</p> <p>Das M&auml;dchen hat 28 B&uuml;cher.</p> <p>Sie verschenkt 13 B&uuml;cher an ihre Freunde.</p> <p>Wie viele B&uuml;cher hat sie am Ende?</p>","53","28 - 13","nc","3","S","C","15","17"
"html-keyboard-response","144","333332","0.0-16.0-2.42","","75","textaufgaben","","","","<p>Ein M&auml;dchen sammelt B&uuml;cher.</p> <p>Das M&auml;dchen hat 28 B&uuml;cher.</p> <p>Sie verschenkt 13 B&uuml;cher an ihre Freunde.</p> <p>Wie viele B&uuml;cher hat sie am Ende?</p>","51","28 - 13","nc","3","S","C","15","17"
"html-keyboard-response","145","334334","0.0-16.0-0.43","","null","","","","","+","null","","","","","","",""
"html-keyboard-response","146","334585","0.0-16.0-1.43","","250","textaufgaben","","","","<p>Eine Marktfrau verkauft &Auml;pfel auf dem Markt.</p> <p>Die Marktfrau kam mit 37 &Auml;pfeln.</p> <p>Sie verkauft 19 &Auml;pfel.</p> <p>Wie viele &Auml;pfel hat sie am Ende?</p>","54","37 - 19","c","4","S","C","18","20"
"html-keyboard-response","147","334691","0.0-16.0-2.43","","104.99999999994179","textaufgaben","","","","<p>Eine Marktfrau verkauft &Auml;pfel auf dem Markt.</p> <p>Die Marktfrau kam mit 37 &Auml;pfeln.</p> <p>Sie verkauft 19 &Auml;pfel.</p> <p>Wie viele &Auml;pfel hat sie am Ende?</p>","51","37 - 19","c","4","S","C","18","20"
"html-keyboard-response","148","335693","0.0-16.0-0.44","","null","","","","","+","null","","","","","","",""
"html-keyboard-response","149","336028","0.0-16.0-1.44","","332","textaufgaben","","","","<p>Eine Marktfrau verkauft &Auml;pfel auf dem Markt.</p> <p>Die Marktfrau verkauft 13 &Auml;pfel.</p> <p>Sie hat danach 36 &Auml;pfel.</p> <p>Wie viele &Auml;pfel hatte sie am Anfang?</p>","54","36 + 13","nc","5","A","I","49","26"
"html-keyboard-response","150","336140","0.0-16.0-2.44","","111.00000000005821","textaufgaben","","","","<p>Eine Marktfrau verkauft &Auml;pfel auf dem Markt.</p> <p>Die Marktfrau verkauft 13 &Auml;pfel.</p> <p>Sie hat danach 36 &Auml;pfel.</p> <p>Wie viele &Auml;pfel hatte sie am Anfang?</p>","51","36 + 13","nc","5","A","I","49","26"
"html-keyboard-response","151","337142","0.0-16.0-0.45","","null","","","","","+","null","","","","","","",""
"html-keyboard-response","152","337469","0.0-16.0-1.45","","326","textaufgaben","","","","<p>Ein paar Freunde suchen Pilze im Wald.</p> <p>Sie werfen gerade 19 giftige Pilze weg.</p> <p>Sie haben 45 Pilze.</p> <p>Wie viele Pilze hatten sie davor?</p>","54","45 + 19","c","6","A","I","64","32"
"html-keyboard-response","153","337572","0.0-16.0-2.45","","102","textaufgaben","","","","<p>Ein paar Freunde suchen Pilze im Wald.</p> <p>Sie werfen gerade 19 giftige Pilze weg.</p> <p>Sie haben 45 Pilze.</p> <p>Wie viele Pilze hatten sie davor?</p>","51","45 + 19","c","6","A","I","64","32"
"html-keyboard-response","154","338574","0.0-16.0-0.46","","null","","","","","+","null","","","","","","",""
"html-keyboard-response","155","338926","0.0-16.0-1.46","","350.0000000000582","textaufgaben","","","","<p>Eine Studentin muss W&ouml;rter lernen.</p> <p>Die Studentin hat 42 W&ouml;rter gelernt.</p> <p>Sie kennt jetzt 68 W&ouml;rter.</p> <p>Wie viele W&ouml;rter hatte sie am Anfang gekonnt?</p>","54","68 - 42","nc","7","S","I","26","40"
"html-keyboard-response","156","339020","0.0-16.0-2.46","","94","textaufgaben","","","","<p>Eine Studentin muss W&ouml;rter lernen.</p> <p>Die Studentin hat 42 W&ouml;rter gelernt.</p> <p>Sie kennt jetzt 68 W&ouml;rter.</p> <p>Wie viele W&ouml;rter hatte sie am Anfang gekonnt?</p>","51","68 - 42","nc","7","S","I","26","40"
"html-keyboard-response","157","340022","0.0-16.0-0.47","","null","","","","","+","null","","","","","","",""
"html-keyboard-response","158","340219","0.0-16.0-1.47","","196","textaufgaben","","","","<p>Einige Leute wurden zur Party eingeladen.</p> <p>Am Ende sind 41 Leute auf der Party.</p> <p>18 Leute sind davor zur Party gekommen.</p> <p>Wie viele Leute waren am Anfang auf der Party?</p>","54","41 - 18","c","8","S","I","23","47"
"html-keyboard-response","159","340330","0.0-16.0-2.47","","110","textaufgaben","","","","<p>Einige Leute wurden zur Party eingeladen.</p> <p>Am Ende sind 41 Leute auf der Party.</p> <p>18 Leute sind davor zur Party gekommen.</p> <p>Wie viele Leute waren am Anfang auf der Party?</p>","51","41 - 18","c","8","S","I","23","47"
"html-keyboard-response","160","341791","0.0-17.0","","1460","","","","","Die Aufgabe ist vorbei. Bitte dr&uuml;cken Sie eine Taste um fortzufahren!","32","","","","","","",""
"instructions","161","356995","0.0-18.0","[{""page_index"":0,""viewing_time"":15202}]","15202","instruktion_Rechenaufgaben","","","","","","","","","","","",""
