"trial_type","trial_index","time_elapsed","internal_node_id","view_history","rt","test_part","responses","question_order","success","stimulus","key_press","task","type","condition","operation","consistency","correct_response","task_id","status"
"pavlovia","0","25","0.0-0.0","","","","","","","","","","","","","","","",""
"instructions","1","57517","0.0-1.0","[{""page_index"":0,""viewing_time"":49187},{""page_index"":1,""viewing_time"":8305}]","57493","teilnehmerinfo","","","","","","","","","","","","",""
"survey-multi-select","2","67549","0.0-2.0","","10030","Einverstaendniserklaerung","{""einverstaendnis;"":[""Ich erkl&auml;re mich damit einverstanden, an der Studie teilzunehmen!""]}","[0]","","","","","","","","","","",""
"fullscreen","3","70382","0.0-3.0","","","","","","true","","","","","","","","","",""
"survey-text","4","75646","0.0-4.0","","5261","demoFragen_Seite_1","{""Alter"":""58""}","","","","","","","","","","","",""
"survey-multi-choice","5","87181","0.0-5.0","","11533","demoFragen_Seite_2","{""handedneß"":"" rechtshändig "",""sex"":"" weiblich "",""firstlanguage"":"" ja "",""ethnic"":"" Weiß ""}","[0,1,2,3]","","","","","","","","","","",""
"survey-multi-choice","6","99326","0.0-6.0","","12142","demoFragen_Seite_3","{""legasthenie"":"" nein "",""dyskalkulie"":"" nein "",""student"":"" nein "",""beschäftigung"":"" teilzeitbeschäftigt""}","[0,1,2,3]","","","","","","","","","","",""
"survey-multi-choice","7","122291","0.0-7.0","","22965","demoFragen_Seite_4","{""bildung"":"" Hochschulabschluss "",""educationmath"":"" wenig (z.B. Literatur, Sprachen, Kultur, Medien, Philosophie, Theologie) "",""workmath"":"" wenig (z.B. Literatur, Sprachen, Kultur, Medien, Philosophie, Theologie) ""}","[0,1,2]","","","","","","","","","","",""
"instructions","8","150994","0.0-8.0","[{""page_index"":0,""viewing_time"":28702}]","28702","Instruktion_GAD","","","","","","","","","","","","",""
"survey-likert","9","181203","0.0-9.0","","30207","GAD","{""GADa"":1,""GADb"":2,""GADc"":1,""GADd"":1,""GADe"":1,""GADf"":1,""GADg"":0}","[0,1,2,3,4,5,6]","","","","","","","","","","",""
"instructions","10","187161","0.0-10.0","[{""page_index"":0,""viewing_time"":5957}]","5958","Instruktion_STAI","","","","","","","","","","","","",""
"survey-likert","11","201666","0.0-11.0","","14504","STAI","{""STAI1"":1,""STAI2"":1,""STAI3"":0,""STAI4"":0,""STAI5"":1}","[0,1,2,3,4]","","","","","","","","","","",""
"instructions","12","204536","0.0-12.0","[{""page_index"":0,""viewing_time"":2869}]","2869","Instruktion_AMAS","","","","","","","","","","","","",""
"survey-likert","13","248009","0.0-13.0","","43472","AMAS","{""AMAS1"":0,""AMAS2"":2,""AMAS3"":0,""AMAS4"":1,""AMAS5"":1,""AMAS6"":0,""AMAS7"":1,""AMAS8"":2,""AMAS9"":1}","[0,1,2,3,4,5,6,7,8]","","","","","","","","","","",""
"instructions","14","275230","0.0-14.0","[{""page_index"":0,""viewing_time"":27221}]","27221","Instruktion_TEXT","","","","","","","","","","","","",""
"instructions","15","287559","0.0-15.0","[{""page_index"":0,""viewing_time"":12328}]","12328","Instruktion_TEXT_Beispiel","","","","","","","","","","","","",""
"html-keyboard-response","16","288562","0.0-16.0-0.0","","null","","","","","+","null","","","","","","","",""
"html-keyboard-response","17","304782","0.0-16.0-1.0","","16219","textaufgaben","","","","<p>Eine Studentin muss W&ouml;rter lernen.</p> <p>Die Studentin kannte 52 W&ouml;rter.</p> <p>Sie lernte gerade 26 W&ouml;rter.</p> <p>Wie viele W&ouml;rter kennt die Studentin am Ende?</p>","55","52 + 26","nc","1","A","C","78","3",""
"html-keyboard-response","18","304991","0.0-16.0-2.0","","207","textaufgaben","","","","<p>Eine Studentin muss W&ouml;rter lernen.</p> <p>Die Studentin kannte 52 W&ouml;rter.</p> <p>Sie lernte gerade 26 W&ouml;rter.</p> <p>Wie viele W&ouml;rter kennt die Studentin am Ende?</p>","56","52 + 26","nc","1","A","C","78","3",""
"html-keyboard-response","19","305991","0.0-16.0-0.1","","null","","","","","+","null","","","","","","","",""
"html-keyboard-response","20","325894","0.0-16.0-1.1","","19902","textaufgaben","","","","<p>Eine Marktfrau verkauft &Auml;pfel auf dem Markt.</p> <p>Die Marktfrau kam mit 56 &Auml;pfeln.</p> <p>Sie hat 27 &Auml;pfel geliefert bekommen.</p> <p>Wie viele &Auml;pfel hat sie am Ende?</p>","56","56 + 27","c","2","A","C","83","12",""
"html-keyboard-response","21","326477","0.0-16.0-2.1","","583","textaufgaben","","","","<p>Eine Marktfrau verkauft &Auml;pfel auf dem Markt.</p> <p>Die Marktfrau kam mit 56 &Auml;pfeln.</p> <p>Sie hat 27 &Auml;pfel geliefert bekommen.</p> <p>Wie viele &Auml;pfel hat sie am Ende?</p>","51","56 + 27","c","2","A","C","83","12",""
"html-keyboard-response","22","327481","0.0-16.0-0.2","","null","","","","","+","null","","","","","","","",""
"html-keyboard-response","23","335749","0.0-16.0-1.2","","8268","textaufgaben","","","","<p>Ein Mann spart Geld f&uuml;r einige Anschaffungen.</p> <p>Er hatte 37 Euro gehabt.</p> <p>Er hat 14 Euro ausgegeben.</p> <p>Wie viel Geld hat er am Ende?</p>","50","37 - 14","nc","3","S","C","23","25",""
"html-keyboard-response","24","335974","0.0-16.0-2.2","","224","textaufgaben","","","","<p>Ein Mann spart Geld f&uuml;r einige Anschaffungen.</p> <p>Er hatte 37 Euro gehabt.</p> <p>Er hat 14 Euro ausgegeben.</p> <p>Wie viel Geld hat er am Ende?</p>","51","37 - 14","nc","3","S","C","23","25",""
"html-keyboard-response","25","336978","0.0-16.0-0.3","","null","","","","","+","null","","","","","","","",""
"html-keyboard-response","26","350564","0.0-16.0-1.3","","13587","textaufgaben","","","","<p>Ein paar Freunde suchen Pilze im Wald.</p> <p>Sie haben 65 Pilze gefunden.</p> <p>Sie haben 36 giftige Pilze weggeworfen.</p> <p>Wie viele Pilze haben sie danach?</p>","50","65 - 36","c","4","S","C","29","24",""
"html-keyboard-response","27","350996","0.0-16.0-2.3","","432","textaufgaben","","","","<p>Ein paar Freunde suchen Pilze im Wald.</p> <p>Sie haben 65 Pilze gefunden.</p> <p>Sie haben 36 giftige Pilze weggeworfen.</p> <p>Wie viele Pilze haben sie danach?</p>","57","65 - 36","c","4","S","C","29","24",""
"html-keyboard-response","28","351997","0.0-16.0-0.4","","null","","","","","+","null","","","","","","","",""
"html-keyboard-response","29","370684","0.0-16.0-1.4","","18686","textaufgaben","","","","<p>Einige Leute wurden zur Party eingeladen.</p> <p>72 Leute haben die Party verlassen.</p> <p>Es blieben danach 26 Leute.</p> <p>Wie viele Leute waren zur Party gekommen?</p>","57","72 + 26","nc","5","A","I","98","27",""
"html-keyboard-response","30","370892","0.0-16.0-2.4","","208","textaufgaben","","","","<p>Einige Leute wurden zur Party eingeladen.</p> <p>72 Leute haben die Party verlassen.</p> <p>Es blieben danach 26 Leute.</p> <p>Wie viele Leute waren zur Party gekommen?</p>","56","72 + 26","nc","5","A","I","98","27",""
"html-keyboard-response","31","371893","0.0-16.0-0.5","","null","","","","","+","null","","","","","","","",""
"html-keyboard-response","32","391796","0.0-16.0-1.5","","19902","textaufgaben","","","","<p>Eine Tennisspielerin spielt Turniere.</p> <p>Sie hat in dieser Saison 17 Spiele verloren.</p> <p>Sie hatte fr&uuml;her 76 Spiele verloren.</p> <p>Wie viele Spiele hat sie in ihrer Karriere verloren?</p>","57","76 + 17","c","6","A","I","93","36",""
"html-keyboard-response","33","392324","0.0-16.0-2.5","","528","textaufgaben","","","","<p>Eine Tennisspielerin spielt Turniere.</p> <p>Sie hat in dieser Saison 17 Spiele verloren.</p> <p>Sie hatte fr&uuml;her 76 Spiele verloren.</p> <p>Wie viele Spiele hat sie in ihrer Karriere verloren?</p>","51","76 + 17","c","6","A","I","93","36",""
"html-keyboard-response","34","393325","0.0-16.0-0.6","","null","","","","","+","null","","","","","","","",""
"html-keyboard-response","35","409580","0.0-16.0-1.6","","16255","textaufgaben","","","","<p>Eine Marktfrau verkauft &Auml;pfel auf dem Markt.</p> <p>Sie hatte vorher 21 &Auml;pfel geliefert bekommen.</p> <p>Die Marktfrau hat 64 &Auml;pfel.</p> <p>Wie viele &Auml;pfel hatte sie am Anfang?</p>","52","64 - 21","nc","7","S","I","43","42",""
"html-keyboard-response","36","409771","0.0-16.0-2.6","","190","textaufgaben","","","","<p>Eine Marktfrau verkauft &Auml;pfel auf dem Markt.</p> <p>Sie hatte vorher 21 &Auml;pfel geliefert bekommen.</p> <p>Die Marktfrau hat 64 &Auml;pfel.</p> <p>Wie viele &Auml;pfel hatte sie am Anfang?</p>","51","64 - 21","nc","7","S","I","43","42",""
"html-keyboard-response","37","410771","0.0-16.0-0.7","","null","","","","","+","null","","","","","","","",""
"html-keyboard-response","38","419619","0.0-16.0-1.7","","8847","textaufgaben","","","","<p>Ein Mann spart Geld f&uuml;r einige Anschaffungen.</p> <p>Er verdient heute 19 Euro.</p> <p>Er hat jetzt 37 Euro.</p> <p>Wie viel Geld hatte er am Anfang?</p>","49","37 - 19","c","8","S","I","18","44",""
"html-keyboard-response","39","420011","0.0-16.0-2.7","","390","textaufgaben","","","","<p>Ein Mann spart Geld f&uuml;r einige Anschaffungen.</p> <p>Er verdient heute 19 Euro.</p> <p>Er hat jetzt 37 Euro.</p> <p>Wie viel Geld hatte er am Anfang?</p>","56","37 - 19","c","8","S","I","18","44",""
"html-keyboard-response","40","421014","0.0-16.0-0.8","","null","","","","","+","null","","","","","","","",""
"html-keyboard-response","41","432203","0.0-16.0-1.8","","11189","textaufgaben","","","","<p>Ein Dieb hat einer Frau einige Diamanten gestohlen.</p> <p>Nach dem Diebstahl hatte sie 23 Diamanten.</p> <p>Die Polizei findet 15 Diamanten wieder.</p> <p>Wie viele Diamanten hat die Frau am Ende?</p>","51","23 + 15","nc","1","A","C","38","5",""
"html-keyboard-response","42","432674","0.0-16.0-2.8","","472","textaufgaben","","","","<p>Ein Dieb hat einer Frau einige Diamanten gestohlen.</p> <p>Nach dem Diebstahl hatte sie 23 Diamanten.</p> <p>Die Polizei findet 15 Diamanten wieder.</p> <p>Wie viele Diamanten hat die Frau am Ende?</p>","56","23 + 15","nc","1","A","C","38","5",""
"html-keyboard-response","43","433677","0.0-16.0-0.9","","null","","","","","+","null","","","","","","","",""
"html-keyboard-response","44","444786","0.0-16.0-1.9","","11108","textaufgaben","","","","<p>Einige Leute wurden zur Party eingeladen.</p> <p>19 Leute sind sp&auml;ter gekommen.</p> <p>Es waren anfangs 24 Leute auf der Party.</p> <p>Wie viele Leute waren am Ende auf der Party?</p>","52","24 + 19","c","2","A","C","43","8",""
"html-keyboard-response","45","445145","0.0-16.0-2.9","","360","textaufgaben","","","","<p>Einige Leute wurden zur Party eingeladen.</p> <p>19 Leute sind sp&auml;ter gekommen.</p> <p>Es waren anfangs 24 Leute auf der Party.</p> <p>Wie viele Leute waren am Ende auf der Party?</p>","50","24 + 19","c","2","A","C","43","8",""
"html-keyboard-response","46","446149","0.0-16.0-0.10","","null","","","","","+","null","","","","","","","",""
"html-keyboard-response","47","457843","0.0-16.0-1.10","","11694","textaufgaben","","","","<p>Eine Tennisspielerin spielt Turniere.</p> <p>Sie hat in dieser Saison 59 Spiele gespielt.</p> <p>Sie hat 41 Spiele verloren.</p> <p>Wie viele Spiele hat sie gewonnen?</p>","49","59 - 41","nc","3","S","C","18","16",""
"html-keyboard-response","48","458290","0.0-16.0-2.10","","447","textaufgaben","","","","<p>Eine Tennisspielerin spielt Turniere.</p> <p>Sie hat in dieser Saison 59 Spiele gespielt.</p> <p>Sie hat 41 Spiele verloren.</p> <p>Wie viele Spiele hat sie gewonnen?</p>","56","59 - 41","nc","3","S","C","18","16",""
"html-keyboard-response","49","459291","0.0-16.0-0.11","","null","","","","","+","null","","","","","","","",""
"html-keyboard-response","50","469386","0.0-16.0-1.11","","10094","textaufgaben","","","","<p>Ein Dieb hat einer Frau einige Diamanten gestohlen.</p> <p>Der Dieb hat ihr 16 Diamanten gestohlen.</p> <p>Sie hatte am Anfang 41 Diamanten gehabt.</p> <p>Wie viele Diamanten hat sie jetzt?</p>","50","41 - 16","c","4","S","C","25","19",""
"html-keyboard-response","51","469889","0.0-16.0-2.11","","504","textaufgaben","","","","<p>Ein Dieb hat einer Frau einige Diamanten gestohlen.</p> <p>Der Dieb hat ihr 16 Diamanten gestohlen.</p> <p>Sie hatte am Anfang 41 Diamanten gehabt.</p> <p>Wie viele Diamanten hat sie jetzt?</p>","53","41 - 16","c","4","S","C","25","19",""
"html-keyboard-response","52","470892","0.0-16.0-0.12","","null","","","","","+","null","","","","","","","",""
"html-keyboard-response","53","478890","0.0-16.0-1.12","","7997","textaufgaben","","","","<p>Eine Tennisspielerin spielt Turniere.</p> <p>Sie hatte fr&uuml;her 23 Spiele verloren.</p> <p>Sie hat 14 Spiele in dieser Saison verloren.</p> <p>Wie viele Spiele hat sie in ihrer Karriere verloren?</p>","51","23 + 14","nc","5","A","I","37","28",""
"html-keyboard-response","54","479290","0.0-16.0-2.12","","400","textaufgaben","","","","<p>Eine Tennisspielerin spielt Turniere.</p> <p>Sie hatte fr&uuml;her 23 Spiele verloren.</p> <p>Sie hat 14 Spiele in dieser Saison verloren.</p> <p>Wie viele Spiele hat sie in ihrer Karriere verloren?</p>","55","23 + 14","nc","5","A","I","37","28",""
"html-keyboard-response","55","480293","0.0-16.0-0.13","","null","","","","","+","null","","","","","","","",""
"html-keyboard-response","56","499056","0.0-16.0-1.13","","18763","textaufgaben","","","","<p>Eine Studentin muss W&ouml;rter lernen.</p> <p>Die Studentin hat 53 W&ouml;rtern vergessen.</p> <p>Sie lernt sp&auml;ter 18 andere W&ouml;rter.</p> <p>Wie viele W&ouml;rter m&uuml;sste sie kennen?</p>","55","53 + 18","c","6","A","I","71","33",""
"html-keyboard-response","57","499584","0.0-16.0-2.13","","526","textaufgaben","","","","<p>Eine Studentin muss W&ouml;rter lernen.</p> <p>Die Studentin hat 53 W&ouml;rtern vergessen.</p> <p>Sie lernt sp&auml;ter 18 andere W&ouml;rter.</p> <p>Wie viele W&ouml;rter m&uuml;sste sie kennen?</p>","49","53 + 18","c","6","A","I","71","33",""
"html-keyboard-response","58","500586","0.0-16.0-0.14","","null","","","","","+","null","","","","","","","",""
"html-keyboard-response","59","516145","0.0-16.0-1.14","","15558","textaufgaben","","","","<p>Eine Studentin muss W&ouml;rter lernen.</p> <p>Die Studentin hat 42 W&ouml;rter gelernt.</p> <p>Sie kennt jetzt 68 W&ouml;rter.</p> <p>Wie viele W&ouml;rter hatte sie am Anfang gekonnt?</p>","50","68 - 42","nc","7","S","I","26","40",""
"html-keyboard-response","60","516352","0.0-16.0-2.14","","206","textaufgaben","","","","<p>Eine Studentin muss W&ouml;rter lernen.</p> <p>Die Studentin hat 42 W&ouml;rter gelernt.</p> <p>Sie kennt jetzt 68 W&ouml;rter.</p> <p>Wie viele W&ouml;rter hatte sie am Anfang gekonnt?</p>","54","68 - 42","nc","7","S","I","26","40",""
"html-keyboard-response","61","517354","0.0-16.0-0.15","","null","","","","","+","null","","","","","","","",""
"html-keyboard-response","62","530456","0.0-16.0-1.15","","13102","textaufgaben","","","","<p>Einige Leute wurden zur Party eingeladen.</p> <p>Am Ende sind 41 Leute auf der Party.</p> <p>18 Leute sind davor zur Party gekommen.</p> <p>Wie viele Leute waren am Anfang auf der Party?</p>","50","41 - 18","c","8","S","I","23","47",""
"html-keyboard-response","63","530656","0.0-16.0-2.15","","200","textaufgaben","","","","<p>Einige Leute wurden zur Party eingeladen.</p> <p>Am Ende sind 41 Leute auf der Party.</p> <p>18 Leute sind davor zur Party gekommen.</p> <p>Wie viele Leute waren am Anfang auf der Party?</p>","51","41 - 18","c","8","S","I","23","47",""
"html-keyboard-response","64","531657","0.0-16.0-0.16","","null","","","","","+","null","","","","","","","",""
"html-keyboard-response","65","537824","0.0-16.0-1.16","","6167","textaufgaben","","","","<p>Ein Mann spart Geld f&uuml;r einige Anschaffungen.</p> <p>Er hatte 21 Euro.</p> <p>Er verdient 13 Euro.</p> <p>Wie viel Geld hat der Mann jetzt?</p>","51","21 + 13","nc","1","A","C","34","1",""
"html-keyboard-response","66","538081","0.0-16.0-2.16","","257","textaufgaben","","","","<p>Ein Mann spart Geld f&uuml;r einige Anschaffungen.</p> <p>Er hatte 21 Euro.</p> <p>Er verdient 13 Euro.</p> <p>Wie viel Geld hat der Mann jetzt?</p>","52","21 + 13","nc","1","A","C","34","1",""
"html-keyboard-response","67","539081","0.0-16.0-0.17","","null","","","","","+","null","","","","","","","",""
"html-keyboard-response","68","550304","0.0-16.0-1.17","","11222","textaufgaben","","","","<p>Ein M&auml;dchen sammelt B&uuml;cher.</p> <p>Sie erh&auml;lt 18 B&uuml;cher.</p> <p>Das M&auml;dchen hatte am Anfang 46 B&uuml;cher gehabt.</p> <p>Wie viele B&uuml;cher hat sie am Ende?</p>","54","46 + 18","c","2","A","C","64","11",""
"html-keyboard-response","69","550783","0.0-16.0-2.17","","478","textaufgaben","","","","<p>Ein M&auml;dchen sammelt B&uuml;cher.</p> <p>Sie erh&auml;lt 18 B&uuml;cher.</p> <p>Das M&auml;dchen hatte am Anfang 46 B&uuml;cher gehabt.</p> <p>Wie viele B&uuml;cher hat sie am Ende?</p>","52","46 + 18","c","2","A","C","64","11",""
"html-keyboard-response","70","551785","0.0-16.0-0.18","","null","","","","","+","null","","","","","","","",""
"html-keyboard-response","71","562687","0.0-16.0-1.18","","10901","textaufgaben","","","","<p>Ein M&auml;dchen sammelt B&uuml;cher.</p> <p>Das M&auml;dchen hat 28 B&uuml;cher.</p> <p>Sie verschenkt 13 B&uuml;cher an ihre Freunde.</p> <p>Wie viele B&uuml;cher hat sie am Ende?</p>","49","28 - 13","nc","3","S","C","15","17",""
"html-keyboard-response","72","563094","0.0-16.0-2.18","","408","textaufgaben","","","","<p>Ein M&auml;dchen sammelt B&uuml;cher.</p> <p>Das M&auml;dchen hat 28 B&uuml;cher.</p> <p>Sie verschenkt 13 B&uuml;cher an ihre Freunde.</p> <p>Wie viele B&uuml;cher hat sie am Ende?</p>","53","28 - 13","nc","3","S","C","15","17",""
"html-keyboard-response","73","564098","0.0-16.0-0.19","","null","","","","","+","null","","","","","","","",""
"html-keyboard-response","74","572863","0.0-16.0-1.19","","8765","textaufgaben","","","","<p>Eine Marktfrau verkauft &Auml;pfel auf dem Markt.</p> <p>Die Marktfrau kam mit 37 &Auml;pfeln.</p> <p>Sie verkauft 19 &Auml;pfel.</p> <p>Wie viele &Auml;pfel hat sie am Ende?</p>","49","37 - 19","c","4","S","C","18","20",""
"html-keyboard-response","75","573551","0.0-16.0-2.19","","688","textaufgaben","","","","<p>Eine Marktfrau verkauft &Auml;pfel auf dem Markt.</p> <p>Die Marktfrau kam mit 37 &Auml;pfeln.</p> <p>Sie verkauft 19 &Auml;pfel.</p> <p>Wie viele &Auml;pfel hat sie am Ende?</p>","56","37 - 19","c","4","S","C","18","20",""
"html-keyboard-response","76","574552","0.0-16.0-0.20","","null","","","","","+","null","","","","","","","",""
"html-keyboard-response","77","583814","0.0-16.0-1.20","","9262","textaufgaben","","","","<p>Ein Mann spart Geld f&uuml;r einige Anschaffungen.</p> <p>Er hat jetzt 13 Euro.</p> <p>Er hat davor 65 Euro ausgegeben.</p> <p>Wie viel Geld hatte der Mann?</p>","55","65 + 13","nc","5","A","I","78","30",""
"html-keyboard-response","78","584062","0.0-16.0-2.20","","247","textaufgaben","","","","<p>Ein Mann spart Geld f&uuml;r einige Anschaffungen.</p> <p>Er hat jetzt 13 Euro.</p> <p>Er hat davor 65 Euro ausgegeben.</p> <p>Wie viel Geld hatte der Mann?</p>","56","65 + 13","nc","5","A","I","78","30",""
"html-keyboard-response","79","585067","0.0-16.0-0.21","","null","","","","","+","null","","","","","","","",""
"html-keyboard-response","80","598702","0.0-16.0-1.21","","13635","textaufgaben","","","","<p>Ein paar Freunde suchen Pilze im Wald.</p> <p>Sie werfen gerade 19 giftige Pilze weg.</p> <p>Sie haben 45 Pilze.</p> <p>Wie viele Pilze hatten sie davor?</p>","54","45 + 19","c","6","A","I","64","32",""
"html-keyboard-response","81","598998","0.0-16.0-2.21","","295","textaufgaben","","","","<p>Ein paar Freunde suchen Pilze im Wald.</p> <p>Sie werfen gerade 19 giftige Pilze weg.</p> <p>Sie haben 45 Pilze.</p> <p>Wie viele Pilze hatten sie davor?</p>","52","45 + 19","c","6","A","I","64","32",""
"html-keyboard-response","82","599999","0.0-16.0-0.22","","null","","","","","+","null","","","","","","","",""
"html-keyboard-response","83","614293","0.0-16.0-1.22","","14293","textaufgaben","","","","<p>Ein Dieb hat einer Frau einige Diamanten gestohlen.</p> <p>Die Polizei hat 13 Diamanten wiedergefunden.</p> <p>Der Dieb hatte ihr 37 Diamanten gestohlen.</p> <p>Wie viele Diamanten muss die Polizei noch finden?</p>","50","37 - 13","nc","7","S","I","14","38",""
"html-keyboard-response","84","614406","0.0-16.0-2.22","","111","textaufgaben","","","","<p>Ein Dieb hat einer Frau einige Diamanten gestohlen.</p> <p>Die Polizei hat 13 Diamanten wiedergefunden.</p> <p>Der Dieb hatte ihr 37 Diamanten gestohlen.</p> <p>Wie viele Diamanten muss die Polizei noch finden?</p>","52","37 - 13","nc","7","S","I","14","38",""
"html-keyboard-response","85","615407","0.0-16.0-0.23","","null","","","","","+","null","","","","","","","",""
"html-keyboard-response","86","634229","0.0-16.0-1.23","","18823","textaufgaben","","","","<p>Ein paar Freunde suchen Pilze im Wald.</p> <p>Sie haben am Ende 31 Pilze.</p> <p>Sie haben davor 12 Pilze gesammelt.</p> <p>Wie viele Pilze hatten sie am Anfang?</p>","49","31 - 12","c","8","S","I","19","43",""
"html-keyboard-response","87","634637","0.0-16.0-2.23","","407","textaufgaben","","","","<p>Ein paar Freunde suchen Pilze im Wald.</p> <p>Sie haben am Ende 31 Pilze.</p> <p>Sie haben davor 12 Pilze gesammelt.</p> <p>Wie viele Pilze hatten sie am Anfang?</p>","57","31 - 12","c","8","S","I","19","43",""
"html-keyboard-response","88","635639","0.0-16.0-0.24","","null","","","","","+","null","","","","","","","",""
"html-keyboard-response","89","646485","0.0-16.0-1.24","","10846","textaufgaben","","","","<p>Ein M&auml;dchen sammelt B&uuml;cher.</p> <p>Sie hat 35 B&uuml;cher erhalten.</p> <p>Das M&auml;dchen hatte davor 54 B&uuml;cher.</p> <p>Wie viele B&uuml;cher hat sie am Ende?</p>","56","54 + 35","nc","1","A","C","89","4",""
"html-keyboard-response","90","646716","0.0-16.0-2.24","","231","textaufgaben","","","","<p>Ein M&auml;dchen sammelt B&uuml;cher.</p> <p>Sie hat 35 B&uuml;cher erhalten.</p> <p>Das M&auml;dchen hatte davor 54 B&uuml;cher.</p> <p>Wie viele B&uuml;cher hat sie am Ende?</p>","57","54 + 35","nc","1","A","C","89","4",""
"html-keyboard-response","91","647719","0.0-16.0-0.25","","null","","","","","+","null","","","","","","","",""
"html-keyboard-response","92","663516","0.0-16.0-1.25","","15797","textaufgaben","","","","<p>Eine Tennisspielerin spielt Turniere.</p> <p>Sie hat 16 Spiele in dieser Saison gewonnen.</p> <p>Sie hat vor dieser Saison 25 Spiele gewonnen.</p> <p>Wie viele Spiele hat sie in ihrer Karriere gewonnen?</p>","52","25 + 16","c","2","A","C","41","10",""
"html-keyboard-response","93","663644","0.0-16.0-2.25","","127","textaufgaben","","","","<p>Eine Tennisspielerin spielt Turniere.</p> <p>Sie hat 16 Spiele in dieser Saison gewonnen.</p> <p>Sie hat vor dieser Saison 25 Spiele gewonnen.</p> <p>Wie viele Spiele hat sie in ihrer Karriere gewonnen?</p>","49","25 + 16","c","2","A","C","41","10",""
"html-keyboard-response","94","664646","0.0-16.0-0.26","","null","","","","","+","null","","","","","","","",""
"html-keyboard-response","95","678052","0.0-16.0-1.26","","13406","textaufgaben","","","","<p>Ein Dieb hat einer Frau einige Diamanten gestohlen.</p> <p>Ihr wurden 32 Diamanten gestohlen.</p> <p>Die Frau hatte 53 Diamanten gehabt.</p> <p>Wie viele Diamanten hat sie jetzt?</p>","50","53 - 32","nc","3","S","C","21","18",""
"html-keyboard-response","96","678195","0.0-16.0-2.26","","142","textaufgaben","","","","<p>Ein Dieb hat einer Frau einige Diamanten gestohlen.</p> <p>Ihr wurden 32 Diamanten gestohlen.</p> <p>Die Frau hatte 53 Diamanten gehabt.</p> <p>Wie viele Diamanten hat sie jetzt?</p>","49","53 - 32","nc","3","S","C","21","18",""
"html-keyboard-response","97","679199","0.0-16.0-0.27","","null","","","","","+","null","","","","","","","",""
"html-keyboard-response","98","691579","0.0-16.0-1.27","","12380","textaufgaben","","","","<p>Einige Leute wurden zur Party eingeladen.</p> <p>41 Leute sind zur Party gekommen.</p> <p>25 Leute haben die Party fr&uuml;her verlassen.</p> <p>Wie viele Leute sind jetzt auf der Party?</p>","49","41 - 25","c","4","S","C","16","23",""
"html-keyboard-response","99","692260","0.0-16.0-2.27","","681","textaufgaben","","","","<p>Einige Leute wurden zur Party eingeladen.</p> <p>41 Leute sind zur Party gekommen.</p> <p>25 Leute haben die Party fr&uuml;her verlassen.</p> <p>Wie viele Leute sind jetzt auf der Party?</p>","54","41 - 25","c","4","S","C","16","23",""
"html-keyboard-response","100","693261","0.0-16.0-0.28","","null","","","","","+","null","","","","","","","",""
"html-keyboard-response","101","701683","0.0-16.0-1.28","","8421","textaufgaben","","","","<p>Eine Marktfrau verkauft &Auml;pfel auf dem Markt.</p> <p>Die Marktfrau verkauft 13 &Auml;pfel.</p> <p>Sie hat danach 36 &Auml;pfel.</p> <p>Wie viele &Auml;pfel hatte sie am Anfang?</p>","52","36 + 13","nc","5","A","I","49","26",""
"html-keyboard-response","102","702299","0.0-16.0-2.28","","615","textaufgaben","","","","<p>Eine Marktfrau verkauft &Auml;pfel auf dem Markt.</p> <p>Die Marktfrau verkauft 13 &Auml;pfel.</p> <p>Sie hat danach 36 &Auml;pfel.</p> <p>Wie viele &Auml;pfel hatte sie am Anfang?</p>","57","36 + 13","nc","5","A","I","49","26",""
"html-keyboard-response","103","703300","0.0-16.0-0.29","","null","","","","","+","null","","","","","","","",""
"html-keyboard-response","104","713707","0.0-16.0-1.29","","10405","textaufgaben","","","","<p>Eine Marktfrau verkauft &Auml;pfel auf dem Markt.</p> <p>Sie hat jetzt 38 &Auml;pfel.</p> <p>Die Marktfrau hatte davor 26 &Auml;pfel verkauft.</p> <p>Wie viele &Auml;pfel hatte sie am Anfang?</p>","54","38 + 26","c","6","A","I","64","35",""
"html-keyboard-response","105","713979","0.0-16.0-2.29","","272","textaufgaben","","","","<p>Eine Marktfrau verkauft &Auml;pfel auf dem Markt.</p> <p>Sie hat jetzt 38 &Auml;pfel.</p> <p>Die Marktfrau hatte davor 26 &Auml;pfel verkauft.</p> <p>Wie viele &Auml;pfel hatte sie am Anfang?</p>","52","38 + 26","c","6","A","I","64","35",""
"html-keyboard-response","106","714980","0.0-16.0-0.30","","null","","","","","+","null","","","","","","","",""
"html-keyboard-response","107","726570","0.0-16.0-1.30","","11591","textaufgaben","","","","<p>Einige Leute wurden zur Party eingeladen.</p> <p>Es sind 25 Leute auf der Party.</p> <p>12 Leute sind sp&auml;ter gekommen.</p> <p>Wie viele Leute waren am Anfang auf der Party?</p>","49","25 - 12","nc","7","S","I","13","37",""
"html-keyboard-response","108","726762","0.0-16.0-2.30","","192","textaufgaben","","","","<p>Einige Leute wurden zur Party eingeladen.</p> <p>Es sind 25 Leute auf der Party.</p> <p>12 Leute sind sp&auml;ter gekommen.</p> <p>Wie viele Leute waren am Anfang auf der Party?</p>","51","25 - 12","nc","7","S","I","13","37",""
"html-keyboard-response","109","727764","0.0-16.0-0.31","","null","","","","","+","null","","","","","","","",""
"html-keyboard-response","110","741883","0.0-16.0-1.31","","14118","textaufgaben","","","","<p>Ein Dieb hat einer Frau einige Diamanten gestohlen.</p> <p>Der Dieb hatte ihr 54 Diamanten gestohlen.</p> <p>Die Polizei findet 28 Diamanten wieder.</p> <p>Wie viele Diamanten muss die Polizei noch finden?</p>","50","54 - 28","c","8","S","I","26","46",""
"html-keyboard-response","111","742170","0.0-16.0-2.31","","287","textaufgaben","","","","<p>Ein Dieb hat einer Frau einige Diamanten gestohlen.</p> <p>Der Dieb hatte ihr 54 Diamanten gestohlen.</p> <p>Die Polizei findet 28 Diamanten wieder.</p> <p>Wie viele Diamanten muss die Polizei noch finden?</p>","54","54 - 28","c","8","S","I","26","46",""
"html-keyboard-response","112","743173","0.0-16.0-0.32","","null","","","","","+","null","","","","","","","",""
"html-keyboard-response","113","750866","0.0-16.0-1.32","","7692","textaufgaben","","","","<p>Ein paar Freunde suchen Pilze im Wald.</p> <p>Sie sammeln gerade 13 Pilze.</p> <p>Sie hatten 36 Pilze davor.</p> <p>Wie viele Pilze haben sie am Ende?</p>","52","36 + 13","nc","1","A","C","49","2",""
"html-keyboard-response","114","751554","0.0-16.0-2.32","","687","textaufgaben","","","","<p>Ein paar Freunde suchen Pilze im Wald.</p> <p>Sie sammeln gerade 13 Pilze.</p> <p>Sie hatten 36 Pilze davor.</p> <p>Wie viele Pilze haben sie am Ende?</p>","57","36 + 13","nc","1","A","C","49","2",""
"html-keyboard-response","115","752555","0.0-16.0-0.33","","null","","","","","+","null","","","","","","","",""
"html-keyboard-response","116","762434","0.0-16.0-1.33","","9879","textaufgaben","","","","<p>Eine Studentin muss W&ouml;rter lernen.</p> <p>Die Studentin kannte 43 W&ouml;rter.</p> <p>Sie hat gerade 19 W&ouml;rter gelernt.</p> <p>Wie viele W&ouml;rter kennt die Studentin am Ende?</p>","54","43 + 19","c","2","A","C","62","7",""
"html-keyboard-response","117","762801","0.0-16.0-2.33","","368","textaufgaben","","","","<p>Eine Studentin muss W&ouml;rter lernen.</p> <p>Die Studentin kannte 43 W&ouml;rter.</p> <p>Sie hat gerade 19 W&ouml;rter gelernt.</p> <p>Wie viele W&ouml;rter kennt die Studentin am Ende?</p>","50","43 + 19","c","2","A","C","62","7",""
"html-keyboard-response","118","763806","0.0-16.0-0.34","","null","","","","","+","null","","","","","","","",""
"html-keyboard-response","119","774529","0.0-16.0-1.34","","10722","textaufgaben","","","","<p>Eine Marktfrau verkauft &Auml;pfel auf dem Markt.</p> <p>Die Marktfrau verkauft 13 &Auml;pfel.</p> <p>Sie hatte 25 &Auml;pfel mitgebracht.</p> <p>Wie viele &Auml;pfel hat sie am Ende?</p>","49","25 - 13","nc","3","S","C","12","13",""
"html-keyboard-response","120","774762","0.0-16.0-2.34","","231","textaufgaben","","","","<p>Eine Marktfrau verkauft &Auml;pfel auf dem Markt.</p> <p>Die Marktfrau verkauft 13 &Auml;pfel.</p> <p>Sie hatte 25 &Auml;pfel mitgebracht.</p> <p>Wie viele &Auml;pfel hat sie am Ende?</p>","50","25 - 13","nc","3","S","C","12","13",""
"html-keyboard-response","121","775765","0.0-16.0-0.35","","null","","","","","+","null","","","","","","","",""
"html-keyboard-response","122","786904","0.0-16.0-1.35","","11140","textaufgaben","","","","<p>Ein M&auml;dchen sammelt B&uuml;cher.</p> <p>Das M&auml;dchen verschenkt 17 B&uuml;cher.</p> <p>Sie hatte 46 B&uuml;cher  mitgebracht.</p> <p>Wie viele B&uuml;cher hat sie am Ende?</p>","50","46 - 17","c","4","S","C","29","22",""
"html-keyboard-response","123","787161","0.0-16.0-2.35","","255","textaufgaben","","","","<p>Ein M&auml;dchen sammelt B&uuml;cher.</p> <p>Das M&auml;dchen verschenkt 17 B&uuml;cher.</p> <p>Sie hatte 46 B&uuml;cher  mitgebracht.</p> <p>Wie viele B&uuml;cher hat sie am Ende?</p>","57","46 - 17","c","4","S","C","29","22",""
"html-keyboard-response","124","788164","0.0-16.0-0.36","","null","","","","","+","null","","","","","","","",""
"html-keyboard-response","125","794832","0.0-16.0-1.36","","6668","textaufgaben","","","","<p>Ein paar Freunde suchen Pilze im Wald.</p> <p>Sie werfen gerade 23 giftige Pilze weg.</p> <p>Sie haben 31 Pilze &uuml;brig.</p> <p>Wie viele Pilze hatten sie fr&uuml;her?</p>","53","31 + 23","nc","5","A","I","54","25",""
"html-keyboard-response","126","795368","0.0-16.0-2.36","","535","textaufgaben","","","","<p>Ein paar Freunde suchen Pilze im Wald.</p> <p>Sie werfen gerade 23 giftige Pilze weg.</p> <p>Sie haben 31 Pilze &uuml;brig.</p> <p>Wie viele Pilze hatten sie fr&uuml;her?</p>","52","31 + 23","nc","5","A","I","54","25",""
"html-keyboard-response","127","796369","0.0-16.0-0.37","","null","","","","","+","null","","","","","","","",""
"html-keyboard-response","128","808009","0.0-16.0-1.37","","11639","textaufgaben","","","","<p>Ein M&auml;dchen sammelt B&uuml;cher.</p> <p>Das M&auml;dchen verschenkt 25 B&uuml;cher.</p> <p>Sie hat danach 17 B&uuml;cher.</p> <p>Wie viele B&uuml;cher hatte sie am Anfang?</p>","52","25 + 17","c","6","A","I","42","34",""
"html-keyboard-response","129","808296","0.0-16.0-2.37","","288","textaufgaben","","","","<p>Ein M&auml;dchen sammelt B&uuml;cher.</p> <p>Das M&auml;dchen verschenkt 25 B&uuml;cher.</p> <p>Sie hat danach 17 B&uuml;cher.</p> <p>Wie viele B&uuml;cher hatte sie am Anfang?</p>","50","25 + 17","c","6","A","I","42","34",""
"html-keyboard-response","130","809297","0.0-16.0-0.38","","null","","","","","+","null","","","","","","","",""
"html-keyboard-response","131","818712","0.0-16.0-1.38","","9416","textaufgaben","","","","<p>Eine Tennisspielerin spielt Turniere.</p> <p>Sie hat in dieser Saison 29 Spiele gespielt.</p> <p>Sie gewann 13 Spiele.</p> <p>Wie viele Spiele hatte sie verloren?</p>","49","29 - 13","nc","7","S","I","16","39",""
"html-keyboard-response","132","819384","0.0-16.0-2.38","","672","textaufgaben","","","","<p>Eine Tennisspielerin spielt Turniere.</p> <p>Sie hat in dieser Saison 29 Spiele gespielt.</p> <p>Sie gewann 13 Spiele.</p> <p>Wie viele Spiele hatte sie verloren?</p>","54","29 - 13","nc","7","S","I","16","39",""
"html-keyboard-response","133","820387","0.0-16.0-0.39","","null","","","","","+","null","","","","","","","",""
"html-keyboard-response","134","836976","0.0-16.0-1.39","","16589","textaufgaben","","","","<p>Ein M&auml;dchen sammelt B&uuml;cher.</p> <p>Das M&auml;dchen erh&auml;lt 45 B&uuml;cher.</p> <p>Sie hat danach 74 B&uuml;cher.</p> <p>Wie viele B&uuml;cher hatte sie am Anfang?</p>","50","74 - 45","c","8","S","I","29","48",""
"html-keyboard-response","135","837224","0.0-16.0-2.39","","248","textaufgaben","","","","<p>Ein M&auml;dchen sammelt B&uuml;cher.</p> <p>Das M&auml;dchen erh&auml;lt 45 B&uuml;cher.</p> <p>Sie hat danach 74 B&uuml;cher.</p> <p>Wie viele B&uuml;cher hatte sie am Anfang?</p>","57","74 - 45","c","8","S","I","29","48",""
"html-keyboard-response","136","838224","0.0-16.0-0.40","","null","","","","","+","null","","","","","","","",""
"html-keyboard-response","137","850103","0.0-16.0-1.40","","11877","textaufgaben","","","","<p>Einige Leute wurden zur Party eingeladen.</p> <p>12 Leute sind sp&auml;ter gekommen.</p> <p>Es waren davor 75 Leute auf der Party.</p> <p>Wie viele Leute waren am Ende auf der Party?</p>","56","75 + 12","nc","1","A","C","87","6",""
"html-keyboard-response","138","850311","0.0-16.0-2.40","","207","textaufgaben","","","","<p>Einige Leute wurden zur Party eingeladen.</p> <p>12 Leute sind sp&auml;ter gekommen.</p> <p>Es waren davor 75 Leute auf der Party.</p> <p>Wie viele Leute waren am Ende auf der Party?</p>","55","75 + 12","nc","1","A","C","87","6",""
"html-keyboard-response","139","851313","0.0-16.0-0.41","","null","","","","","+","null","","","","","","","",""
"html-keyboard-response","140","861127","0.0-16.0-1.41","","9815","textaufgaben","","","","<p>Ein paar Freunde suchen Pilze im Wald.</p> <p>Sie hatten 67 Pilze.</p> <p>Sie sammeln 15 Pilzen.</p> <p>Wie viele Pilze haben sie am Ende?</p>","56","67 + 15","c","2","A","C","82","9",""
"html-keyboard-response","141","861615","0.0-16.0-2.41","","487","textaufgaben","","","","<p>Ein paar Freunde suchen Pilze im Wald.</p> <p>Sie hatten 67 Pilze.</p> <p>Sie sammeln 15 Pilzen.</p> <p>Wie viele Pilze haben sie am Ende?</p>","50","67 + 15","c","2","A","C","82","9",""
"html-keyboard-response","142","862620","0.0-16.0-0.42","","null","","","","","+","null","","","","","","","",""
"html-keyboard-response","143","870519","0.0-16.0-1.42","","7898","textaufgaben","","","","<p>Eine Studentin muss W&ouml;rter lernen.</p> <p>Die Studentin vergisst 12 W&ouml;rter.</p> <p>Sie hat am Anfang 58 W&ouml;rter gelernt.</p> <p>Wie viele W&ouml;rter hat sie richtig gelernt?</p>","52","58 - 12","nc","3","S","C","46","14",""
"html-keyboard-response","144","871039","0.0-16.0-2.42","","520","textaufgaben","","","","<p>Eine Studentin muss W&ouml;rter lernen.</p> <p>Die Studentin vergisst 12 W&ouml;rter.</p> <p>Sie hat am Anfang 58 W&ouml;rter gelernt.</p> <p>Wie viele W&ouml;rter hat sie richtig gelernt?</p>","54","58 - 12","nc","3","S","C","46","14",""
"html-keyboard-response","145","872041","0.0-16.0-0.43","","null","","","","","+","null","","","","","","","",""
"html-keyboard-response","146","882302","0.0-16.0-1.43","","10261","textaufgaben","","","","<p>Eine Tennisspielerin spielt Turniere.</p> <p>Sie verlor 18 Spiele.</p> <p>Sie hat in dieser Saison 34 Spiele gespielt.</p> <p>Wie viele Spiele hat sie gewonnen?</p>","49","34 - 18","c","4","S","C","16","21",""
"html-keyboard-response","147","882694","0.0-16.0-2.43","","391","textaufgaben","","","","<p>Eine Tennisspielerin spielt Turniere.</p> <p>Sie verlor 18 Spiele.</p> <p>Sie hat in dieser Saison 34 Spiele gespielt.</p> <p>Wie viele Spiele hat sie gewonnen?</p>","54","34 - 18","c","4","S","C","16","21",""
"html-keyboard-response","148","883697","0.0-16.0-0.44","","null","","","","","+","null","","","","","","","",""
"html-keyboard-response","149","895598","0.0-16.0-1.44","","11901","textaufgaben","","","","<p>Ein Dieb hat einer Frau einige Diamanten gestohlen.</p> <p>Sie hat jetzt 34 Diamanten.</p> <p>Der Dieb hatte ihr 25 Diamanten gestohlen.</p> <p>Wie viele Diamanten hatte die Frau?</p>","53","34 + 25","nc","5","A","I","59","29",""
"html-keyboard-response","150","896198","0.0-16.0-2.44","","599","textaufgaben","","","","<p>Ein Dieb hat einer Frau einige Diamanten gestohlen.</p> <p>Sie hat jetzt 34 Diamanten.</p> <p>Der Dieb hatte ihr 25 Diamanten gestohlen.</p> <p>Wie viele Diamanten hatte die Frau?</p>","57","34 + 25","nc","5","A","I","59","29",""
"html-keyboard-response","151","897199","0.0-16.0-0.45","","null","","","","","+","null","","","","","","","",""
"html-keyboard-response","152","907454","0.0-16.0-1.45","","10255","textaufgaben","","","","<p>Ein Mann spart Geld f&uuml;r einige Anschaffungen.</p> <p>Er gibt 19 Euro aus.</p> <p>Er hat jetzt 27 Euro.</p> <p>Wie viel Geld hatte der Mann?</p>","52","27 + 19","c","6","A","I","42","31",""
"html-keyboard-response","153","907846","0.0-16.0-2.45","","391","textaufgaben","","","","<p>Ein Mann spart Geld f&uuml;r einige Anschaffungen.</p> <p>Er gibt 19 Euro aus.</p> <p>Er hat jetzt 27 Euro.</p> <p>Wie viel Geld hatte der Mann?</p>","54","27 + 19","c","6","A","I","42","31",""
"html-keyboard-response","154","908846","0.0-16.0-0.46","","null","","","","","+","null","","","","","","","",""
"html-keyboard-response","155","923622","0.0-16.0-1.46","","14775","textaufgaben","","","","<p>Ein Mann spart Geld f&uuml;r einige Anschaffungen.</p> <p>Er hat jetzt 37 Euro.</p> <p>Er hatte 24 Euro verdient.</p> <p>Wie viel Geld hatte er am Anfang?</p>","49","37 - 24","nc","7","S","I","13","41",""
"html-keyboard-response","156","923917","0.0-16.0-2.46","","295","textaufgaben","","","","<p>Ein Mann spart Geld f&uuml;r einige Anschaffungen.</p> <p>Er hat jetzt 37 Euro.</p> <p>Er hatte 24 Euro verdient.</p> <p>Wie viel Geld hatte er am Anfang?</p>","51","37 - 24","nc","7","S","I","13","41",""
"html-keyboard-response","157","924918","0.0-16.0-0.47","","null","","","","","+","null","","","","","","","",""
"html-keyboard-response","158","934461","0.0-16.0-1.47","","9543","textaufgaben","","","","<p>Eine Studentin muss W&ouml;rter lernen.</p> <p>Die Studentin hat 13 W&ouml;rter gelernt.</p> <p>Sie kennt jetzt 31 W&ouml;rter.</p> <p>Wie viele W&ouml;rter hatte sie am Anfang gekonnt?</p>","49","31 - 13","c","8","S","I","18","45",""
"html-keyboard-response","159","935013","0.0-16.0-2.47","","550","textaufgaben","","","","<p>Eine Studentin muss W&ouml;rter lernen.</p> <p>Die Studentin hat 13 W&ouml;rter gelernt.</p> <p>Sie kennt jetzt 31 W&ouml;rter.</p> <p>Wie viele W&ouml;rter hatte sie am Anfang gekonnt?</p>","56","31 - 13","c","8","S","I","18","45",""
"html-keyboard-response","160","938061","0.0-17.0","","3048","","","","","Die Aufgabe ist vorbei. Bitte dr&uuml;cken Sie eine Taste um fortzufahren!","13","","","","","","","",""
"instructions","161","966316","0.0-18.0","[{""page_index"":0,""viewing_time"":28255}]","28256","instruktion_Rechenaufgaben","","","","","","","","","","","","",""
"survey-time","162","1026319","0.0-19.0","","59996","Additionsaufgaben","{""RT02_01"":""41"",""RT02_02"":"""",""RT02_03"":""46"",""RT02_04"":""98"",""RT02_05"":""91"",""RT02_06"":""53"",""RT02_07"":""74"",""RT02_08"":""38"",""RT02_09"":""95"",""RT02_10"":""73"",""RT02_11"":"""",""RT02_12"":"""",""RT02_13"":"""",""RT02_14"":"""",""RT02_15"":"""",""RT02_16"":"""",""RT02_17"":"""",""RT02_18"":"""",""RT02_19"":"""",""RT02_20"":"""",""RT02_21"":"""",""RT02_22"":"""",""RT02_23"":"""",""RT02_24"":"""",""RT02_25"":"""",""RT02_26"":"""",""RT02_27"":"""",""RT02_28"":""""}","","","","","","","","","","","",""
"instructions","163","1031842","0.0-20.0","[{""page_index"":0,""viewing_time"":5523}]","5523","instruktion_Rechenaufgaben2","","","","","","","","","","","","",""
"survey-time","164","1056545","0.0-21.0","","","Subtraktionsaufgaben","","","","","","","","","","","","","Sie haben alle Aufgaben vor Ende der Zeit erledigt!"
