"trial_type","trial_index","time_elapsed","internal_node_id","view_history","rt","test_part","responses","question_order","success","stimulus","key_press","task","type","condition","operation","consistency","correct_response","task_id","button_pressed","status"
"pavlovia","0","9","0.0-0.0","","","","","","","","","","","","","","","","",""
"instructions","1","109820","0.0-1.0","[{""page_index"":0,""viewing_time"":92647},{""page_index"":1,""viewing_time"":17159}]","109809","teilnehmerinfo","","","","","","","","","","","","","",""
"survey-multi-select","2","1305879","0.0-2.0","","1196050","Einverstaendniserklaerung","{""einverstaendnis;"":[""Ich erkl&auml;re mich damit einverstanden, an der Studie teilzunehmen!""]}","[0]","","","","","","","","","","","",""
"fullscreen","3","1309343","0.0-3.0","","","","","","true","","","","","","","","","","",""
"survey-text","4","1315031","0.0-4.0","","5675","demoFragen_Seite_1","{""Alter"":""38""}","","","","","","","","","","","","",""
"survey-multi-choice","5","1343611","0.0-5.0","","28570","demoFragen_Seite_2","{""handedneß"":"" rechtshändig "",""sex"":"" weiblich "",""firstlanguage"":"" ja "",""ethnic"":"" Weiß ""}","[0,1,2,3]","","","","","","","","","","","",""
"survey-multi-choice","6","1366309","0.0-6.0","","22692","demoFragen_Seite_3","{""legasthenie"":"" nein "",""dyskalkulie"":"" nein "",""student"":"" ja "",""beschäftigung"":"" keine Angabe ""}","[0,1,2,3]","","","","","","","","","","","",""
"survey-multi-choice","7","1384259","0.0-7.0","","17942","demoFragen_Seite_4","{""bildung"":"" Hochschulabschluss "",""educationmath"":"" wenig (z.B. Literatur, Sprachen, Kultur, Medien, Philosophie, Theologie) "",""workmath"":"" wenig (z.B. Literatur, Sprachen, Kultur, Medien, Philosophie, Theologie) ""}","[0,1,2]","","","","","","","","","","","",""
"instructions","8","1418037","0.0-8.0","[{""page_index"":0,""viewing_time"":33772}]","33773","Instruktion_GAD","","","","","","","","","","","","","",""
"survey-likert","9","1459841","0.0-9.0","","41796","GAD","{""GADa"":2,""GADb"":2,""GADc"":2,""GADd"":2,""GADe"":1,""GADf"":1,""GADg"":1}","[0,1,2,3,4,5,6]","","","","","","","","","","","",""
"instructions","10","1470546","0.0-10.0","[{""page_index"":0,""viewing_time"":10700}]","10700","Instruktion_STAI","","","","","","","","","","","","","",""
"survey-likert","11","1498149","0.0-11.0","","27596","STAI","{""STAI1"":2,""STAI2"":1,""STAI3"":2,""STAI4"":2,""STAI5"":1}","[0,1,2,3,4]","","","","","","","","","","","",""
"instructions","12","1504214","0.0-12.0","[{""page_index"":0,""viewing_time"":6061}]","6062","Instruktion_AMAS","","","","","","","","","","","","","",""
"survey-likert","13","1546300","0.0-13.0","","42075","AMAS","{""AMAS1"":2,""AMAS2"":3,""AMAS3"":1,""AMAS4"":3,""AMAS5"":3,""AMAS6"":1,""AMAS7"":1,""AMAS8"":4,""AMAS9"":2}","[0,1,2,3,4,5,6,7,8]","","","","","","","","","","","",""
"instructions","14","1598863","0.0-14.0","[{""page_index"":0,""viewing_time"":52559}]","52560","Instruktion_TEXT","","","","","","","","","","","","","",""
"instructions","15","1620962","0.0-15.0","[{""page_index"":0,""viewing_time"":22098}]","22099","Instruktion_TEXT_Beispiel","","","","","","","","","","","","","",""
"html-keyboard-response","16","1621971","0.0-16.0-0.0","","null","","","","","+","null","","","","","","","","",""
"html-keyboard-response","17","1635583","0.0-16.0-1.0","","13605","textaufgaben","","","","<p>Ein M&auml;dchen sammelt B&uuml;cher.</p> <p>Sie hat 35 B&uuml;cher erhalten.</p> <p>Das M&auml;dchen hatte davor 54 B&uuml;cher.</p> <p>Wie viele B&uuml;cher hat sie am Ende?</p>","104","54 + 35","nc","1","A","C","89","4","",""
"html-keyboard-response","18","1636096","0.0-16.0-2.0","","511","textaufgaben","","","","<p>Ein M&auml;dchen sammelt B&uuml;cher.</p> <p>Sie hat 35 B&uuml;cher erhalten.</p> <p>Das M&auml;dchen hatte davor 54 B&uuml;cher.</p> <p>Wie viele B&uuml;cher hat sie am Ende?</p>","105","54 + 35","nc","1","A","C","89","4","",""
"html-keyboard-response","19","1637100","0.0-16.0-0.1","","null","","","","","+","null","","","","","","","","",""
"html-keyboard-response","20","1655425","0.0-16.0-1.1","","18322","textaufgaben","","","","<p>Eine Marktfrau verkauft &Auml;pfel auf dem Markt.</p> <p>Die Marktfrau kam mit 56 &Auml;pfeln.</p> <p>Sie hat 27 &Auml;pfel geliefert bekommen.</p> <p>Wie viele &Auml;pfel hat sie am Ende?</p>","104","56 + 27","c","2","A","C","83","12","",""
"html-keyboard-response","21","1655889","0.0-16.0-2.1","","461","textaufgaben","","","","<p>Eine Marktfrau verkauft &Auml;pfel auf dem Markt.</p> <p>Die Marktfrau kam mit 56 &Auml;pfeln.</p> <p>Sie hat 27 &Auml;pfel geliefert bekommen.</p> <p>Wie viele &Auml;pfel hat sie am Ende?</p>","99","56 + 27","c","2","A","C","83","12","",""
"html-keyboard-response","22","1656899","0.0-16.0-0.2","","null","","","","","+","null","","","","","","","","",""
"html-keyboard-response","23","1662882","0.0-16.0-1.2","","5980","textaufgaben","","","","<p>Ein M&auml;dchen sammelt B&uuml;cher.</p> <p>Das M&auml;dchen hat 28 B&uuml;cher.</p> <p>Sie verschenkt 13 B&uuml;cher an ihre Freunde.</p> <p>Wie viele B&uuml;cher hat sie am Ende?</p>","97","28 - 13","nc","3","S","C","15","17","",""
"html-keyboard-response","24","1663151","0.0-16.0-2.2","","267","textaufgaben","","","","<p>Ein M&auml;dchen sammelt B&uuml;cher.</p> <p>Das M&auml;dchen hat 28 B&uuml;cher.</p> <p>Sie verschenkt 13 B&uuml;cher an ihre Freunde.</p> <p>Wie viele B&uuml;cher hat sie am Ende?</p>","101","28 - 13","nc","3","S","C","15","17","",""
"html-keyboard-response","25","1664160","0.0-16.0-0.3","","null","","","","","+","null","","","","","","","","",""
"html-keyboard-response","26","1671134","0.0-16.0-1.3","","6972","textaufgaben","","","","<p>Ein M&auml;dchen sammelt B&uuml;cher.</p> <p>Das M&auml;dchen verschenkt 17 B&uuml;cher.</p> <p>Sie hatte 46 B&uuml;cher  mitgebracht.</p> <p>Wie viele B&uuml;cher hat sie am Ende?</p>","98","46 - 17","c","4","S","C","29","22","",""
"html-keyboard-response","27","1671509","0.0-16.0-2.3","","372","textaufgaben","","","","<p>Ein M&auml;dchen sammelt B&uuml;cher.</p> <p>Das M&auml;dchen verschenkt 17 B&uuml;cher.</p> <p>Sie hatte 46 B&uuml;cher  mitgebracht.</p> <p>Wie viele B&uuml;cher hat sie am Ende?</p>","105","46 - 17","c","4","S","C","29","22","",""
"html-keyboard-response","28","1672520","0.0-16.0-0.4","","null","","","","","+","null","","","","","","","","",""
"html-keyboard-response","29","1680356","0.0-16.0-1.4","","7835","textaufgaben","","","","<p>Ein paar Freunde suchen Pilze im Wald.</p> <p>Sie werfen gerade 23 giftige Pilze weg.</p> <p>Sie haben 31 Pilze &uuml;brig.</p> <p>Wie viele Pilze hatten sie fr&uuml;her?</p>","101","31 + 23","nc","5","A","I","54","25","",""
"html-keyboard-response","30","1680705","0.0-16.0-2.4","","348","textaufgaben","","","","<p>Ein paar Freunde suchen Pilze im Wald.</p> <p>Sie werfen gerade 23 giftige Pilze weg.</p> <p>Sie haben 31 Pilze &uuml;brig.</p> <p>Wie viele Pilze hatten sie fr&uuml;her?</p>","100","31 + 23","nc","5","A","I","54","25","",""
"html-keyboard-response","31","1681709","0.0-16.0-0.5","","null","","","","","+","null","","","","","","","","",""
"html-keyboard-response","32","1688256","0.0-16.0-1.5","","6545","textaufgaben","","","","<p>Ein Mann spart Geld f&uuml;r einige Anschaffungen.</p> <p>Er gibt 19 Euro aus.</p> <p>Er hat jetzt 27 Euro.</p> <p>Wie viel Geld hatte der Mann?</p>","100","27 + 19","c","6","A","I","42","31","",""
"html-keyboard-response","33","1690259","0.0-16.0-2.5","","null","textaufgaben","","","","<p>Ein Mann spart Geld f&uuml;r einige Anschaffungen.</p> <p>Er gibt 19 Euro aus.</p> <p>Er hat jetzt 27 Euro.</p> <p>Wie viel Geld hatte der Mann?</p>","null","27 + 19","c","6","A","I","42","31","",""
"html-keyboard-response","34","1691270","0.0-16.0-0.6","","null","","","","","+","null","","","","","","","","",""
"html-keyboard-response","35","1708892","0.0-16.0-1.6","","17620","textaufgaben","","","","<p>Ein Dieb hat einer Frau einige Diamanten gestohlen.</p> <p>Die Polizei hat 13 Diamanten wiedergefunden.</p> <p>Der Dieb hatte ihr 37 Diamanten gestohlen.</p> <p>Wie viele Diamanten muss die Polizei noch finden?</p>","98","37 - 13","nc","7","S","I","14","38","",""
"html-keyboard-response","36","1709279","0.0-16.0-2.6","","387","textaufgaben","","","","<p>Ein Dieb hat einer Frau einige Diamanten gestohlen.</p> <p>Die Polizei hat 13 Diamanten wiedergefunden.</p> <p>Der Dieb hatte ihr 37 Diamanten gestohlen.</p> <p>Wie viele Diamanten muss die Polizei noch finden?</p>","100","37 - 13","nc","7","S","I","14","38","",""
"html-keyboard-response","37","1710289","0.0-16.0-0.7","","null","","","","","+","null","","","","","","","","",""
"html-keyboard-response","38","1717507","0.0-16.0-1.7","","7218","textaufgaben","","","","<p>Eine Studentin muss W&ouml;rter lernen.</p> <p>Die Studentin hat 13 W&ouml;rter gelernt.</p> <p>Sie kennt jetzt 31 W&ouml;rter.</p> <p>Wie viele W&ouml;rter hatte sie am Anfang gekonnt?</p>","97","31 - 13","c","8","S","I","18","45","",""
"html-keyboard-response","39","1717984","0.0-16.0-2.7","","474","textaufgaben","","","","<p>Eine Studentin muss W&ouml;rter lernen.</p> <p>Die Studentin hat 13 W&ouml;rter gelernt.</p> <p>Sie kennt jetzt 31 W&ouml;rter.</p> <p>Wie viele W&ouml;rter hatte sie am Anfang gekonnt?</p>","104","31 - 13","c","8","S","I","18","45","",""
"html-keyboard-response","40","1718988","0.0-16.0-0.8","","null","","","","","+","null","","","","","","","","",""
"html-keyboard-response","41","1726035","0.0-16.0-1.8","","7044","textaufgaben","","","","<p>Einige Leute wurden zur Party eingeladen.</p> <p>12 Leute sind sp&auml;ter gekommen.</p> <p>Es waren davor 75 Leute auf der Party.</p> <p>Wie viele Leute waren am Ende auf der Party?</p>","104","75 + 12","nc","1","A","C","87","6","",""
"html-keyboard-response","42","1727951","0.0-16.0-2.8","","1915","textaufgaben","","","","<p>Einige Leute wurden zur Party eingeladen.</p> <p>12 Leute sind sp&auml;ter gekommen.</p> <p>Es waren davor 75 Leute auf der Party.</p> <p>Wie viele Leute waren am Ende auf der Party?</p>","104","75 + 12","nc","1","A","C","87","6","",""
"html-keyboard-response","43","1728959","0.0-16.0-0.9","","null","","","","","+","null","","","","","","","","",""
"html-keyboard-response","44","1740230","0.0-16.0-1.9","","11269","textaufgaben","","","","<p>Einige Leute wurden zur Party eingeladen.</p> <p>19 Leute sind sp&auml;ter gekommen.</p> <p>Es waren anfangs 24 Leute auf der Party.</p> <p>Wie viele Leute waren am Ende auf der Party?</p>","100","24 + 19","c","2","A","C","43","8","",""
"html-keyboard-response","45","1740880","0.0-16.0-2.9","","649","textaufgaben","","","","<p>Einige Leute wurden zur Party eingeladen.</p> <p>19 Leute sind sp&auml;ter gekommen.</p> <p>Es waren anfangs 24 Leute auf der Party.</p> <p>Wie viele Leute waren am Ende auf der Party?</p>","99","24 + 19","c","2","A","C","43","8","",""
"html-keyboard-response","46","1741889","0.0-16.0-0.10","","null","","","","","+","null","","","","","","","","",""
"html-keyboard-response","47","1749084","0.0-16.0-1.10","","7194","textaufgaben","","","","<p>Ein Mann spart Geld f&uuml;r einige Anschaffungen.</p> <p>Er hatte 37 Euro gehabt.</p> <p>Er hat 14 Euro ausgegeben.</p> <p>Wie viel Geld hat er am Ende?</p>","98","37 - 14","nc","3","S","C","23","25","",""
"html-keyboard-response","48","1749567","0.0-16.0-2.10","","481","textaufgaben","","","","<p>Ein Mann spart Geld f&uuml;r einige Anschaffungen.</p> <p>Er hatte 37 Euro gehabt.</p> <p>Er hat 14 Euro ausgegeben.</p> <p>Wie viel Geld hat er am Ende?</p>","99","37 - 14","nc","3","S","C","23","25","",""
"html-keyboard-response","49","1750579","0.0-16.0-0.11","","null","","","","","+","null","","","","","","","","",""
"html-keyboard-response","50","1759717","0.0-16.0-1.11","","9137","textaufgaben","","","","<p>Ein paar Freunde suchen Pilze im Wald.</p> <p>Sie haben 65 Pilze gefunden.</p> <p>Sie haben 36 giftige Pilze weggeworfen.</p> <p>Wie viele Pilze haben sie danach?</p>","98","65 - 36","c","4","S","C","29","24","",""
"html-keyboard-response","51","1760257","0.0-16.0-2.11","","537","textaufgaben","","","","<p>Ein paar Freunde suchen Pilze im Wald.</p> <p>Sie haben 65 Pilze gefunden.</p> <p>Sie haben 36 giftige Pilze weggeworfen.</p> <p>Wie viele Pilze haben sie danach?</p>","105","65 - 36","c","4","S","C","29","24","",""
"html-keyboard-response","52","1761258","0.0-16.0-0.12","","null","","","","","+","null","","","","","","","","",""
"html-keyboard-response","53","1773754","0.0-16.0-1.12","","12496","textaufgaben","","","","<p>Einige Leute wurden zur Party eingeladen.</p> <p>72 Leute haben die Party verlassen.</p> <p>Es blieben danach 26 Leute.</p> <p>Wie viele Leute waren zur Party gekommen?</p>","105","72 + 26","nc","5","A","I","98","27","",""
"html-keyboard-response","54","1774284","0.0-16.0-2.12","","528","textaufgaben","","","","<p>Einige Leute wurden zur Party eingeladen.</p> <p>72 Leute haben die Party verlassen.</p> <p>Es blieben danach 26 Leute.</p> <p>Wie viele Leute waren zur Party gekommen?</p>","104","72 + 26","nc","5","A","I","98","27","",""
"html-keyboard-response","55","1775288","0.0-16.0-0.13","","null","","","","","+","null","","","","","","","","",""
"html-keyboard-response","56","1781827","0.0-16.0-1.13","","6537","textaufgaben","","","","<p>Ein M&auml;dchen sammelt B&uuml;cher.</p> <p>Das M&auml;dchen verschenkt 25 B&uuml;cher.</p> <p>Sie hat danach 17 B&uuml;cher.</p> <p>Wie viele B&uuml;cher hatte sie am Anfang?</p>","100","25 + 17","c","6","A","I","42","34","",""
"html-keyboard-response","57","1782460","0.0-16.0-2.13","","633","textaufgaben","","","","<p>Ein M&auml;dchen sammelt B&uuml;cher.</p> <p>Das M&auml;dchen verschenkt 25 B&uuml;cher.</p> <p>Sie hat danach 17 B&uuml;cher.</p> <p>Wie viele B&uuml;cher hatte sie am Anfang?</p>","98","25 + 17","c","6","A","I","42","34","",""
"html-keyboard-response","58","1783467","0.0-16.0-0.14","","null","","","","","+","null","","","","","","","","",""
"html-keyboard-response","59","1790431","0.0-16.0-1.14","","6962","textaufgaben","","","","<p>Ein Mann spart Geld f&uuml;r einige Anschaffungen.</p> <p>Er hat jetzt 37 Euro.</p> <p>Er hatte 24 Euro verdient.</p> <p>Wie viel Geld hatte er am Anfang?</p>","97","37 - 24","nc","7","S","I","13","41","",""
"html-keyboard-response","60","1791003","0.0-16.0-2.14","","571","textaufgaben","","","","<p>Ein Mann spart Geld f&uuml;r einige Anschaffungen.</p> <p>Er hat jetzt 37 Euro.</p> <p>Er hatte 24 Euro verdient.</p> <p>Wie viel Geld hatte er am Anfang?</p>","99","37 - 24","nc","7","S","I","13","41","",""
"html-keyboard-response","61","1792008","0.0-16.0-0.15","","null","","","","","+","null","","","","","","","","",""
"html-keyboard-response","62","1811093","0.0-16.0-1.15","","19084","textaufgaben","","","","<p>Einige Leute wurden zur Party eingeladen.</p> <p>Am Ende sind 41 Leute auf der Party.</p> <p>18 Leute sind davor zur Party gekommen.</p> <p>Wie viele Leute waren am Anfang auf der Party?</p>","98","41 - 18","c","8","S","I","23","47","",""
"html-keyboard-response","63","1811474","0.0-16.0-2.15","","378","textaufgaben","","","","<p>Einige Leute wurden zur Party eingeladen.</p> <p>Am Ende sind 41 Leute auf der Party.</p> <p>18 Leute sind davor zur Party gekommen.</p> <p>Wie viele Leute waren am Anfang auf der Party?</p>","99","41 - 18","c","8","S","I","23","47","",""
"html-keyboard-response","64","1812477","0.0-16.0-0.16","","null","","","","","+","null","","","","","","","","",""
"html-keyboard-response","65","1820875","0.0-16.0-1.16","","8395","textaufgaben","","","","<p>Ein Dieb hat einer Frau einige Diamanten gestohlen.</p> <p>Nach dem Diebstahl hatte sie 23 Diamanten.</p> <p>Die Polizei findet 15 Diamanten wieder.</p> <p>Wie viele Diamanten hat die Frau am Ende?</p>","99","23 + 15","nc","1","A","C","38","5","",""
"html-keyboard-response","66","1821520","0.0-16.0-2.16","","643","textaufgaben","","","","<p>Ein Dieb hat einer Frau einige Diamanten gestohlen.</p> <p>Nach dem Diebstahl hatte sie 23 Diamanten.</p> <p>Die Polizei findet 15 Diamanten wieder.</p> <p>Wie viele Diamanten hat die Frau am Ende?</p>","104","23 + 15","nc","1","A","C","38","5","",""
"html-keyboard-response","67","1822528","0.0-16.0-0.17","","null","","","","","+","null","","","","","","","","",""
"html-keyboard-response","68","1829947","0.0-16.0-1.17","","7418","textaufgaben","","","","<p>Ein paar Freunde suchen Pilze im Wald.</p> <p>Sie hatten 67 Pilze.</p> <p>Sie sammeln 15 Pilzen.</p> <p>Wie viele Pilze haben sie am Ende?</p>","104","67 + 15","c","2","A","C","82","9","",""
"html-keyboard-response","69","1830505","0.0-16.0-2.17","","557","textaufgaben","","","","<p>Ein paar Freunde suchen Pilze im Wald.</p> <p>Sie hatten 67 Pilze.</p> <p>Sie sammeln 15 Pilzen.</p> <p>Wie viele Pilze haben sie am Ende?</p>","98","67 + 15","c","2","A","C","82","9","",""
"html-keyboard-response","70","1831507","0.0-16.0-0.18","","null","","","","","+","null","","","","","","","","",""
"html-keyboard-response","71","1838493","0.0-16.0-1.18","","6985","textaufgaben","","","","<p>Ein Dieb hat einer Frau einige Diamanten gestohlen.</p> <p>Ihr wurden 32 Diamanten gestohlen.</p> <p>Die Frau hatte 53 Diamanten gehabt.</p> <p>Wie viele Diamanten hat sie jetzt?</p>","98","53 - 32","nc","3","S","C","21","18","",""
"html-keyboard-response","72","1838835","0.0-16.0-2.18","","341","textaufgaben","","","","<p>Ein Dieb hat einer Frau einige Diamanten gestohlen.</p> <p>Ihr wurden 32 Diamanten gestohlen.</p> <p>Die Frau hatte 53 Diamanten gehabt.</p> <p>Wie viele Diamanten hat sie jetzt?</p>","97","53 - 32","nc","3","S","C","21","18","",""
"html-keyboard-response","73","1839838","0.0-16.0-0.19","","null","","","","","+","null","","","","","","","","",""
"html-keyboard-response","74","1844083","0.0-16.0-1.19","","4244","textaufgaben","","","","<p>Eine Marktfrau verkauft &Auml;pfel auf dem Markt.</p> <p>Die Marktfrau kam mit 37 &Auml;pfeln.</p> <p>Sie verkauft 19 &Auml;pfel.</p> <p>Wie viele &Auml;pfel hat sie am Ende?</p>","97","37 - 19","c","4","S","C","18","20","",""
"html-keyboard-response","75","1844533","0.0-16.0-2.19","","447","textaufgaben","","","","<p>Eine Marktfrau verkauft &Auml;pfel auf dem Markt.</p> <p>Die Marktfrau kam mit 37 &Auml;pfeln.</p> <p>Sie verkauft 19 &Auml;pfel.</p> <p>Wie viele &Auml;pfel hat sie am Ende?</p>","104","37 - 19","c","4","S","C","18","20","",""
"html-keyboard-response","76","1845537","0.0-16.0-0.20","","null","","","","","+","null","","","","","","","","",""
"html-keyboard-response","77","1854759","0.0-16.0-1.20","","9220","textaufgaben","","","","<p>Eine Tennisspielerin spielt Turniere.</p> <p>Sie hatte fr&uuml;her 23 Spiele verloren.</p> <p>Sie hat 14 Spiele in dieser Saison verloren.</p> <p>Wie viele Spiele hat sie in ihrer Karriere verloren?</p>","99","23 + 14","nc","5","A","I","37","28","",""
"html-keyboard-response","78","1855317","0.0-16.0-2.20","","557","textaufgaben","","","","<p>Eine Tennisspielerin spielt Turniere.</p> <p>Sie hatte fr&uuml;her 23 Spiele verloren.</p> <p>Sie hat 14 Spiele in dieser Saison verloren.</p> <p>Wie viele Spiele hat sie in ihrer Karriere verloren?</p>","103","23 + 14","nc","5","A","I","37","28","",""
"html-keyboard-response","79","1856327","0.0-16.0-0.21","","null","","","","","+","null","","","","","","","","",""
"html-keyboard-response","80","1866367","0.0-16.0-1.21","","10039","textaufgaben","","","","<p>Eine Marktfrau verkauft &Auml;pfel auf dem Markt.</p> <p>Sie hat jetzt 38 &Auml;pfel.</p> <p>Die Marktfrau hatte davor 26 &Auml;pfel verkauft.</p> <p>Wie viele &Auml;pfel hatte sie am Anfang?</p>","102","38 + 26","c","6","A","I","64","35","",""
"html-keyboard-response","81","1866697","0.0-16.0-2.21","","328","textaufgaben","","","","<p>Eine Marktfrau verkauft &Auml;pfel auf dem Markt.</p> <p>Sie hat jetzt 38 &Auml;pfel.</p> <p>Die Marktfrau hatte davor 26 &Auml;pfel verkauft.</p> <p>Wie viele &Auml;pfel hatte sie am Anfang?</p>","100","38 + 26","c","6","A","I","64","35","",""
"html-keyboard-response","82","1867707","0.0-16.0-0.22","","null","","","","","+","null","","","","","","","","",""
"html-keyboard-response","83","1873652","0.0-16.0-1.22","","5943","textaufgaben","","","","<p>Eine Studentin muss W&ouml;rter lernen.</p> <p>Die Studentin hat 42 W&ouml;rter gelernt.</p> <p>Sie kennt jetzt 68 W&ouml;rter.</p> <p>Wie viele W&ouml;rter hatte sie am Anfang gekonnt?</p>","98","68 - 42","nc","7","S","I","26","40","",""
"html-keyboard-response","84","1875242","0.0-16.0-2.22","","1589","textaufgaben","","","","<p>Eine Studentin muss W&ouml;rter lernen.</p> <p>Die Studentin hat 42 W&ouml;rter gelernt.</p> <p>Sie kennt jetzt 68 W&ouml;rter.</p> <p>Wie viele W&ouml;rter hatte sie am Anfang gekonnt?</p>","98","68 - 42","nc","7","S","I","26","40","",""
"html-keyboard-response","85","1876246","0.0-16.0-0.23","","null","","","","","+","null","","","","","","","","",""
"html-keyboard-response","86","1889075","0.0-16.0-1.23","","12828","textaufgaben","","","","<p>Ein Dieb hat einer Frau einige Diamanten gestohlen.</p> <p>Der Dieb hatte ihr 54 Diamanten gestohlen.</p> <p>Die Polizei findet 28 Diamanten wieder.</p> <p>Wie viele Diamanten muss die Polizei noch finden?</p>","98","54 - 28","c","8","S","I","26","46","",""
"html-keyboard-response","87","1889872","0.0-16.0-2.23","","796","textaufgaben","","","","<p>Ein Dieb hat einer Frau einige Diamanten gestohlen.</p> <p>Der Dieb hatte ihr 54 Diamanten gestohlen.</p> <p>Die Polizei findet 28 Diamanten wieder.</p> <p>Wie viele Diamanten muss die Polizei noch finden?</p>","102","54 - 28","c","8","S","I","26","46","",""
"html-keyboard-response","88","1890877","0.0-16.0-0.24","","null","","","","","+","null","","","","","","","","",""
"html-keyboard-response","89","1901655","0.0-16.0-1.24","","10777","textaufgaben","","","","<p>Eine Studentin muss W&ouml;rter lernen.</p> <p>Die Studentin kannte 52 W&ouml;rter.</p> <p>Sie lernte gerade 26 W&ouml;rter.</p> <p>Wie viele W&ouml;rter kennt die Studentin am Ende?</p>","103","52 + 26","nc","1","A","C","78","3","",""
"html-keyboard-response","90","1902131","0.0-16.0-2.24","","475","textaufgaben","","","","<p>Eine Studentin muss W&ouml;rter lernen.</p> <p>Die Studentin kannte 52 W&ouml;rter.</p> <p>Sie lernte gerade 26 W&ouml;rter.</p> <p>Wie viele W&ouml;rter kennt die Studentin am Ende?</p>","104","52 + 26","nc","1","A","C","78","3","",""
"html-keyboard-response","91","1903137","0.0-16.0-0.25","","null","","","","","+","null","","","","","","","","",""
"html-keyboard-response","92","1909513","0.0-16.0-1.25","","6375","textaufgaben","","","","<p>Eine Studentin muss W&ouml;rter lernen.</p> <p>Die Studentin kannte 43 W&ouml;rter.</p> <p>Sie hat gerade 19 W&ouml;rter gelernt.</p> <p>Wie viele W&ouml;rter kennt die Studentin am Ende?</p>","102","43 + 19","c","2","A","C","62","7","",""
"html-keyboard-response","93","1910154","0.0-16.0-2.25","","641","textaufgaben","","","","<p>Eine Studentin muss W&ouml;rter lernen.</p> <p>Die Studentin kannte 43 W&ouml;rter.</p> <p>Sie hat gerade 19 W&ouml;rter gelernt.</p> <p>Wie viele W&ouml;rter kennt die Studentin am Ende?</p>","98","43 + 19","c","2","A","C","62","7","",""
"html-keyboard-response","94","1911157","0.0-16.0-0.26","","null","","","","","+","null","","","","","","","","",""
"html-keyboard-response","95","1917508","0.0-16.0-1.26","","6349","textaufgaben","","","","<p>Eine Tennisspielerin spielt Turniere.</p> <p>Sie hat in dieser Saison 59 Spiele gespielt.</p> <p>Sie hat 41 Spiele verloren.</p> <p>Wie viele Spiele hat sie gewonnen?</p>","97","59 - 41","nc","3","S","C","18","16","",""
"html-keyboard-response","96","1918186","0.0-16.0-2.26","","678","textaufgaben","","","","<p>Eine Tennisspielerin spielt Turniere.</p> <p>Sie hat in dieser Saison 59 Spiele gespielt.</p> <p>Sie hat 41 Spiele verloren.</p> <p>Wie viele Spiele hat sie gewonnen?</p>","104","59 - 41","nc","3","S","C","18","16","",""
"html-keyboard-response","97","1919196","0.0-16.0-0.27","","null","","","","","+","null","","","","","","","","",""
"html-keyboard-response","98","1927067","0.0-16.0-1.27","","7869","textaufgaben","","","","<p>Einige Leute wurden zur Party eingeladen.</p> <p>41 Leute sind zur Party gekommen.</p> <p>25 Leute haben die Party fr&uuml;her verlassen.</p> <p>Wie viele Leute sind jetzt auf der Party?</p>","97","41 - 25","c","4","S","C","16","23","",""
"html-keyboard-response","99","1927952","0.0-16.0-2.27","","882","textaufgaben","","","","<p>Einige Leute wurden zur Party eingeladen.</p> <p>41 Leute sind zur Party gekommen.</p> <p>25 Leute haben die Party fr&uuml;her verlassen.</p> <p>Wie viele Leute sind jetzt auf der Party?</p>","102","41 - 25","c","4","S","C","16","23","",""
"html-keyboard-response","100","1928956","0.0-16.0-0.28","","null","","","","","+","null","","","","","","","","",""
"html-keyboard-response","101","1935744","0.0-16.0-1.28","","6787","textaufgaben","","","","<p>Eine Marktfrau verkauft &Auml;pfel auf dem Markt.</p> <p>Die Marktfrau verkauft 13 &Auml;pfel.</p> <p>Sie hat danach 36 &Auml;pfel.</p> <p>Wie viele &Auml;pfel hatte sie am Anfang?</p>","100","36 + 13","nc","5","A","I","49","26","",""
"html-keyboard-response","102","1936447","0.0-16.0-2.28","","701","textaufgaben","","","","<p>Eine Marktfrau verkauft &Auml;pfel auf dem Markt.</p> <p>Die Marktfrau verkauft 13 &Auml;pfel.</p> <p>Sie hat danach 36 &Auml;pfel.</p> <p>Wie viele &Auml;pfel hatte sie am Anfang?</p>","105","36 + 13","nc","5","A","I","49","26","",""
"html-keyboard-response","103","1937456","0.0-16.0-0.29","","null","","","","","+","null","","","","","","","","",""
"html-keyboard-response","104","1959890","0.0-16.0-1.29","","22433","textaufgaben","","","","<p>Eine Studentin muss W&ouml;rter lernen.</p> <p>Die Studentin hat 53 W&ouml;rtern vergessen.</p> <p>Sie lernt sp&auml;ter 18 andere W&ouml;rter.</p> <p>Wie viele W&ouml;rter m&uuml;sste sie kennen?</p>","104","53 + 18","c","6","A","I","71","33","",""
"html-keyboard-response","105","1960433","0.0-16.0-2.29","","542","textaufgaben","","","","<p>Eine Studentin muss W&ouml;rter lernen.</p> <p>Die Studentin hat 53 W&ouml;rtern vergessen.</p> <p>Sie lernt sp&auml;ter 18 andere W&ouml;rter.</p> <p>Wie viele W&ouml;rter m&uuml;sste sie kennen?</p>","97","53 + 18","c","6","A","I","71","33","",""
"html-keyboard-response","106","1961435","0.0-16.0-0.30","","null","","","","","+","null","","","","","","","","",""
"html-keyboard-response","107","1969107","0.0-16.0-1.30","","7670","textaufgaben","","","","<p>Einige Leute wurden zur Party eingeladen.</p> <p>Es sind 25 Leute auf der Party.</p> <p>12 Leute sind sp&auml;ter gekommen.</p> <p>Wie viele Leute waren am Anfang auf der Party?</p>","97","25 - 12","nc","7","S","I","13","37","",""
"html-keyboard-response","108","1969712","0.0-16.0-2.30","","604","textaufgaben","","","","<p>Einige Leute wurden zur Party eingeladen.</p> <p>Es sind 25 Leute auf der Party.</p> <p>12 Leute sind sp&auml;ter gekommen.</p> <p>Wie viele Leute waren am Anfang auf der Party?</p>","99","25 - 12","nc","7","S","I","13","37","",""
"html-keyboard-response","109","1970716","0.0-16.0-0.31","","null","","","","","+","null","","","","","","","","",""
"html-keyboard-response","110","1977347","0.0-16.0-1.31","","6630","textaufgaben","","","","<p>Ein paar Freunde suchen Pilze im Wald.</p> <p>Sie haben am Ende 31 Pilze.</p> <p>Sie haben davor 12 Pilze gesammelt.</p> <p>Wie viele Pilze hatten sie am Anfang?</p>","97","31 - 12","c","8","S","I","19","43","",""
"html-keyboard-response","111","1978049","0.0-16.0-2.31","","700","textaufgaben","","","","<p>Ein paar Freunde suchen Pilze im Wald.</p> <p>Sie haben am Ende 31 Pilze.</p> <p>Sie haben davor 12 Pilze gesammelt.</p> <p>Wie viele Pilze hatten sie am Anfang?</p>","105","31 - 12","c","8","S","I","19","43","",""
"html-keyboard-response","112","1979055","0.0-16.0-0.32","","null","","","","","+","null","","","","","","","","",""
"html-keyboard-response","113","1983709","0.0-16.0-1.32","","4653","textaufgaben","","","","<p>Ein Mann spart Geld f&uuml;r einige Anschaffungen.</p> <p>Er hatte 21 Euro.</p> <p>Er verdient 13 Euro.</p> <p>Wie viel Geld hat der Mann jetzt?</p>","99","21 + 13","nc","1","A","C","34","1","",""
"html-keyboard-response","114","1984290","0.0-16.0-2.32","","579","textaufgaben","","","","<p>Ein Mann spart Geld f&uuml;r einige Anschaffungen.</p> <p>Er hatte 21 Euro.</p> <p>Er verdient 13 Euro.</p> <p>Wie viel Geld hat der Mann jetzt?</p>","100","21 + 13","nc","1","A","C","34","1","",""
"html-keyboard-response","115","1985295","0.0-16.0-0.33","","null","","","","","+","null","","","","","","","","",""
"html-keyboard-response","116","1992836","0.0-16.0-1.33","","7540","textaufgaben","","","","<p>Eine Tennisspielerin spielt Turniere.</p> <p>Sie hat 16 Spiele in dieser Saison gewonnen.</p> <p>Sie hat vor dieser Saison 25 Spiele gewonnen.</p> <p>Wie viele Spiele hat sie in ihrer Karriere gewonnen?</p>","100","25 + 16","c","2","A","C","41","10","",""
"html-keyboard-response","117","1993243","0.0-16.0-2.33","","405","textaufgaben","","","","<p>Eine Tennisspielerin spielt Turniere.</p> <p>Sie hat 16 Spiele in dieser Saison gewonnen.</p> <p>Sie hat vor dieser Saison 25 Spiele gewonnen.</p> <p>Wie viele Spiele hat sie in ihrer Karriere gewonnen?</p>","97","25 + 16","c","2","A","C","41","10","",""
"html-keyboard-response","118","1994245","0.0-16.0-0.34","","null","","","","","+","null","","","","","","","","",""
"html-keyboard-response","119","2008241","0.0-16.0-1.34","","13995","textaufgaben","","","","<p>Eine Marktfrau verkauft &Auml;pfel auf dem Markt.</p> <p>Die Marktfrau verkauft 13 &Auml;pfel.</p> <p>Sie hatte 25 &Auml;pfel mitgebracht.</p> <p>Wie viele &Auml;pfel hat sie am Ende?</p>","97","25 - 13","nc","3","S","C","12","13","",""
"html-keyboard-response","120","2008633","0.0-16.0-2.34","","390","textaufgaben","","","","<p>Eine Marktfrau verkauft &Auml;pfel auf dem Markt.</p> <p>Die Marktfrau verkauft 13 &Auml;pfel.</p> <p>Sie hatte 25 &Auml;pfel mitgebracht.</p> <p>Wie viele &Auml;pfel hat sie am Ende?</p>","98","25 - 13","nc","3","S","C","12","13","",""
"html-keyboard-response","121","2009635","0.0-16.0-0.35","","null","","","","","+","null","","","","","","","","",""
"html-keyboard-response","122","2017254","0.0-16.0-1.35","","7617","textaufgaben","","","","<p>Ein Dieb hat einer Frau einige Diamanten gestohlen.</p> <p>Der Dieb hat ihr 16 Diamanten gestohlen.</p> <p>Sie hatte am Anfang 41 Diamanten gehabt.</p> <p>Wie viele Diamanten hat sie jetzt?</p>","98","41 - 16","c","4","S","C","25","19","",""
"html-keyboard-response","123","2017620","0.0-16.0-2.35","","364","textaufgaben","","","","<p>Ein Dieb hat einer Frau einige Diamanten gestohlen.</p> <p>Der Dieb hat ihr 16 Diamanten gestohlen.</p> <p>Sie hatte am Anfang 41 Diamanten gehabt.</p> <p>Wie viele Diamanten hat sie jetzt?</p>","101","41 - 16","c","4","S","C","25","19","",""
"html-keyboard-response","124","2018624","0.0-16.0-0.36","","null","","","","","+","null","","","","","","","","",""
"html-keyboard-response","125","2028586","0.0-16.0-1.36","","9960","textaufgaben","","","","<p>Ein Dieb hat einer Frau einige Diamanten gestohlen.</p> <p>Sie hat jetzt 34 Diamanten.</p> <p>Der Dieb hatte ihr 25 Diamanten gestohlen.</p> <p>Wie viele Diamanten hatte die Frau?</p>","101","34 + 25","nc","5","A","I","59","29","",""
"html-keyboard-response","126","2028973","0.0-16.0-2.36","","385","textaufgaben","","","","<p>Ein Dieb hat einer Frau einige Diamanten gestohlen.</p> <p>Sie hat jetzt 34 Diamanten.</p> <p>Der Dieb hatte ihr 25 Diamanten gestohlen.</p> <p>Wie viele Diamanten hatte die Frau?</p>","105","34 + 25","nc","5","A","I","59","29","",""
"html-keyboard-response","127","2029975","0.0-16.0-0.37","","null","","","","","+","null","","","","","","","","",""
"html-keyboard-response","128","2035846","0.0-16.0-1.37","","5869","textaufgaben","","","","<p>Ein paar Freunde suchen Pilze im Wald.</p> <p>Sie werfen gerade 19 giftige Pilze weg.</p> <p>Sie haben 45 Pilze.</p> <p>Wie viele Pilze hatten sie davor?</p>","102","45 + 19","c","6","A","I","64","32","",""
"html-keyboard-response","129","2036271","0.0-16.0-2.37","","424","textaufgaben","","","","<p>Ein paar Freunde suchen Pilze im Wald.</p> <p>Sie werfen gerade 19 giftige Pilze weg.</p> <p>Sie haben 45 Pilze.</p> <p>Wie viele Pilze hatten sie davor?</p>","100","45 + 19","c","6","A","I","64","32","",""
"html-keyboard-response","130","2037275","0.0-16.0-0.38","","null","","","","","+","null","","","","","","","","",""
"html-keyboard-response","131","2053509","0.0-16.0-1.38","","16233","textaufgaben","","","","<p>Eine Marktfrau verkauft &Auml;pfel auf dem Markt.</p> <p>Sie hatte vorher 21 &Auml;pfel geliefert bekommen.</p> <p>Die Marktfrau hat 64 &Auml;pfel.</p> <p>Wie viele &Auml;pfel hatte sie am Anfang?</p>","100","64 - 21","nc","7","S","I","43","42","",""
"html-keyboard-response","132","2054080","0.0-16.0-2.38","","570","textaufgaben","","","","<p>Eine Marktfrau verkauft &Auml;pfel auf dem Markt.</p> <p>Sie hatte vorher 21 &Auml;pfel geliefert bekommen.</p> <p>Die Marktfrau hat 64 &Auml;pfel.</p> <p>Wie viele &Auml;pfel hatte sie am Anfang?</p>","99","64 - 21","nc","7","S","I","43","42","",""
"html-keyboard-response","133","2055084","0.0-16.0-0.39","","null","","","","","+","null","","","","","","","","",""
"html-keyboard-response","134","2061317","0.0-16.0-1.39","","6233","textaufgaben","","","","<p>Ein M&auml;dchen sammelt B&uuml;cher.</p> <p>Das M&auml;dchen erh&auml;lt 45 B&uuml;cher.</p> <p>Sie hat danach 74 B&uuml;cher.</p> <p>Wie viele B&uuml;cher hatte sie am Anfang?</p>","98","74 - 45","c","8","S","I","29","48","",""
"html-keyboard-response","135","2061797","0.0-16.0-2.39","","479","textaufgaben","","","","<p>Ein M&auml;dchen sammelt B&uuml;cher.</p> <p>Das M&auml;dchen erh&auml;lt 45 B&uuml;cher.</p> <p>Sie hat danach 74 B&uuml;cher.</p> <p>Wie viele B&uuml;cher hatte sie am Anfang?</p>","105","74 - 45","c","8","S","I","29","48","",""
"html-keyboard-response","136","2062804","0.0-16.0-0.40","","null","","","","","+","null","","","","","","","","",""
"html-keyboard-response","137","2071716","0.0-16.0-1.40","","8911","textaufgaben","","","","<p>Ein paar Freunde suchen Pilze im Wald.</p> <p>Sie sammeln gerade 13 Pilze.</p> <p>Sie hatten 36 Pilze davor.</p> <p>Wie viele Pilze haben sie am Ende?</p>","100","36 + 13","nc","1","A","C","49","2","",""
"html-keyboard-response","138","2072307","0.0-16.0-2.40","","589","textaufgaben","","","","<p>Ein paar Freunde suchen Pilze im Wald.</p> <p>Sie sammeln gerade 13 Pilze.</p> <p>Sie hatten 36 Pilze davor.</p> <p>Wie viele Pilze haben sie am Ende?</p>","105","36 + 13","nc","1","A","C","49","2","",""
"html-keyboard-response","139","2073314","0.0-16.0-0.41","","null","","","","","+","null","","","","","","","","",""
"html-keyboard-response","140","2079166","0.0-16.0-1.41","","5851","textaufgaben","","","","<p>Ein M&auml;dchen sammelt B&uuml;cher.</p> <p>Sie erh&auml;lt 18 B&uuml;cher.</p> <p>Das M&auml;dchen hatte am Anfang 46 B&uuml;cher gehabt.</p> <p>Wie viele B&uuml;cher hat sie am Ende?</p>","102","46 + 18","c","2","A","C","64","11","",""
"html-keyboard-response","141","2079636","0.0-16.0-2.41","","468","textaufgaben","","","","<p>Ein M&auml;dchen sammelt B&uuml;cher.</p> <p>Sie erh&auml;lt 18 B&uuml;cher.</p> <p>Das M&auml;dchen hatte am Anfang 46 B&uuml;cher gehabt.</p> <p>Wie viele B&uuml;cher hat sie am Ende?</p>","100","46 + 18","c","2","A","C","64","11","",""
"html-keyboard-response","142","2080644","0.0-16.0-0.42","","null","","","","","+","null","","","","","","","","",""
"html-keyboard-response","143","2093654","0.0-16.0-1.42","","13008","textaufgaben","","","","<p>Eine Studentin muss W&ouml;rter lernen.</p> <p>Die Studentin vergisst 12 W&ouml;rter.</p> <p>Sie hat am Anfang 58 W&ouml;rter gelernt.</p> <p>Wie viele W&ouml;rter hat sie richtig gelernt?</p>","100","58 - 12","nc","3","S","C","46","14","",""
"html-keyboard-response","144","2094476","0.0-16.0-2.42","","821","textaufgaben","","","","<p>Eine Studentin muss W&ouml;rter lernen.</p> <p>Die Studentin vergisst 12 W&ouml;rter.</p> <p>Sie hat am Anfang 58 W&ouml;rter gelernt.</p> <p>Wie viele W&ouml;rter hat sie richtig gelernt?</p>","102","58 - 12","nc","3","S","C","46","14","",""
"html-keyboard-response","145","2095484","0.0-16.0-0.43","","null","","","","","+","null","","","","","","","","",""
"html-keyboard-response","146","2108091","0.0-16.0-1.43","","12605","textaufgaben","","","","<p>Eine Tennisspielerin spielt Turniere.</p> <p>Sie verlor 18 Spiele.</p> <p>Sie hat in dieser Saison 34 Spiele gespielt.</p> <p>Wie viele Spiele hat sie gewonnen?</p>","97","34 - 18","c","4","S","C","16","21","",""
"html-keyboard-response","147","2108745","0.0-16.0-2.43","","653","textaufgaben","","","","<p>Eine Tennisspielerin spielt Turniere.</p> <p>Sie verlor 18 Spiele.</p> <p>Sie hat in dieser Saison 34 Spiele gespielt.</p> <p>Wie viele Spiele hat sie gewonnen?</p>","102","34 - 18","c","4","S","C","16","21","",""
"html-keyboard-response","148","2109754","0.0-16.0-0.44","","null","","","","","+","null","","","","","","","","",""
"html-keyboard-response","149","2117119","0.0-16.0-1.44","","7364","textaufgaben","","","","<p>Ein Mann spart Geld f&uuml;r einige Anschaffungen.</p> <p>Er hat jetzt 13 Euro.</p> <p>Er hat davor 65 Euro ausgegeben.</p> <p>Wie viel Geld hatte der Mann?</p>","103","65 + 13","nc","5","A","I","78","30","",""
"html-keyboard-response","150","2117933","0.0-16.0-2.44","","812","textaufgaben","","","","<p>Ein Mann spart Geld f&uuml;r einige Anschaffungen.</p> <p>Er hat jetzt 13 Euro.</p> <p>Er hat davor 65 Euro ausgegeben.</p> <p>Wie viel Geld hatte der Mann?</p>","104","65 + 13","nc","5","A","I","78","30","",""
"html-keyboard-response","151","2118943","0.0-16.0-0.45","","null","","","","","+","null","","","","","","","","",""
"html-keyboard-response","152","2126612","0.0-16.0-1.45","","7668","textaufgaben","","","","<p>Eine Tennisspielerin spielt Turniere.</p> <p>Sie hat in dieser Saison 17 Spiele verloren.</p> <p>Sie hatte fr&uuml;her 76 Spiele verloren.</p> <p>Wie viele Spiele hat sie in ihrer Karriere verloren?</p>","105","76 + 17","c","6","A","I","93","36","",""
"html-keyboard-response","153","2127323","0.0-16.0-2.45","","711","textaufgaben","","","","<p>Eine Tennisspielerin spielt Turniere.</p> <p>Sie hat in dieser Saison 17 Spiele verloren.</p> <p>Sie hatte fr&uuml;her 76 Spiele verloren.</p> <p>Wie viele Spiele hat sie in ihrer Karriere verloren?</p>","99","76 + 17","c","6","A","I","93","36","",""
"html-keyboard-response","154","2128333","0.0-16.0-0.46","","null","","","","","+","null","","","","","","","","",""
"html-keyboard-response","155","2133559","0.0-16.0-1.46","","5226","textaufgaben","","","","<p>Eine Tennisspielerin spielt Turniere.</p> <p>Sie hat in dieser Saison 29 Spiele gespielt.</p> <p>Sie gewann 13 Spiele.</p> <p>Wie viele Spiele hatte sie verloren?</p>","97","29 - 13","nc","7","S","I","16","39","",""
"html-keyboard-response","156","2134468","0.0-16.0-2.46","","907","textaufgaben","","","","<p>Eine Tennisspielerin spielt Turniere.</p> <p>Sie hat in dieser Saison 29 Spiele gespielt.</p> <p>Sie gewann 13 Spiele.</p> <p>Wie viele Spiele hatte sie verloren?</p>","102","29 - 13","nc","7","S","I","16","39","",""
"html-keyboard-response","157","2135473","0.0-16.0-0.47","","null","","","","","+","null","","","","","","","","",""
"html-keyboard-response","158","2140767","0.0-16.0-1.47","","5291","textaufgaben","","","","<p>Ein Mann spart Geld f&uuml;r einige Anschaffungen.</p> <p>Er verdient heute 19 Euro.</p> <p>Er hat jetzt 37 Euro.</p> <p>Wie viel Geld hatte er am Anfang?</p>","97","37 - 19","c","8","S","I","18","44","",""
"html-keyboard-response","159","2141524","0.0-16.0-2.47","","756","textaufgaben","","","","<p>Ein Mann spart Geld f&uuml;r einige Anschaffungen.</p> <p>Er verdient heute 19 Euro.</p> <p>Er hat jetzt 37 Euro.</p> <p>Wie viel Geld hatte er am Anfang?</p>","104","37 - 19","c","8","S","I","18","44","",""
"html-keyboard-response","160","2144216","0.0-17.0","","2690","","","","","Die Aufgabe ist vorbei. Bitte dr&uuml;cken Sie eine Taste um fortzufahren!","13","","","","","","","","",""
"instructions","161","2166036","0.0-18.0","[{""page_index"":0,""viewing_time"":21818}]","21819","instruktion_Rechenaufgaben","","","","","","","","","","","","","",""
"survey-time","162","2226082","0.0-19.0","","59986","Additionsaufgaben","{""RT02_01"":""41"",""RT02_02"":""73"",""RT02_03"":""46"",""RT02_04"":""98"",""RT02_05"":""91"",""RT02_06"":""53"",""RT02_07"":""74"",""RT02_08"":""38"",""RT02_09"":""95"",""RT02_10"":""73"",""RT02_11"":"""",""RT02_12"":"""",""RT02_13"":"""",""RT02_14"":"""",""RT02_15"":"""",""RT02_16"":"""",""RT02_17"":"""",""RT02_18"":"""",""RT02_19"":"""",""RT02_20"":"""",""RT02_21"":"""",""RT02_22"":"""",""RT02_23"":"""",""RT02_24"":"""",""RT02_25"":"""",""RT02_26"":"""",""RT02_27"":"""",""RT02_28"":""""}","","","","","","","","","","","","",""
"instructions","163","2243686","0.0-20.0","[{""page_index"":0,""viewing_time"":17602}]","17602","instruktion_Rechenaufgaben2","","","","","","","","","","","","","",""
"survey-time","164","2303699","0.0-21.0","","59989","Subtraktionsaufgaben","{""RT03_01"":""17"",""RT03_02"":""67"",""RT03_03"":""12"",""RT03_04"":""28"",""RT03_05"":""28"",""RT03_06"":""18"",""RT03_07"":""35"",""RT03_08"":""41"",""RT03_09"":""53"",""RT03_10"":""47"",""RT03_11"":""12"",""RT03_12"":"""",""RT03_13"":"""",""RT03_14"":"""",""RT03_15"":"""",""RT03_16"":"""",""RT03_17"":"""",""RT03_18"":"""",""RT03_19"":"""",""RT03_20"":"""",""RT03_21"":"""",""RT03_22"":"""",""RT03_23"":"""",""RT03_24"":"""",""RT03_25"":"""",""RT03_26"":"""",""RT03_27"":"""",""RT03_28"":""""}","","","","","","","","","","","","",""
"instructions","165","2319946","0.0-22.0","[{""page_index"":0,""viewing_time"":16245}]","16245","Instruktion_READ","","","","","","","","","","","","","",""
"html-button-response","166","2323416","0.0-23.0-0.0","","3466","readingtest","","","","Hunde bellen.","","","read","","","","Richtig","","0",""
"html-button-response","167","2327099","0.0-23.0-0.1","","3679","readingtest","","","","Regen ist trocken.","","","read","","","","Falsch","","1",""
"html-button-response","168","2327345","0.0-23.0-0.2","","242","readingtest","","","","Im Sommer f&auml;llt Schnee.","","","read","","","","Falsch","","1",""
"html-button-response","169","2329360","0.0-23.0-0.3","","2013","readingtest","","","","Im Winter ist es warm.","","","read","","","","Falsch","","1",""
"html-button-response","170","2330849","0.0-23.0-0.4","","1485","readingtest","","","","Die Erde ist rund.","","","read","","","","Richtig","","0",""
"html-button-response","171","2332140","0.0-23.0-0.5","","1289","readingtest","","","","Ein Fu&szlig;ball ist rund.","","","as","","","","Richtig","","0",""
"html-button-response","172","2333628","0.0-23.0-0.6","","1486","readingtest","","","","Der Himmel ist blau.","","","read","","","","Richtig","","0",""
"html-button-response","173","2335281","0.0-23.0-0.7","","1651","readingtest","","","","Pferde legen Eier.","","","read","","","","Falsch","","1",""
"html-button-response","174","2336928","0.0-23.0-0.8","","1644","readingtest","","","","Katzen haben Schn&auml;bel.","","","read","","","","Falsch","","1",""
"html-button-response","175","2340217","0.0-23.0-0.9","","3286","readingtest","","","","B&auml;ren m&ouml;gen Honig.","","","read","","","","Richtig","","1",""
"html-button-response","176","2342069","0.0-23.0-0.10","","1849","readingtest","","","","Fr&ouml;sche essen Fliegen.","","","read","","","","Richtig","","0",""
"html-button-response","177","2343641","0.0-23.0-0.11","","1569","readingtest","","","","Steine kann man essen.","","","read","","","","Falsch","","1",""
"html-button-response","178","2345341","0.0-23.0-0.12","","1697","readingtest","","","","Fische k&ouml;nnen schwimmen.","","","read","","","","Richtig","","0",""
"html-button-response","179","2346999","0.0-23.0-0.13","","1656","readingtest","","","","Pferde haben Hufen.","","","read","","","","Richtig","","0",""
"html-button-response","180","2348632","0.0-23.0-0.14","","1630","readingtest","","","","Betten stehen in der K&uuml;che.","","","read","","","","Falsch","","1",""
"html-button-response","181","2350126","0.0-23.0-0.15","","1491","readingtest","","","","&Auml;pfel wachsen auf B&auml;umen.","","","read","","","","Richtig","","0",""
"html-button-response","182","2351580","0.0-23.0-0.16","","1451","readingtest","","","","Hunde schl&uuml;pfen aus Eiern.","","","read","","","","Falsch","","1",""
"html-button-response","183","2354093","0.0-23.0-0.17","","2509","readingtest","","","","Mit den Augen kann man h&ouml;ren.","","","read","","","","Falsch","","1",""
"html-button-response","184","2355606","0.0-23.0-0.18","","1510","readingtest","","","","In einem See leben Fische.","","","read","","","","Richtig","","0",""
"html-button-response","185","2358773","0.0-23.0-0.19","","3164","readingtest","","","","Der K&uuml;hlschrank steht im Wohnzimmer.","","","read","","","","Falsch","","1",""
"html-button-response","186","2360284","0.0-23.0-0.20","","1509","readingtest","","","","In der B&auml;ckerei gibt es Brot.","","","read","","","","Richtig","","0",""
"html-button-response","187","2362008","0.0-23.0-0.21","","1720","readingtest","","","","Mit der Nase k&ouml;nnen wir sehen.","","","read","","","","Falsch","","1",""
"html-button-response","188","2364967","0.0-23.0-0.22","","2956","readingtest","","","","Ein Quadrat ist so rund wie ein Kreis.","","","read","","","","Falsch","","1",""
"html-button-response","189","2366850","0.0-23.0-0.23","","1881","readingtest","","","","S&uuml;&szlig;igkeiten sind gut f&uuml;r die Z&auml;hne.","","","read","","","","Falsch","","1",""
"html-button-response","190","2368709","0.0-23.0-0.24","","1856","readingtest","","","","Dinosaurier finden wir im Zoo.","","","read","","","","Falsch","","1",""
"html-button-response","191","2370568","0.0-23.0-0.25","","1856","readingtest","","","","Der dritte Monat im Jahr ist der M&auml;rz.","","","read","","","","Richtig","","0",""
"html-button-response","192","2372655","0.0-23.0-0.26","","2084","readingtest","","","","Wer traurig ist, hat viel zu lachen.","","","read","","","","Falsch","","1",""
"html-button-response","193","2375046","0.0-23.0-0.27","","2388","readingtest","","","","Im Winter muss man sich warm anziehen.","","","read","","","","Richtig","","0",""
"html-button-response","194","2376481","0.0-23.0-0.28","","1431","readingtest","","","","In der Eisdiele gibt es Gem&uuml;se.","","","read","","","","Falsch","","1",""
"html-button-response","195","2378246","0.0-23.0-0.29","","1761","readingtest","","","","Geburtstag hat man nur einmal im Jahr.","","","read","","","","Richtig","","0",""
"html-button-response","196","2379840","0.0-23.0-0.30","","1592","readingtest","","","","Auf dem Spielplatz sind Kinder verboten.","","","read","","","","Falsch","","1",""
"html-button-response","197","2379953","0.0-23.0-0.31","","","readingtest","","","","","","","read","","","","Richtig","","","Sie haben alle Aufgaben vor Ende der Zeit erledigt!"
"html-keyboard-response","198","2382119","0.0-24.0","","2163","","","","","Die Zeit ist abgelaufen. Bitte dr&uuml;cken Sie eine Taste um fortzufahren!","32","","","","","","","","",""
"survey-multi-select","199","2390013","0.0-25.0","","","Quali_Fragen","","","","","","","","","","","","","","Sie haben alle Aufgaben vor Ende der Zeit erledigt!"
