"trial_type","trial_index","time_elapsed","internal_node_id","view_history","rt","test_part","responses","question_order","success","stimulus","key_press","task","type","condition","operation","consistency","correct_response","task_id","button_pressed","status"
"pavlovia","0","8","0.0-0.0","","","","","","","","","","","","","","","","",""
"instructions","1","12604","0.0-1.0","[{""page_index"":0,""viewing_time"":8319.655000001148},{""page_index"":1,""viewing_time"":4274.454999998852}]","12595.890000000509","teilnehmerinfo","","","","","","","","","","","","","",""
"survey-multi-select","2","20209","0.0-2.0","","7601.174999999785","Einverstaendniserklaerung","{""einverstaendnis;"":[""Ich erkl&auml;re mich damit einverstanden, an der Studie teilzunehmen!""]}","[0]","","","","","","","","","","","",""
"fullscreen","3","23127","0.0-3.0","","","","","","true","","","","","","","","","","",""
"survey-text","4","26729","0.0-4.0","","3593.8050000004296","demoFragen_Seite_1","{""Alter"":""26""}","","","","","","","","","","","","",""
"survey-multi-choice","5","39705","0.0-5.0","","12974.130000000514","demoFragen_Seite_2","{""handedneß"":"" rechtshändig "",""sex"":"" weiblich "",""firstlanguage"":"" ja "",""ethnic"":"" Weiß ""}","[0,1,2,3]","","","","","","","","","","","",""
"survey-multi-choice","6","51122","0.0-6.0","","11414.17999999976","demoFragen_Seite_3","{""legasthenie"":"" nein "",""dyskalkulie"":"" nein "",""student"":"" ja "",""beschäftigung"":"" selbstständig ""}","[0,1,2,3]","","","","","","","","","","","",""
"survey-multi-choice","7","66964","0.0-7.0","","15840.039999999135","demoFragen_Seite_4","{""bildung"":"" Fachhoch-/Hochschulreife "",""educationmath"":"" wenig (z.B. Literatur, Sprachen, Kultur, Medien, Philosophie, Theologie) "",""workmath"":"" wenig (z.B. Literatur, Sprachen, Kultur, Medien, Philosophie, Theologie) ""}","[0,1,2]","","","","","","","","","","","",""
"instructions","8","87427","0.0-8.0","[{""page_index"":0,""viewing_time"":20461.644999999407}]","20462.029999998776","Instruktion_GAD","","","","","","","","","","","","","",""
"survey-likert","9","110412","0.0-9.0","","22982.07999999977","GAD","{""GADa"":2,""GADb"":1,""GADc"":1,""GADd"":1,""GADe"":0,""GADf"":1,""GADg"":0}","[0,1,2,3,4,5,6]","","","","","","","","","","","",""
"instructions","10","112581","0.0-10.0","[{""page_index"":0,""viewing_time"":2165.3600000008737}]","2165.740000000369","Instruktion_STAI","","","","","","","","","","","","","",""
"survey-likert","11","127478","0.0-11.0","","14893.920000000435","STAI","{""STAI1"":1,""STAI2"":2,""STAI3"":1,""STAI4"":1,""STAI5"":2}","[0,1,2,3,4]","","","","","","","","","","","",""
"instructions","12","131223","0.0-12.0","[{""page_index"":0,""viewing_time"":3743.9399999984744}]","3744.3100000000413","Instruktion_AMAS","","","","","","","","","","","","","",""
"survey-likert","13","152477","0.0-13.0","","21250.60999999917","AMAS","{""AMAS1"":4,""AMAS2"":4,""AMAS3"":4,""AMAS4"":4,""AMAS5"":4,""AMAS6"":4,""AMAS7"":4,""AMAS8"":4,""AMAS9"":4}","[0,1,2,3,4,5,6,7,8]","","","","","","","","","","","",""
"instructions","14","155118","0.0-14.0","[{""page_index"":0,""viewing_time"":2639.210000001185}]","2639.5750000010594","Instruktion_TEXT","","","","","","","","","","","","","",""
"instructions","15","159741","0.0-15.0","[{""page_index"":0,""viewing_time"":4622.735000000801}]","4623.105000000563","Instruktion_TEXT_Beispiel","","","","","","","","","","","","","",""
"html-keyboard-response","16","160749","0.0-16.0-0.0","","null","","","","","+","null","","","","","","","","",""
"html-keyboard-response","17","169949","0.0-16.0-1.0","","9198.459999999614","textaufgaben","","","","<p>Ein Mann spart Geld f&uuml;r einige Anschaffungen.</p> <p>Er hatte 21 Euro.</p> <p>Er verdient 13 Euro.</p> <p>Wie viel Geld hat der Mann jetzt?</p>","51","21 + 13","nc","1","A","C","34","1","",""
"html-keyboard-response","18","170206","0.0-16.0-2.0","","255.6150000000489","textaufgaben","","","","<p>Ein Mann spart Geld f&uuml;r einige Anschaffungen.</p> <p>Er hatte 21 Euro.</p> <p>Er verdient 13 Euro.</p> <p>Wie viel Geld hat der Mann jetzt?</p>","52","21 + 13","nc","1","A","C","34","1","",""
"html-keyboard-response","19","171206","0.0-16.0-0.1","","null","","","","","+","null","","","","","","","","",""
"html-keyboard-response","20","184731","0.0-16.0-1.1","","13523.084999998886","textaufgaben","","","","<p>Eine Studentin muss W&ouml;rter lernen.</p> <p>Die Studentin kannte 43 W&ouml;rter.</p> <p>Sie hat gerade 19 W&ouml;rter gelernt.</p> <p>Wie viele W&ouml;rter kennt die Studentin am Ende?</p>","54","43 + 19","c","2","A","C","62","7","",""
"html-keyboard-response","21","184943","0.0-16.0-2.1","","210.54999999978463","textaufgaben","","","","<p>Eine Studentin muss W&ouml;rter lernen.</p> <p>Die Studentin kannte 43 W&ouml;rter.</p> <p>Sie hat gerade 19 W&ouml;rter gelernt.</p> <p>Wie viele W&ouml;rter kennt die Studentin am Ende?</p>","50","43 + 19","c","2","A","C","62","7","",""
"html-keyboard-response","22","185949","0.0-16.0-0.2","","null","","","","","+","null","","","","","","","","",""
"html-keyboard-response","23","194417","0.0-16.0-1.2","","8466.529999999679","textaufgaben","","","","<p>Ein Dieb hat einer Frau einige Diamanten gestohlen.</p> <p>Ihr wurden 32 Diamanten gestohlen.</p> <p>Die Frau hatte 53 Diamanten gehabt.</p> <p>Wie viele Diamanten hat sie jetzt?</p>","50","53 - 32","nc","3","S","C","21","18","",""
"html-keyboard-response","24","194629","0.0-16.0-2.2","","211.1850000001141","textaufgaben","","","","<p>Ein Dieb hat einer Frau einige Diamanten gestohlen.</p> <p>Ihr wurden 32 Diamanten gestohlen.</p> <p>Die Frau hatte 53 Diamanten gehabt.</p> <p>Wie viele Diamanten hat sie jetzt?</p>","49","53 - 32","nc","3","S","C","21","18","",""
"html-keyboard-response","25","195635","0.0-16.0-0.3","","null","","","","","+","null","","","","","","","","",""
"html-keyboard-response","26","203608","0.0-16.0-1.3","","7971.310000000813","textaufgaben","","","","<p>Eine Tennisspielerin spielt Turniere.</p> <p>Sie verlor 18 Spiele.</p> <p>Sie hat in dieser Saison 34 Spiele gespielt.</p> <p>Wie viele Spiele hat sie gewonnen?</p>","49","34 - 18","c","4","S","C","16","21","",""
"html-keyboard-response","27","203663","0.0-16.0-2.3","","53.92000000027474","textaufgaben","","","","<p>Eine Tennisspielerin spielt Turniere.</p> <p>Sie verlor 18 Spiele.</p> <p>Sie hat in dieser Saison 34 Spiele gespielt.</p> <p>Wie viele Spiele hat sie gewonnen?</p>","54","34 - 18","c","4","S","C","16","21","",""
"html-keyboard-response","28","204666","0.0-16.0-0.4","","null","","","","","+","null","","","","","","","","",""
"html-keyboard-response","29","214273","0.0-16.0-1.4","","9605.999999999767","textaufgaben","","","","<p>Eine Tennisspielerin spielt Turniere.</p> <p>Sie hatte fr&uuml;her 23 Spiele verloren.</p> <p>Sie hat 14 Spiele in dieser Saison verloren.</p> <p>Wie viele Spiele hat sie in ihrer Karriere verloren?</p>","51","23 + 14","nc","5","A","I","37","28","",""
"html-keyboard-response","30","214542","0.0-16.0-2.4","","267.1800000007206","textaufgaben","","","","<p>Eine Tennisspielerin spielt Turniere.</p> <p>Sie hatte fr&uuml;her 23 Spiele verloren.</p> <p>Sie hat 14 Spiele in dieser Saison verloren.</p> <p>Wie viele Spiele hat sie in ihrer Karriere verloren?</p>","55","23 + 14","nc","5","A","I","37","28","",""
"html-keyboard-response","31","215548","0.0-16.0-0.5","","null","","","","","+","null","","","","","","","","",""
"html-keyboard-response","32","225208","0.0-16.0-1.5","","9659.395000000572","textaufgaben","","","","<p>Ein paar Freunde suchen Pilze im Wald.</p> <p>Sie werfen gerade 19 giftige Pilze weg.</p> <p>Sie haben 45 Pilze.</p> <p>Wie viele Pilze hatten sie davor?</p>","54","45 + 19","c","6","A","I","64","32","",""
"html-keyboard-response","33","225454","0.0-16.0-2.5","","244.9150000011141","textaufgaben","","","","<p>Ein paar Freunde suchen Pilze im Wald.</p> <p>Sie werfen gerade 19 giftige Pilze weg.</p> <p>Sie haben 45 Pilze.</p> <p>Wie viele Pilze hatten sie davor?</p>","52","45 + 19","c","6","A","I","64","32","",""
"html-keyboard-response","34","226457","0.0-16.0-0.6","","null","","","","","+","null","","","","","","","","",""
"html-keyboard-response","35","237256","0.0-16.0-1.6","","10798.025000000081","textaufgaben","","","","<p>Ein Mann spart Geld f&uuml;r einige Anschaffungen.</p> <p>Er hat jetzt 37 Euro.</p> <p>Er hatte 24 Euro verdient.</p> <p>Wie viel Geld hatte er am Anfang?</p>","49","37 - 24","nc","7","S","I","13","41","",""
"html-keyboard-response","36","237323","0.0-16.0-2.6","","65.39500000147382","textaufgaben","","","","<p>Ein Mann spart Geld f&uuml;r einige Anschaffungen.</p> <p>Er hat jetzt 37 Euro.</p> <p>Er hatte 24 Euro verdient.</p> <p>Wie viel Geld hatte er am Anfang?</p>","51","37 - 24","nc","7","S","I","13","41","",""
"html-keyboard-response","37","238329","0.0-16.0-0.7","","null","","","","","+","null","","","","","","","","",""
"html-keyboard-response","38","253480","0.0-16.0-1.7","","15148.955000000598","textaufgaben","","","","<p>Ein paar Freunde suchen Pilze im Wald.</p> <p>Sie haben am Ende 31 Pilze.</p> <p>Sie haben davor 12 Pilze gesammelt.</p> <p>Wie viele Pilze hatten sie am Anfang?</p>","49","31 - 12","c","8","S","I","19","43","",""
"html-keyboard-response","39","253602","0.0-16.0-2.7","","120.880000000383","textaufgaben","","","","<p>Ein paar Freunde suchen Pilze im Wald.</p> <p>Sie haben am Ende 31 Pilze.</p> <p>Sie haben davor 12 Pilze gesammelt.</p> <p>Wie viele Pilze hatten sie am Anfang?</p>","57","31 - 12","c","8","S","I","19","43","",""
"html-keyboard-response","40","254604","0.0-16.0-0.8","","null","","","","","+","null","","","","","","","","",""
"html-keyboard-response","41","260689","0.0-16.0-1.8","","6083.8600000006845","textaufgaben","","","","<p>Ein Dieb hat einer Frau einige Diamanten gestohlen.</p> <p>Nach dem Diebstahl hatte sie 23 Diamanten.</p> <p>Die Polizei findet 15 Diamanten wieder.</p> <p>Wie viele Diamanten hat die Frau am Ende?</p>","51","23 + 15","nc","1","A","C","38","5","",""
"html-keyboard-response","42","260959","0.0-16.0-2.8","","268.36000000004424","textaufgaben","","","","<p>Ein Dieb hat einer Frau einige Diamanten gestohlen.</p> <p>Nach dem Diebstahl hatte sie 23 Diamanten.</p> <p>Die Polizei findet 15 Diamanten wieder.</p> <p>Wie viele Diamanten hat die Frau am Ende?</p>","56","23 + 15","nc","1","A","C","38","5","",""
"html-keyboard-response","43","261960","0.0-16.0-0.9","","null","","","","","+","null","","","","","","","","",""
"html-keyboard-response","44","273808","0.0-16.0-1.9","","11845.964999998629","textaufgaben","","","","<p>Einige Leute wurden zur Party eingeladen.</p> <p>19 Leute sind sp&auml;ter gekommen.</p> <p>Es waren anfangs 24 Leute auf der Party.</p> <p>Wie viele Leute waren am Ende auf der Party?</p>","51","24 + 19","c","2","A","C","43","8","",""
"html-keyboard-response","45","273953","0.0-16.0-2.9","","143.65000000002328","textaufgaben","","","","<p>Einige Leute wurden zur Party eingeladen.</p> <p>19 Leute sind sp&auml;ter gekommen.</p> <p>Es waren anfangs 24 Leute auf der Party.</p> <p>Wie viele Leute waren am Ende auf der Party?</p>","51","24 + 19","c","2","A","C","43","8","",""
"html-keyboard-response","46","274954","0.0-16.0-0.10","","null","","","","","+","null","","","","","","","","",""
"html-keyboard-response","47","279220","0.0-16.0-1.10","","4264.194999999716","textaufgaben","","","","<p>Eine Marktfrau verkauft &Auml;pfel auf dem Markt.</p> <p>Die Marktfrau verkauft 13 &Auml;pfel.</p> <p>Sie hatte 25 &Auml;pfel mitgebracht.</p> <p>Wie viele &Auml;pfel hat sie am Ende?</p>","49","25 - 13","nc","3","S","C","12","13","",""
"html-keyboard-response","48","279308","0.0-16.0-2.10","","87.57999999943422","textaufgaben","","","","<p>Eine Marktfrau verkauft &Auml;pfel auf dem Markt.</p> <p>Die Marktfrau verkauft 13 &Auml;pfel.</p> <p>Sie hatte 25 &Auml;pfel mitgebracht.</p> <p>Wie viele &Auml;pfel hat sie am Ende?</p>","50","25 - 13","nc","3","S","C","12","13","",""
"html-keyboard-response","49","280314","0.0-16.0-0.11","","null","","","","","+","null","","","","","","","","",""
"html-keyboard-response","50","287013","0.0-16.0-1.11","","6697.435000000056","textaufgaben","","","","<p>Eine Marktfrau verkauft &Auml;pfel auf dem Markt.</p> <p>Die Marktfrau kam mit 37 &Auml;pfeln.</p> <p>Sie verkauft 19 &Auml;pfel.</p> <p>Wie viele &Auml;pfel hat sie am Ende?</p>","49","37 - 19","c","4","S","C","18","20","",""
"html-keyboard-response","51","287104","0.0-16.0-2.11","","90.7550000011106","textaufgaben","","","","<p>Eine Marktfrau verkauft &Auml;pfel auf dem Markt.</p> <p>Die Marktfrau kam mit 37 &Auml;pfeln.</p> <p>Sie verkauft 19 &Auml;pfel.</p> <p>Wie viele &Auml;pfel hat sie am Ende?</p>","56","37 - 19","c","4","S","C","18","20","",""
"html-keyboard-response","52","288110","0.0-16.0-0.12","","null","","","","","+","null","","","","","","","","",""
"html-keyboard-response","53","294406","0.0-16.0-1.12","","6294.930000000051","textaufgaben","","","","<p>Ein paar Freunde suchen Pilze im Wald.</p> <p>Sie werfen gerade 23 giftige Pilze weg.</p> <p>Sie haben 31 Pilze &uuml;brig.</p> <p>Wie viele Pilze hatten sie fr&uuml;her?</p>","53","31 + 23","nc","5","A","I","54","25","",""
"html-keyboard-response","54","294619","0.0-16.0-2.12","","209.82000000000698","textaufgaben","","","","<p>Ein paar Freunde suchen Pilze im Wald.</p> <p>Sie werfen gerade 23 giftige Pilze weg.</p> <p>Sie haben 31 Pilze &uuml;brig.</p> <p>Wie viele Pilze hatten sie fr&uuml;her?</p>","52","31 + 23","nc","5","A","I","54","25","",""
"html-keyboard-response","55","295625","0.0-16.0-0.13","","null","","","","","+","null","","","","","","","","",""
"html-keyboard-response","56","311259","0.0-16.0-1.13","","15632.799999999406","textaufgaben","","","","<p>Eine Studentin muss W&ouml;rter lernen.</p> <p>Die Studentin hat 53 W&ouml;rtern vergessen.</p> <p>Sie lernt sp&auml;ter 18 andere W&ouml;rter.</p> <p>Wie viele W&ouml;rter m&uuml;sste sie kennen?</p>","55","53 + 18","c","6","A","I","71","33","",""
"html-keyboard-response","57","311618","0.0-16.0-2.13","","357.4099999986938","textaufgaben","","","","<p>Eine Studentin muss W&ouml;rter lernen.</p> <p>Die Studentin hat 53 W&ouml;rtern vergessen.</p> <p>Sie lernt sp&auml;ter 18 andere W&ouml;rter.</p> <p>Wie viele W&ouml;rter m&uuml;sste sie kennen?</p>","49","53 + 18","c","6","A","I","71","33","",""
"html-keyboard-response","58","312620","0.0-16.0-0.14","","null","","","","","+","null","","","","","","","","",""
"html-keyboard-response","59","320540","0.0-16.0-1.14","","7918.564999999944","textaufgaben","","","","<p>Ein Dieb hat einer Frau einige Diamanten gestohlen.</p> <p>Die Polizei hat 13 Diamanten wiedergefunden.</p> <p>Der Dieb hatte ihr 37 Diamanten gestohlen.</p> <p>Wie viele Diamanten muss die Polizei noch finden?</p>","50","37 - 13","nc","7","S","I","14","38","",""
"html-keyboard-response","60","320775","0.0-16.0-2.14","","233.94000000006054","textaufgaben","","","","<p>Ein Dieb hat einer Frau einige Diamanten gestohlen.</p> <p>Die Polizei hat 13 Diamanten wiedergefunden.</p> <p>Der Dieb hatte ihr 37 Diamanten gestohlen.</p> <p>Wie viele Diamanten muss die Polizei noch finden?</p>","52","37 - 13","nc","7","S","I","14","38","",""
"html-keyboard-response","61","321781","0.0-16.0-0.15","","null","","","","","+","null","","","","","","","","",""
"html-keyboard-response","62","337978","0.0-16.0-1.15","","16195.359999999695","textaufgaben","","","","<p>Einige Leute wurden zur Party eingeladen.</p> <p>Am Ende sind 41 Leute auf der Party.</p> <p>18 Leute sind davor zur Party gekommen.</p> <p>Wie viele Leute waren am Anfang auf der Party?</p>","50","41 - 18","c","8","S","I","23","47","",""
"html-keyboard-response","63","338078","0.0-16.0-2.15","","97.92500000004657","textaufgaben","","","","<p>Einige Leute wurden zur Party eingeladen.</p> <p>Am Ende sind 41 Leute auf der Party.</p> <p>18 Leute sind davor zur Party gekommen.</p> <p>Wie viele Leute waren am Anfang auf der Party?</p>","51","41 - 18","c","8","S","I","23","47","",""
"html-keyboard-response","64","339085","0.0-16.0-0.16","","null","","","","","+","null","","","","","","","","",""
"html-keyboard-response","65","347135","0.0-16.0-1.16","","8049.25","textaufgaben","","","","<p>Eine Studentin muss W&ouml;rter lernen.</p> <p>Die Studentin kannte 52 W&ouml;rter.</p> <p>Sie lernte gerade 26 W&ouml;rter.</p> <p>Wie viele W&ouml;rter kennt die Studentin am Ende?</p>","50","52 + 26","nc","1","A","C","78","3","",""
"html-keyboard-response","66","347224","0.0-16.0-2.16","","87.96999999863328","textaufgaben","","","","<p>Eine Studentin muss W&ouml;rter lernen.</p> <p>Die Studentin kannte 52 W&ouml;rter.</p> <p>Sie lernte gerade 26 W&ouml;rter.</p> <p>Wie viele W&ouml;rter kennt die Studentin am Ende?</p>","54","52 + 26","nc","1","A","C","78","3","",""
"html-keyboard-response","67","348227","0.0-16.0-0.17","","null","","","","","+","null","","","","","","","","",""
"html-keyboard-response","68","357498","0.0-16.0-1.17","","9269.949999999837","textaufgaben","","","","<p>Eine Marktfrau verkauft &Auml;pfel auf dem Markt.</p> <p>Die Marktfrau kam mit 56 &Auml;pfeln.</p> <p>Sie hat 27 &Auml;pfel geliefert bekommen.</p> <p>Wie viele &Auml;pfel hat sie am Ende?</p>","56","56 + 27","c","2","A","C","83","12","",""
"html-keyboard-response","69","357743","0.0-16.0-2.17","","241.6750000011525","textaufgaben","","","","<p>Eine Marktfrau verkauft &Auml;pfel auf dem Markt.</p> <p>Die Marktfrau kam mit 56 &Auml;pfeln.</p> <p>Sie hat 27 &Auml;pfel geliefert bekommen.</p> <p>Wie viele &Auml;pfel hat sie am Ende?</p>","51","56 + 27","c","2","A","C","83","12","",""
"html-keyboard-response","70","358748","0.0-16.0-0.18","","null","","","","","+","null","","","","","","","","",""
"html-keyboard-response","71","368791","0.0-16.0-1.18","","10042.674999998766","textaufgaben","","","","<p>Eine Tennisspielerin spielt Turniere.</p> <p>Sie hat in dieser Saison 59 Spiele gespielt.</p> <p>Sie hat 41 Spiele verloren.</p> <p>Wie viele Spiele hat sie gewonnen?</p>","49","59 - 41","nc","3","S","C","18","16","",""
"html-keyboard-response","72","368847","0.0-16.0-2.18","","53.77500000031432","textaufgaben","","","","<p>Eine Tennisspielerin spielt Turniere.</p> <p>Sie hat in dieser Saison 59 Spiele gespielt.</p> <p>Sie hat 41 Spiele verloren.</p> <p>Wie viele Spiele hat sie gewonnen?</p>","56","59 - 41","nc","3","S","C","18","16","",""
"html-keyboard-response","73","369847","0.0-16.0-0.19","","null","","","","","+","null","","","","","","","","",""
"html-keyboard-response","74","383689","0.0-16.0-1.19","","13840.019999999611","textaufgaben","","","","<p>Ein Dieb hat einer Frau einige Diamanten gestohlen.</p> <p>Der Dieb hat ihr 16 Diamanten gestohlen.</p> <p>Sie hatte am Anfang 41 Diamanten gehabt.</p> <p>Wie viele Diamanten hat sie jetzt?</p>","50","41 - 16","c","4","S","C","25","19","",""
"html-keyboard-response","75","383911","0.0-16.0-2.19","","220.8850000005914","textaufgaben","","","","<p>Ein Dieb hat einer Frau einige Diamanten gestohlen.</p> <p>Der Dieb hat ihr 16 Diamanten gestohlen.</p> <p>Sie hatte am Anfang 41 Diamanten gehabt.</p> <p>Wie viele Diamanten hat sie jetzt?</p>","53","41 - 16","c","4","S","C","25","19","",""
"html-keyboard-response","76","384915","0.0-16.0-0.20","","null","","","","","+","null","","","","","","","","",""
"html-keyboard-response","77","393800","0.0-16.0-1.20","","8884.294999999809","textaufgaben","","","","<p>Einige Leute wurden zur Party eingeladen.</p> <p>72 Leute haben die Party verlassen.</p> <p>Es blieben danach 26 Leute.</p> <p>Wie viele Leute waren zur Party gekommen?</p>","55","72 + 26","nc","5","A","I","98","27","",""
"html-keyboard-response","78","393889","0.0-16.0-2.20","","87.3250000004191","textaufgaben","","","","<p>Einige Leute wurden zur Party eingeladen.</p> <p>72 Leute haben die Party verlassen.</p> <p>Es blieben danach 26 Leute.</p> <p>Wie viele Leute waren zur Party gekommen?</p>","56","72 + 26","nc","5","A","I","98","27","",""
"html-keyboard-response","79","394893","0.0-16.0-0.21","","null","","","","","+","null","","","","","","","","",""
"html-keyboard-response","80","406805","0.0-16.0-1.21","","11910.904999998806","textaufgaben","","","","<p>Ein Mann spart Geld f&uuml;r einige Anschaffungen.</p> <p>Er gibt 19 Euro aus.</p> <p>Er hat jetzt 27 Euro.</p> <p>Wie viel Geld hatte der Mann?</p>","52","27 + 19","c","6","A","I","42","31","",""
"html-keyboard-response","81","406906","0.0-16.0-2.21","","99.63000000064494","textaufgaben","","","","<p>Ein Mann spart Geld f&uuml;r einige Anschaffungen.</p> <p>Er gibt 19 Euro aus.</p> <p>Er hat jetzt 27 Euro.</p> <p>Wie viel Geld hatte der Mann?</p>","54","27 + 19","c","6","A","I","42","31","",""
"html-keyboard-response","82","407908","0.0-16.0-0.22","","null","","","","","+","null","","","","","","","","",""
"html-keyboard-response","83","414894","0.0-16.0-1.22","","6984.51999999996","textaufgaben","","","","<p>Einige Leute wurden zur Party eingeladen.</p> <p>Es sind 25 Leute auf der Party.</p> <p>12 Leute sind sp&auml;ter gekommen.</p> <p>Wie viele Leute waren am Anfang auf der Party?</p>","49","25 - 12","nc","7","S","I","13","37","",""
"html-keyboard-response","84","415039","0.0-16.0-2.22","","144.19000000093365","textaufgaben","","","","<p>Einige Leute wurden zur Party eingeladen.</p> <p>Es sind 25 Leute auf der Party.</p> <p>12 Leute sind sp&auml;ter gekommen.</p> <p>Wie viele Leute waren am Anfang auf der Party?</p>","51","25 - 12","nc","7","S","I","13","37","",""
"html-keyboard-response","85","416045","0.0-16.0-0.23","","null","","","","","+","null","","","","","","","","",""
"html-keyboard-response","86","424614","0.0-16.0-1.23","","8568.11499999999","textaufgaben","","","","<p>Ein M&auml;dchen sammelt B&uuml;cher.</p> <p>Das M&auml;dchen erh&auml;lt 45 B&uuml;cher.</p> <p>Sie hat danach 74 B&uuml;cher.</p> <p>Wie viele B&uuml;cher hatte sie am Anfang?</p>","50","74 - 45","c","8","S","I","29","48","",""
"html-keyboard-response","87","424680","0.0-16.0-2.23","","65.00000000052387","textaufgaben","","","","<p>Ein M&auml;dchen sammelt B&uuml;cher.</p> <p>Das M&auml;dchen erh&auml;lt 45 B&uuml;cher.</p> <p>Sie hat danach 74 B&uuml;cher.</p> <p>Wie viele B&uuml;cher hatte sie am Anfang?</p>","57","74 - 45","c","8","S","I","29","48","",""
"html-keyboard-response","88","425683","0.0-16.0-0.24","","null","","","","","+","null","","","","","","","","",""
"html-keyboard-response","89","436449","0.0-16.0-1.24","","10765.115000000165","textaufgaben","","","","<p>Ein paar Freunde suchen Pilze im Wald.</p> <p>Sie sammeln gerade 13 Pilze.</p> <p>Sie hatten 36 Pilze davor.</p> <p>Wie viele Pilze haben sie am Ende?</p>","52","36 + 13","nc","1","A","C","49","2","",""
"html-keyboard-response","90","436561","0.0-16.0-2.24","","111.07500000071013","textaufgaben","","","","<p>Ein paar Freunde suchen Pilze im Wald.</p> <p>Sie sammeln gerade 13 Pilze.</p> <p>Sie hatten 36 Pilze davor.</p> <p>Wie viele Pilze haben sie am Ende?</p>","57","36 + 13","nc","1","A","C","49","2","",""
"html-keyboard-response","91","437562","0.0-16.0-0.25","","null","","","","","+","null","","","","","","","","",""
"html-keyboard-response","92","446856","0.0-16.0-1.25","","9291.735000000685","textaufgaben","","","","<p>Ein M&auml;dchen sammelt B&uuml;cher.</p> <p>Sie erh&auml;lt 18 B&uuml;cher.</p> <p>Das M&auml;dchen hatte am Anfang 46 B&uuml;cher gehabt.</p> <p>Wie viele B&uuml;cher hat sie am Ende?</p>","54","46 + 18","c","2","A","C","64","11","",""
"html-keyboard-response","93","446955","0.0-16.0-2.25","","98.45500000123866","textaufgaben","","","","<p>Ein M&auml;dchen sammelt B&uuml;cher.</p> <p>Sie erh&auml;lt 18 B&uuml;cher.</p> <p>Das M&auml;dchen hatte am Anfang 46 B&uuml;cher gehabt.</p> <p>Wie viele B&uuml;cher hat sie am Ende?</p>","52","46 + 18","c","2","A","C","64","11","",""
"html-keyboard-response","94","447961","0.0-16.0-0.26","","null","","","","","+","null","","","","","","","","",""
"html-keyboard-response","95","454145","0.0-16.0-1.26","","6182.254999999714","textaufgaben","","","","<p>Ein M&auml;dchen sammelt B&uuml;cher.</p> <p>Das M&auml;dchen hat 28 B&uuml;cher.</p> <p>Sie verschenkt 13 B&uuml;cher an ihre Freunde.</p> <p>Wie viele B&uuml;cher hat sie am Ende?</p>","49","28 - 13","nc","3","S","C","15","17","",""
"html-keyboard-response","96","454279","0.0-16.0-2.26","","133.20999999996275","textaufgaben","","","","<p>Ein M&auml;dchen sammelt B&uuml;cher.</p> <p>Das M&auml;dchen hat 28 B&uuml;cher.</p> <p>Sie verschenkt 13 B&uuml;cher an ihre Freunde.</p> <p>Wie viele B&uuml;cher hat sie am Ende?</p>","53","28 - 13","nc","3","S","C","15","17","",""
"html-keyboard-response","97","455285","0.0-16.0-0.27","","null","","","","","+","null","","","","","","","","",""
"html-keyboard-response","98","462886","0.0-16.0-1.27","","7600.019999999844","textaufgaben","","","","<p>Ein paar Freunde suchen Pilze im Wald.</p> <p>Sie haben 65 Pilze gefunden.</p> <p>Sie haben 36 giftige Pilze weggeworfen.</p> <p>Wie viele Pilze haben sie danach?</p>","50","65 - 36","c","4","S","C","29","24","",""
"html-keyboard-response","99","462975","0.0-16.0-2.27","","88.0250000008964","textaufgaben","","","","<p>Ein paar Freunde suchen Pilze im Wald.</p> <p>Sie haben 65 Pilze gefunden.</p> <p>Sie haben 36 giftige Pilze weggeworfen.</p> <p>Wie viele Pilze haben sie danach?</p>","57","65 - 36","c","4","S","C","29","24","",""
"html-keyboard-response","100","463981","0.0-16.0-0.28","","null","","","","","+","null","","","","","","","","",""
"html-keyboard-response","101","473349","0.0-16.0-1.28","","9366.895000001008","textaufgaben","","","","<p>Eine Marktfrau verkauft &Auml;pfel auf dem Markt.</p> <p>Die Marktfrau verkauft 13 &Auml;pfel.</p> <p>Sie hat danach 36 &Auml;pfel.</p> <p>Wie viele &Auml;pfel hatte sie am Anfang?</p>","50","36 + 13","nc","5","A","I","49","26","",""
"html-keyboard-response","102","473471","0.0-16.0-2.28","","120.85500000102911","textaufgaben","","","","<p>Eine Marktfrau verkauft &Auml;pfel auf dem Markt.</p> <p>Die Marktfrau verkauft 13 &Auml;pfel.</p> <p>Sie hat danach 36 &Auml;pfel.</p> <p>Wie viele &Auml;pfel hatte sie am Anfang?</p>","51","36 + 13","nc","5","A","I","49","26","",""
"html-keyboard-response","103","474477","0.0-16.0-0.29","","null","","","","","+","null","","","","","","","","",""
"html-keyboard-response","104","483271","0.0-16.0-1.29","","8792.714999999618","textaufgaben","","","","<p>Eine Marktfrau verkauft &Auml;pfel auf dem Markt.</p> <p>Sie hat jetzt 38 &Auml;pfel.</p> <p>Die Marktfrau hatte davor 26 &Auml;pfel verkauft.</p> <p>Wie viele &Auml;pfel hatte sie am Anfang?</p>","54","38 + 26","c","6","A","I","64","35","",""
"html-keyboard-response","105","483552","0.0-16.0-2.29","","279.2200000003795","textaufgaben","","","","<p>Eine Marktfrau verkauft &Auml;pfel auf dem Markt.</p> <p>Sie hat jetzt 38 &Auml;pfel.</p> <p>Die Marktfrau hatte davor 26 &Auml;pfel verkauft.</p> <p>Wie viele &Auml;pfel hatte sie am Anfang?</p>","52","38 + 26","c","6","A","I","64","35","",""
"html-keyboard-response","106","484558","0.0-16.0-0.30","","null","","","","","+","null","","","","","","","","",""
"html-keyboard-response","107","490403","0.0-16.0-1.30","","5843.939999998896","textaufgaben","","","","<p>Eine Tennisspielerin spielt Turniere.</p> <p>Sie hat in dieser Saison 29 Spiele gespielt.</p> <p>Sie gewann 13 Spiele.</p> <p>Wie viele Spiele hatte sie verloren?</p>","49","29 - 13","nc","7","S","I","16","39","",""
"html-keyboard-response","108","490515","0.0-16.0-2.30","","110.57000000070548","textaufgaben","","","","<p>Eine Tennisspielerin spielt Turniere.</p> <p>Sie hat in dieser Saison 29 Spiele gespielt.</p> <p>Sie gewann 13 Spiele.</p> <p>Wie viele Spiele hatte sie verloren?</p>","54","29 - 13","nc","7","S","I","16","39","",""
"html-keyboard-response","109","491521","0.0-16.0-0.31","","null","","","","","+","null","","","","","","","","",""
"html-keyboard-response","110","500304","0.0-16.0-1.31","","8781.849999999395","textaufgaben","","","","<p>Ein Dieb hat einer Frau einige Diamanten gestohlen.</p> <p>Der Dieb hatte ihr 54 Diamanten gestohlen.</p> <p>Die Polizei findet 28 Diamanten wieder.</p> <p>Wie viele Diamanten muss die Polizei noch finden?</p>","50","54 - 28","c","8","S","I","26","46","",""
"html-keyboard-response","111","500393","0.0-16.0-2.31","","87.24500000057742","textaufgaben","","","","<p>Ein Dieb hat einer Frau einige Diamanten gestohlen.</p> <p>Der Dieb hatte ihr 54 Diamanten gestohlen.</p> <p>Die Polizei findet 28 Diamanten wieder.</p> <p>Wie viele Diamanten muss die Polizei noch finden?</p>","54","54 - 28","c","8","S","I","26","46","",""
"html-keyboard-response","112","501399","0.0-16.0-0.32","","null","","","","","+","null","","","","","","","","",""
"html-keyboard-response","113","509067","0.0-16.0-1.32","","7666.95000000071","textaufgaben","","","","<p>Einige Leute wurden zur Party eingeladen.</p> <p>12 Leute sind sp&auml;ter gekommen.</p> <p>Es waren davor 75 Leute auf der Party.</p> <p>Wie viele Leute waren am Ende auf der Party?</p>","56","75 + 12","nc","1","A","C","87","6","",""
"html-keyboard-response","114","509258","0.0-16.0-2.32","","189.80999999988126","textaufgaben","","","","<p>Einige Leute wurden zur Party eingeladen.</p> <p>12 Leute sind sp&auml;ter gekommen.</p> <p>Es waren davor 75 Leute auf der Party.</p> <p>Wie viele Leute waren am Ende auf der Party?</p>","55","75 + 12","nc","1","A","C","87","6","",""
"html-keyboard-response","115","510261","0.0-16.0-0.33","","null","","","","","+","null","","","","","","","","",""
"html-keyboard-response","116","517055","0.0-16.0-1.33","","6792.9899999999325","textaufgaben","","","","<p>Ein paar Freunde suchen Pilze im Wald.</p> <p>Sie hatten 67 Pilze.</p> <p>Sie sammeln 15 Pilzen.</p> <p>Wie viele Pilze haben sie am Ende?</p>","56","67 + 15","c","2","A","C","82","9","",""
"html-keyboard-response","117","517335","0.0-16.0-2.33","","278.77500000066357","textaufgaben","","","","<p>Ein paar Freunde suchen Pilze im Wald.</p> <p>Sie hatten 67 Pilze.</p> <p>Sie sammeln 15 Pilzen.</p> <p>Wie viele Pilze haben sie am Ende?</p>","50","67 + 15","c","2","A","C","82","9","",""
"html-keyboard-response","118","518341","0.0-16.0-0.34","","null","","","","","+","null","","","","","","","","",""
"html-keyboard-response","119","525976","0.0-16.0-1.34","","7633.035000000731","textaufgaben","","","","<p>Ein Mann spart Geld f&uuml;r einige Anschaffungen.</p> <p>Er hatte 37 Euro gehabt.</p> <p>Er hat 14 Euro ausgegeben.</p> <p>Wie viel Geld hat er am Ende?</p>","50","37 - 14","nc","3","S","C","23","25","",""
"html-keyboard-response","120","526257","0.0-16.0-2.34","","279.4549999998417","textaufgaben","","","","<p>Ein Mann spart Geld f&uuml;r einige Anschaffungen.</p> <p>Er hatte 37 Euro gehabt.</p> <p>Er hat 14 Euro ausgegeben.</p> <p>Wie viel Geld hat er am Ende?</p>","51","37 - 14","nc","3","S","C","23","25","",""
"html-keyboard-response","121","527263","0.0-16.0-0.35","","null","","","","","+","null","","","","","","","","",""
"html-keyboard-response","122","536316","0.0-16.0-1.35","","9051.289999999455","textaufgaben","","","","<p>Einige Leute wurden zur Party eingeladen.</p> <p>41 Leute sind zur Party gekommen.</p> <p>25 Leute haben die Party fr&uuml;her verlassen.</p> <p>Wie viele Leute sind jetzt auf der Party?</p>","49","41 - 25","c","4","S","C","16","23","",""
"html-keyboard-response","123","536438","0.0-16.0-2.35","","120.8650000008056","textaufgaben","","","","<p>Einige Leute wurden zur Party eingeladen.</p> <p>41 Leute sind zur Party gekommen.</p> <p>25 Leute haben die Party fr&uuml;her verlassen.</p> <p>Wie viele Leute sind jetzt auf der Party?</p>","54","41 - 25","c","4","S","C","16","23","",""
"html-keyboard-response","124","537444","0.0-16.0-0.36","","null","","","","","+","null","","","","","","","","",""
"html-keyboard-response","125","549129","0.0-16.0-1.36","","11683.605000000098","textaufgaben","","","","<p>Ein Mann spart Geld f&uuml;r einige Anschaffungen.</p> <p>Er hat jetzt 13 Euro.</p> <p>Er hat davor 65 Euro ausgegeben.</p> <p>Wie viel Geld hatte der Mann?</p>","55","65 + 13","nc","5","A","I","78","30","",""
"html-keyboard-response","126","549252","0.0-16.0-2.36","","121.3449999995064","textaufgaben","","","","<p>Ein Mann spart Geld f&uuml;r einige Anschaffungen.</p> <p>Er hat jetzt 13 Euro.</p> <p>Er hat davor 65 Euro ausgegeben.</p> <p>Wie viel Geld hatte der Mann?</p>","56","65 + 13","nc","5","A","I","78","30","",""
"html-keyboard-response","127","550256","0.0-16.0-0.37","","null","","","","","+","null","","","","","","","","",""
"html-keyboard-response","128","558804","0.0-16.0-1.37","","8546.790000000386","textaufgaben","","","","<p>Eine Tennisspielerin spielt Turniere.</p> <p>Sie hat in dieser Saison 17 Spiele verloren.</p> <p>Sie hatte fr&uuml;her 76 Spiele verloren.</p> <p>Wie viele Spiele hat sie in ihrer Karriere verloren?</p>","57","76 + 17","c","6","A","I","93","36","",""
"html-keyboard-response","129","559129","0.0-16.0-2.37","","323.9849999990547","textaufgaben","","","","<p>Eine Tennisspielerin spielt Turniere.</p> <p>Sie hat in dieser Saison 17 Spiele verloren.</p> <p>Sie hatte fr&uuml;her 76 Spiele verloren.</p> <p>Wie viele Spiele hat sie in ihrer Karriere verloren?</p>","51","76 + 17","c","6","A","I","93","36","",""
"html-keyboard-response","130","560137","0.0-16.0-0.38","","null","","","","","+","null","","","","","","","","",""
"html-keyboard-response","131","571404","0.0-16.0-1.38","","11265.15500000096","textaufgaben","","","","<p>Eine Studentin muss W&ouml;rter lernen.</p> <p>Die Studentin hat 42 W&ouml;rter gelernt.</p> <p>Sie kennt jetzt 68 W&ouml;rter.</p> <p>Wie viele W&ouml;rter hatte sie am Anfang gekonnt?</p>","50","68 - 42","nc","7","S","I","26","40","",""
"html-keyboard-response","132","571504","0.0-16.0-2.38","","98.86999999987893","textaufgaben","","","","<p>Eine Studentin muss W&ouml;rter lernen.</p> <p>Die Studentin hat 42 W&ouml;rter gelernt.</p> <p>Sie kennt jetzt 68 W&ouml;rter.</p> <p>Wie viele W&ouml;rter hatte sie am Anfang gekonnt?</p>","54","68 - 42","nc","7","S","I","26","40","",""
"html-keyboard-response","133","572510","0.0-16.0-0.39","","null","","","","","+","null","","","","","","","","",""
"html-keyboard-response","134","581822","0.0-16.0-1.39","","9310.284999999567","textaufgaben","","","","<p>Eine Studentin muss W&ouml;rter lernen.</p> <p>Die Studentin hat 13 W&ouml;rter gelernt.</p> <p>Sie kennt jetzt 31 W&ouml;rter.</p> <p>Wie viele W&ouml;rter hatte sie am Anfang gekonnt?</p>","49","31 - 13","c","8","S","I","18","45","",""
"html-keyboard-response","135","583058","0.0-16.0-2.39","","1234.7599999994272","textaufgaben","","","","<p>Eine Studentin muss W&ouml;rter lernen.</p> <p>Die Studentin hat 13 W&ouml;rter gelernt.</p> <p>Sie kennt jetzt 31 W&ouml;rter.</p> <p>Wie viele W&ouml;rter hatte sie am Anfang gekonnt?</p>","56","31 - 13","c","8","S","I","18","45","",""
"html-keyboard-response","136","584062","0.0-16.0-0.40","","null","","","","","+","null","","","","","","","","",""
"html-keyboard-response","137","591485","0.0-16.0-1.40","","7421.454999999609","textaufgaben","","","","<p>Ein M&auml;dchen sammelt B&uuml;cher.</p> <p>Sie hat 35 B&uuml;cher erhalten.</p> <p>Das M&auml;dchen hatte davor 54 B&uuml;cher.</p> <p>Wie viele B&uuml;cher hat sie am Ende?</p>","56","54 + 35","nc","1","A","C","89","4","",""
"html-keyboard-response","138","591597","0.0-16.0-2.40","","110.67499999993015","textaufgaben","","","","<p>Ein M&auml;dchen sammelt B&uuml;cher.</p> <p>Sie hat 35 B&uuml;cher erhalten.</p> <p>Das M&auml;dchen hatte davor 54 B&uuml;cher.</p> <p>Wie viele B&uuml;cher hat sie am Ende?</p>","57","54 + 35","nc","1","A","C","89","4","",""
"html-keyboard-response","139","592603","0.0-16.0-0.41","","null","","","","","+","null","","","","","","","","",""
"html-keyboard-response","140","604535","0.0-16.0-1.41","","11931.264999999199","textaufgaben","","","","<p>Eine Tennisspielerin spielt Turniere.</p> <p>Sie hat 16 Spiele in dieser Saison gewonnen.</p> <p>Sie hat vor dieser Saison 25 Spiele gewonnen.</p> <p>Wie viele Spiele hat sie in ihrer Karriere gewonnen?</p>","52","25 + 16","c","2","A","C","41","10","",""
"html-keyboard-response","141","604669","0.0-16.0-2.41","","132.42999999970198","textaufgaben","","","","<p>Eine Tennisspielerin spielt Turniere.</p> <p>Sie hat 16 Spiele in dieser Saison gewonnen.</p> <p>Sie hat vor dieser Saison 25 Spiele gewonnen.</p> <p>Wie viele Spiele hat sie in ihrer Karriere gewonnen?</p>","49","25 + 16","c","2","A","C","41","10","",""
"html-keyboard-response","142","605675","0.0-16.0-0.42","","null","","","","","+","null","","","","","","","","",""
"html-keyboard-response","143","613963","0.0-16.0-1.42","","8286.48000000068","textaufgaben","","","","<p>Eine Studentin muss W&ouml;rter lernen.</p> <p>Die Studentin vergisst 12 W&ouml;rter.</p> <p>Sie hat am Anfang 58 W&ouml;rter gelernt.</p> <p>Wie viele W&ouml;rter hat sie richtig gelernt?</p>","52","58 - 12","nc","3","S","C","46","14","",""
"html-keyboard-response","144","614097","0.0-16.0-2.42","","132.7299999993993","textaufgaben","","","","<p>Eine Studentin muss W&ouml;rter lernen.</p> <p>Die Studentin vergisst 12 W&ouml;rter.</p> <p>Sie hat am Anfang 58 W&ouml;rter gelernt.</p> <p>Wie viele W&ouml;rter hat sie richtig gelernt?</p>","54","58 - 12","nc","3","S","C","46","14","",""
"html-keyboard-response","145","615103","0.0-16.0-0.43","","null","","","","","+","null","","","","","","","","",""
"html-keyboard-response","146","625821","0.0-16.0-1.43","","10716.410000000964","textaufgaben","","","","<p>Ein M&auml;dchen sammelt B&uuml;cher.</p> <p>Das M&auml;dchen verschenkt 17 B&uuml;cher.</p> <p>Sie hatte 46 B&uuml;cher  mitgebracht.</p> <p>Wie viele B&uuml;cher hat sie am Ende?</p>","50","46 - 17","c","4","S","C","29","22","",""
"html-keyboard-response","147","626033","0.0-16.0-2.43","","211.08999999891967","textaufgaben","","","","<p>Ein M&auml;dchen sammelt B&uuml;cher.</p> <p>Das M&auml;dchen verschenkt 17 B&uuml;cher.</p> <p>Sie hatte 46 B&uuml;cher  mitgebracht.</p> <p>Wie viele B&uuml;cher hat sie am Ende?</p>","57","46 - 17","c","4","S","C","29","22","",""
"html-keyboard-response","148","627035","0.0-16.0-0.44","","null","","","","","+","null","","","","","","","","",""
"html-keyboard-response","149","640243","0.0-16.0-1.44","","13206.26499999885","textaufgaben","","","","<p>Ein Dieb hat einer Frau einige Diamanten gestohlen.</p> <p>Sie hat jetzt 34 Diamanten.</p> <p>Der Dieb hatte ihr 25 Diamanten gestohlen.</p> <p>Wie viele Diamanten hatte die Frau?</p>","53","34 + 25","nc","5","A","I","59","29","",""
"html-keyboard-response","150","640343","0.0-16.0-2.44","","98.91500000050291","textaufgaben","","","","<p>Ein Dieb hat einer Frau einige Diamanten gestohlen.</p> <p>Sie hat jetzt 34 Diamanten.</p> <p>Der Dieb hatte ihr 25 Diamanten gestohlen.</p> <p>Wie viele Diamanten hatte die Frau?</p>","57","34 + 25","nc","5","A","I","59","29","",""
"html-keyboard-response","151","641349","0.0-16.0-0.45","","null","","","","","+","null","","","","","","","","",""
"html-keyboard-response","152","650143","0.0-16.0-1.45","","8792.209999999614","textaufgaben","","","","<p>Ein M&auml;dchen sammelt B&uuml;cher.</p> <p>Das M&auml;dchen verschenkt 25 B&uuml;cher.</p> <p>Sie hat danach 17 B&uuml;cher.</p> <p>Wie viele B&uuml;cher hatte sie am Anfang?</p>","56","25 + 17","c","6","A","I","42","34","",""
"html-keyboard-response","153","651008","0.0-16.0-2.45","","864.1349999997765","textaufgaben","","","","<p>Ein M&auml;dchen sammelt B&uuml;cher.</p> <p>Das M&auml;dchen verschenkt 25 B&uuml;cher.</p> <p>Sie hat danach 17 B&uuml;cher.</p> <p>Wie viele B&uuml;cher hatte sie am Anfang?</p>","56","25 + 17","c","6","A","I","42","34","",""
"html-keyboard-response","154","652014","0.0-16.0-0.46","","null","","","","","+","null","","","","","","","","",""
"html-keyboard-response","155","666309","0.0-16.0-1.46","","14293.494999999879","textaufgaben","","","","<p>Eine Marktfrau verkauft &Auml;pfel auf dem Markt.</p> <p>Sie hatte vorher 21 &Auml;pfel geliefert bekommen.</p> <p>Die Marktfrau hat 64 &Auml;pfel.</p> <p>Wie viele &Auml;pfel hatte sie am Anfang?</p>","52","64 - 21","nc","7","S","I","43","42","",""
"html-keyboard-response","156","666420","0.0-16.0-2.46","","109.88999999978114","textaufgaben","","","","<p>Eine Marktfrau verkauft &Auml;pfel auf dem Markt.</p> <p>Sie hatte vorher 21 &Auml;pfel geliefert bekommen.</p> <p>Die Marktfrau hat 64 &Auml;pfel.</p> <p>Wie viele &Auml;pfel hatte sie am Anfang?</p>","51","64 - 21","nc","7","S","I","43","42","",""
"html-keyboard-response","157","667426","0.0-16.0-0.47","","null","","","","","+","null","","","","","","","","",""
"html-keyboard-response","158","676985","0.0-16.0-1.47","","9557.419999999227","textaufgaben","","","","<p>Ein Mann spart Geld f&uuml;r einige Anschaffungen.</p> <p>Er verdient heute 19 Euro.</p> <p>Er hat jetzt 37 Euro.</p> <p>Wie viel Geld hatte er am Anfang?</p>","49","37 - 19","c","8","S","I","18","44","",""
"html-keyboard-response","159","677097","0.0-16.0-2.47","","110.00000000058208","textaufgaben","","","","<p>Ein Mann spart Geld f&uuml;r einige Anschaffungen.</p> <p>Er verdient heute 19 Euro.</p> <p>Er hat jetzt 37 Euro.</p> <p>Wie viel Geld hatte er am Anfang?</p>","56","37 - 19","c","8","S","I","18","44","",""
"html-keyboard-response","160","678267","0.0-17.0","","1169.4350000015693","","","","","Die Aufgabe ist vorbei. Bitte dr&uuml;cken Sie eine Taste um fortzufahren!","13","","","","","","","","",""
"instructions","161","688199","0.0-18.0","[{""page_index"":0,""viewing_time"":9931.520000000135}]","9931.899999999558","instruktion_Rechenaufgaben","","","","","","","","","","","","","",""
"survey-time","162","748204","0.0-19.0","","59992.749999999534","Additionsaufgaben","{""RT02_01"":""41"",""RT02_02"":""73"",""RT02_03"":""46"",""RT02_04"":""98"",""RT02_05"":""91"",""RT02_06"":""53"",""RT02_07"":""74"",""RT02_08"":""38"",""RT02_09"":""95"",""RT02_10"":""73"",""RT02_11"":""48"",""RT02_12"":"""",""RT02_13"":"""",""RT02_14"":"""",""RT02_15"":"""",""RT02_16"":"""",""RT02_17"":"""",""RT02_18"":"""",""RT02_19"":"""",""RT02_20"":"""",""RT02_21"":"""",""RT02_22"":"""",""RT02_23"":"""",""RT02_24"":"""",""RT02_25"":"""",""RT02_26"":"""",""RT02_27"":"""",""RT02_28"":""""}","","","","","","","","","","","","",""
"instructions","163","751773","0.0-20.0","[{""page_index"":0,""viewing_time"":3567.9700000000885}]","3568.310000000638","instruktion_Rechenaufgaben2","","","","","","","","","","","","","",""
"survey-time","164","811776","0.0-21.0","","59991.73499999964","Subtraktionsaufgaben","{""RT03_01"":""17"",""RT03_02"":""67"",""RT03_03"":""12"",""RT03_04"":""28"",""RT03_05"":""28"",""RT03_06"":""18"",""RT03_07"":""3"",""RT03_08"":"""",""RT03_09"":"""",""RT03_10"":"""",""RT03_11"":"""",""RT03_12"":"""",""RT03_13"":"""",""RT03_14"":"""",""RT03_15"":"""",""RT03_16"":"""",""RT03_17"":"""",""RT03_18"":"""",""RT03_19"":"""",""RT03_20"":"""",""RT03_21"":"""",""RT03_22"":"""",""RT03_23"":"""",""RT03_24"":"""",""RT03_25"":"""",""RT03_26"":"""",""RT03_27"":"""",""RT03_28"":""""}","","","","","","","","","","","","",""
"instructions","165","819160","0.0-22.0","[{""page_index"":0,""viewing_time"":7383.11499999871}]","7383.484999998473","Instruktion_READ","","","","","","","","","","","","","",""
"html-button-response","166","820364","0.0-23.0-0.0","","1201.1249999995343","readingtest","","","","Hunde bellen.","","","read","","","","Richtig","","0",""
"html-button-response","167","821455","0.0-23.0-0.1","","1089.1700000010896","readingtest","","","","Regen ist trocken.","","","read","","","","Falsch","","1",""
"html-button-response","168","822726","0.0-23.0-0.2","","1269.6299999988405","readingtest","","","","Im Sommer f&auml;llt Schnee.","","","read","","","","Falsch","","1",""
"html-button-response","169","823908","0.0-23.0-0.3","","1179.6399999985006","readingtest","","","","Im Winter ist es warm.","","","read","","","","Falsch","","1",""
"html-button-response","170","825291","0.0-23.0-0.4","","1382.1050000006799","readingtest","","","","Die Erde ist rund.","","","read","","","","Richtig","","0",""
"html-button-response","171","826124","0.0-23.0-0.5","","830.9549999994924","readingtest","","","","Ein Fu&szlig;ball ist rund.","","","as","","","","Richtig","","0",""
"html-button-response","172","827013","0.0-23.0-0.6","","887.2699999993201","readingtest","","","","Der Himmel ist blau.","","","read","","","","Richtig","","0",""
"html-button-response","173","828059","0.0-23.0-0.7","","1044.6549999996787","readingtest","","","","Pferde legen Eier.","","","read","","","","Falsch","","1",""
"html-button-response","174","828993","0.0-23.0-0.8","","932.2150000006659","readingtest","","","","Katzen haben Schn&auml;bel.","","","read","","","","Falsch","","1",""
"html-button-response","175","830613","0.0-23.0-0.9","","1618.9850000010338","readingtest","","","","B&auml;ren m&ouml;gen Honig.","","","read","","","","Richtig","","0",""
"html-button-response","176","832109","0.0-23.0-0.10","","1493.3000000000466","readingtest","","","","Fr&ouml;sche essen Fliegen.","","","read","","","","Richtig","","0",""
"html-button-response","177","833594","0.0-23.0-0.11","","1483.3999999992084","readingtest","","","","Steine kann man essen.","","","read","","","","Falsch","","1",""
"html-button-response","178","835214","0.0-23.0-0.12","","1618.4250000006286","readingtest","","","","Fische k&ouml;nnen schwimmen.","","","read","","","","Richtig","","0",""
"html-button-response","179","836148","0.0-23.0-0.13","","932.6799999998184","readingtest","","","","Pferde haben Hufen.","","","read","","","","Richtig","","0",""
"html-button-response","180","837351","0.0-23.0-0.14","","1200.7749999994412","readingtest","","","","Betten stehen in der K&uuml;che.","","","read","","","","Falsch","","1",""
"html-button-response","181","838645","0.0-23.0-0.15","","1292.1599999991013","readingtest","","","","&Auml;pfel wachsen auf B&auml;umen.","","","read","","","","Richtig","","0",""
"html-button-response","182","839691","0.0-23.0-0.16","","1044.8550000000978","readingtest","","","","Hunde schl&uuml;pfen aus Eiern.","","","read","","","","Falsch","","1",""
"html-button-response","183","840782","0.0-23.0-0.17","","1089.6350000002421","readingtest","","","","Mit den Augen kann man h&ouml;ren.","","","read","","","","Falsch","","1",""
"html-button-response","184","841986","0.0-23.0-0.18","","1202.2850000011967","readingtest","","","","In einem See leben Fische.","","","read","","","","Richtig","","0",""
"html-button-response","185","843089","0.0-23.0-0.19","","1100.9999999988358","readingtest","","","","Der K&uuml;hlschrank steht im Wohnzimmer.","","","read","","","","Falsch","","1",""
"html-button-response","186","844338","0.0-23.0-0.20","","1247.690000000177","readingtest","","","","In der B&auml;ckerei gibt es Brot.","","","read","","","","Richtig","","0",""
"html-button-response","187","845733","0.0-23.0-0.21","","1391.3599999996368","readingtest","","","","Mit der Nase k&ouml;nnen wir sehen.","","","read","","","","Falsch","","1",""
"html-button-response","188","848106","0.0-23.0-0.22","","2372.2199999992736","readingtest","","","","Ein Quadrat ist so rund wie ein Kreis.","","","read","","","","Falsch","","1",""
"html-button-response","189","849389","0.0-23.0-0.23","","1280.8000000005122","readingtest","","","","S&uuml;&szlig;igkeiten sind gut f&uuml;r die Z&auml;hne.","","","read","","","","Falsch","","1",""
"html-button-response","190","850592","0.0-23.0-0.24","","1202.225000000908","readingtest","","","","Dinosaurier finden wir im Zoo.","","","read","","","","Falsch","","1",""
"html-button-response","191","851931","0.0-23.0-0.25","","1337.279999999795","readingtest","","","","Der dritte Monat im Jahr ist der M&auml;rz.","","","read","","","","Richtig","","0",""
"html-button-response","192","853338","0.0-23.0-0.26","","1404.7000000010012","readingtest","","","","Wer traurig ist, hat viel zu lachen.","","","read","","","","Falsch","","1",""
"html-button-response","193","855116","0.0-23.0-0.27","","1776.3950000008335","readingtest","","","","Im Winter muss man sich warm anziehen.","","","read","","","","Richtig","","0",""
"html-button-response","194","856758","0.0-23.0-0.28","","1639.4849999997532","readingtest","","","","In der Eisdiele gibt es Gem&uuml;se.","","","read","","","","Falsch","","1",""
"html-button-response","195","858086","0.0-23.0-0.29","","1325.644999998971","readingtest","","","","Geburtstag hat man nur einmal im Jahr.","","","read","","","","Richtig","","0",""
"html-button-response","196","859683","0.0-23.0-0.30","","1595.090000000666","readingtest","","","","Auf dem Spielplatz sind Kinder verboten.","","","read","","","","Falsch","","1",""
"html-button-response","197","862146","0.0-23.0-0.31","","2461.880000000703","readingtest","","","","Ein Bauer arbeitet auf einem Bauernhof.","","","read","","","","Richtig","","0",""
"html-button-response","198","863733","0.0-23.0-0.32","","1584.9250000010943","readingtest","","","","Kleine Kinder gehen in den Kindergarten.","","","read","","","","Richtig","","0",""
"html-button-response","199","865566","0.0-23.0-0.33","","1832.215000000433","readingtest","","","","In der Metzgerei kaufen wir Klamotten.","","","read","","","","Falsch","","1",""
"html-button-response","200","867828","0.0-23.0-0.34","","2259.7449999994133","readingtest","","","","Auf den Bergen findet man viele Muscheln.","","","read","","","","Falsch","","1",""
"html-button-response","201","869774","0.0-23.0-0.35","","1944.704999999958","readingtest","","","","Wenn man hungrig ist, dann sollte man essen.","","","read","","","","Richtig","","0",""
"html-button-response","202","871641","0.0-23.0-0.36","","1866.0099999997765","readingtest","","","","Wenn man m&uuml;de ist, soll man ins Bett gehen.","","","read","","","","Richtig","","0",""
"html-button-response","203","872868","0.0-23.0-0.37","","1224.7750000006054","readingtest","","","","Eine Gitarre ist ein Musikinstrument. ","","","read","","","","Richtig","","0",""
"html-button-response","204","875478","0.0-23.0-0.38","","2608.5149999998976","readingtest","","","","Wenn du krank bist, solltest du im Bett bleiben.","","","read","","","","Richtig","","0",""
"html-button-response","205","877255","0.0-23.0-0.39","","1775.1250000001164","readingtest","","","","Vor dem Essen sollte man seine H&auml;nde waschen.","","","read","","","","Richtig","","0",""
"html-button-response","206","878594","0.0-23.0-0.40","","1337.0649999997113","readingtest","","","","Damit man gro&szlig; und stark wird, soll man viel essen.","","","read","","","","Richtig","","0",""
"html-button-response","207","879166","0.0-23.0-0.41","","","readingtest","","","","","","","read","","","","Falsch","","","Sie haben alle Aufgaben vor Ende der Zeit erledigt!"
"html-keyboard-response","208","881217","0.0-24.0","","2050.624999999767","","","","","Die Zeit ist abgelaufen. Bitte dr&uuml;cken Sie eine Taste um fortzufahren!","32","","","","","","","","",""
"survey-multi-select","209","889372","0.0-25.0","","8149.740000000689","Quali_Fragen","{""ernsthaft"":["" ja ""],""Umgebung"":["" sehr leise ""],""Gerät"":["" Computer ""]}","[0,1,2]","","","","","","","","","","","",""
"fullscreen","210","890379","0.0-26.0","","","","","","true","","","","","","","","","","",""
"html-button-response","211","893073","0.0-27.0","","2692.689999999944","","","","","<p><strong>Vielen Dank f&uuml;r Ihre Teilnahme!</strong></p><p>Falls Sie an der Verlosung der Amazon Gutscheine im Wert von je 10 Euro teilnehmen m&ouml;chten, dann<br>klicken Sie bitte jetzt auf &#8222;<u>An Verlosung teilnehmen</u>&#8220;. Wenn Sie an der Versuchspersonstunde interessiert sind,dann klicken Sie bitte jetzt auf &#8222;<u>Versuchspersonstunde beantragen</u>&#8220;, ansonsten klicken Sie bitte auf &#8222;<u>Experiment beenden</u>&#8220;.<br>Dann wird das Experiment abgeschlossen und Ihre Daten werden anonym gespeichert.</p><p><strong>Wir bedanken uns f&uuml;r Ihre Unterst&uuml;tzung!</strong></p>","","","","","","","","","0",""
