"trial_type","trial_index","time_elapsed","internal_node_id","view_history","rt","test_part","responses","question_order","success","stimulus","key_press","task","type","condition","operation","consistency","correct_response","task_id","status"
"pavlovia","0","116","0.0-0.0","","","","","","","","","","","","","","","",""
"instructions","1","1250015","0.0-1.0","[{""page_index"":0,""viewing_time"":1245903},{""page_index"":1,""viewing_time"":3987}]","1249893","teilnehmerinfo","","","","","","","","","","","","",""
"survey-multi-select","2","1256135","0.0-2.0","","6080","Einverstaendniserklaerung","{""einverstaendnis;"":[""Ich erkl&auml;re mich damit einverstanden, an der Studie teilzunehmen!""]}","[0]","","","","","","","","","","",""
"fullscreen","3","1263852","0.0-3.0","","","","","","true","","","","","","","","","",""
"survey-text","4","1267500","0.0-4.0","","3591","demoFragen_Seite_1","{""Alter"":""21""}","","","","","","","","","","","",""
"survey-multi-choice","5","1282896","0.0-5.0","","15382","demoFragen_Seite_2","{""handedneß"":"" linkshändig "",""sex"":"" weiblich "",""firstlanguage"":"" ja "",""ethnic"":"" Weiß ""}","[0,1,2,3]","","","","","","","","","","",""
"survey-multi-choice","6","1298189","0.0-6.0","","15278","demoFragen_Seite_3","{""legasthenie"":"" nein "",""dyskalkulie"":"" nein "",""student"":"" ja "",""beschäftigung"":"" vollzeitbeschäftigt ""}","[0,1,2,3]","","","","","","","","","","",""
"survey-multi-choice","7","1327193","0.0-7.0","","28994","demoFragen_Seite_4","{""bildung"":"" Fachhoch-/Hochschulreife "",""educationmath"":"" wenig (z.B. Literatur, Sprachen, Kultur, Medien, Philosophie, Theologie) "",""workmath"":"" wenig (z.B. Literatur, Sprachen, Kultur, Medien, Philosophie, Theologie) ""}","[0,1,2]","","","","","","","","","","",""
"instructions","8","1338418","0.0-8.0","[{""page_index"":0,""viewing_time"":11220}]","11222","Instruktion_GAD","","","","","","","","","","","","",""
"survey-likert","9","1370824","0.0-9.0","","32387","GAD","{""GADa"":2,""GADb"":3,""GADc"":3,""GADd"":3,""GADe"":0,""GADf"":1,""GADg"":2}","[0,1,2,3,4,5,6]","","","","","","","","","","",""
"instructions","10","1376762","0.0-10.0","[{""page_index"":0,""viewing_time"":5931}]","5933","Instruktion_STAI","","","","","","","","","","","","",""
"survey-likert","11","1392269","0.0-11.0","","15497","STAI","{""STAI1"":3,""STAI2"":2,""STAI3"":3,""STAI4"":3,""STAI5"":2}","[0,1,2,3,4]","","","","","","","","","","",""
"instructions","12","1394726","0.0-12.0","[{""page_index"":0,""viewing_time"":2450}]","2452","Instruktion_AMAS","","","","","","","","","","","","",""
"survey-likert","13","1433366","0.0-13.0","","38623","AMAS","{""AMAS1"":1,""AMAS2"":3,""AMAS3"":3,""AMAS4"":3,""AMAS5"":3,""AMAS6"":4,""AMAS7"":2,""AMAS8"":4,""AMAS9"":3}","[0,1,2,3,4,5,6,7,8]","","","","","","","","","","",""
"instructions","14","1482404","0.0-14.0","[{""page_index"":0,""viewing_time"":49035}]","49036","Instruktion_TEXT","","","","","","","","","","","","",""
"instructions","15","1495086","0.0-15.0","[{""page_index"":0,""viewing_time"":12679}]","12680","Instruktion_TEXT_Beispiel","","","","","","","","","","","","",""
"html-keyboard-response","16","1496093","0.0-16.0-0.0","","null","","","","","+","null","","","","","","","",""
"html-keyboard-response","17","1524958","0.0-16.0-1.0","","28855","textaufgaben","","","","<p>Ein paar Freunde suchen Pilze im Wald.</p> <p>Sie sammeln gerade 13 Pilze.</p> <p>Sie hatten 36 Pilze davor.</p> <p>Wie viele Pilze haben sie am Ende?</p>","100","36 + 13","nc","1","A","C","49","2",""
"html-keyboard-response","18","1526275","0.0-16.0-2.0","","1313","textaufgaben","","","","<p>Ein paar Freunde suchen Pilze im Wald.</p> <p>Sie sammeln gerade 13 Pilze.</p> <p>Sie hatten 36 Pilze davor.</p> <p>Wie viele Pilze haben sie am Ende?</p>","105","36 + 13","nc","1","A","C","49","2",""
"html-keyboard-response","19","1527285","0.0-16.0-0.1","","null","","","","","+","null","","","","","","","",""
"html-keyboard-response","20","1535426","0.0-16.0-1.1","","8137","textaufgaben","","","","<p>Ein paar Freunde suchen Pilze im Wald.</p> <p>Sie hatten 67 Pilze.</p> <p>Sie sammeln 15 Pilzen.</p> <p>Wie viele Pilze haben sie am Ende?</p>","101","67 + 15","c","2","A","C","82","9",""
"html-keyboard-response","21","1535794","0.0-16.0-2.1","","365","textaufgaben","","","","<p>Ein paar Freunde suchen Pilze im Wald.</p> <p>Sie hatten 67 Pilze.</p> <p>Sie sammeln 15 Pilzen.</p> <p>Wie viele Pilze haben sie am Ende?</p>","98","67 + 15","c","2","A","C","82","9",""
"html-keyboard-response","22","1536812","0.0-16.0-0.2","","null","","","","","+","null","","","","","","","",""
"html-keyboard-response","23","1546860","0.0-16.0-1.2","","10043","textaufgaben","","","","<p>Eine Tennisspielerin spielt Turniere.</p> <p>Sie hat in dieser Saison 59 Spiele gespielt.</p> <p>Sie hat 41 Spiele verloren.</p> <p>Wie viele Spiele hat sie gewonnen?</p>","97","59 - 41","nc","3","S","C","18","16",""
"html-keyboard-response","24","1547100","0.0-16.0-2.2","","238","textaufgaben","","","","<p>Eine Tennisspielerin spielt Turniere.</p> <p>Sie hat in dieser Saison 59 Spiele gespielt.</p> <p>Sie hat 41 Spiele verloren.</p> <p>Wie viele Spiele hat sie gewonnen?</p>","104","59 - 41","nc","3","S","C","18","16",""
"html-keyboard-response","25","1548108","0.0-16.0-0.3","","null","","","","","+","null","","","","","","","",""
"html-keyboard-response","26","1555509","0.0-16.0-1.3","","7396","textaufgaben","","","","<p>Eine Tennisspielerin spielt Turniere.</p> <p>Sie verlor 18 Spiele.</p> <p>Sie hat in dieser Saison 34 Spiele gespielt.</p> <p>Wie viele Spiele hat sie gewonnen?</p>","97","34 - 18","c","4","S","C","16","21",""
"html-keyboard-response","27","1555801","0.0-16.0-2.3","","289","textaufgaben","","","","<p>Eine Tennisspielerin spielt Turniere.</p> <p>Sie verlor 18 Spiele.</p> <p>Sie hat in dieser Saison 34 Spiele gespielt.</p> <p>Wie viele Spiele hat sie gewonnen?</p>","102","34 - 18","c","4","S","C","16","21",""
"html-keyboard-response","28","1556811","0.0-16.0-0.4","","null","","","","","+","null","","","","","","","",""
"html-keyboard-response","29","1572868","0.0-16.0-1.4","","16055","textaufgaben","","","","<p>Ein paar Freunde suchen Pilze im Wald.</p> <p>Sie werfen gerade 23 giftige Pilze weg.</p> <p>Sie haben 31 Pilze &uuml;brig.</p> <p>Wie viele Pilze hatten sie fr&uuml;her?</p>","101","31 + 23","nc","5","A","I","54","25",""
"html-keyboard-response","30","1573069","0.0-16.0-2.4","","200","textaufgaben","","","","<p>Ein paar Freunde suchen Pilze im Wald.</p> <p>Sie werfen gerade 23 giftige Pilze weg.</p> <p>Sie haben 31 Pilze &uuml;brig.</p> <p>Wie viele Pilze hatten sie fr&uuml;her?</p>","100","31 + 23","nc","5","A","I","54","25",""
"html-keyboard-response","31","1574092","0.0-16.0-0.5","","null","","","","","+","null","","","","","","","",""
"html-keyboard-response","32","1581725","0.0-16.0-1.5","","7632","textaufgaben","","","","<p>Eine Marktfrau verkauft &Auml;pfel auf dem Markt.</p> <p>Sie hat jetzt 38 &Auml;pfel.</p> <p>Die Marktfrau hatte davor 26 &Auml;pfel verkauft.</p> <p>Wie viele &Auml;pfel hatte sie am Anfang?</p>","96","38 + 26","c","6","A","I","64","35",""
"html-keyboard-response","33","1582808","0.0-16.0-2.5","","1080","textaufgaben","","","","<p>Eine Marktfrau verkauft &Auml;pfel auf dem Markt.</p> <p>Sie hat jetzt 38 &Auml;pfel.</p> <p>Die Marktfrau hatte davor 26 &Auml;pfel verkauft.</p> <p>Wie viele &Auml;pfel hatte sie am Anfang?</p>","96","38 + 26","c","6","A","I","64","35",""
"html-keyboard-response","34","1583815","0.0-16.0-0.6","","null","","","","","+","null","","","","","","","",""
"html-keyboard-response","35","1593844","0.0-16.0-1.6","","10028","textaufgaben","","","","<p>Eine Tennisspielerin spielt Turniere.</p> <p>Sie hat in dieser Saison 29 Spiele gespielt.</p> <p>Sie gewann 13 Spiele.</p> <p>Wie viele Spiele hatte sie verloren?</p>","97","29 - 13","nc","7","S","I","16","39",""
"html-keyboard-response","36","1594099","0.0-16.0-2.6","","253","textaufgaben","","","","<p>Eine Tennisspielerin spielt Turniere.</p> <p>Sie hat in dieser Saison 29 Spiele gespielt.</p> <p>Sie gewann 13 Spiele.</p> <p>Wie viele Spiele hatte sie verloren?</p>","102","29 - 13","nc","7","S","I","16","39",""
"html-keyboard-response","37","1595112","0.0-16.0-0.7","","null","","","","","+","null","","","","","","","",""
"html-keyboard-response","38","1603838","0.0-16.0-1.7","","8722","textaufgaben","","","","<p>Einige Leute wurden zur Party eingeladen.</p> <p>Am Ende sind 41 Leute auf der Party.</p> <p>18 Leute sind davor zur Party gekommen.</p> <p>Wie viele Leute waren am Anfang auf der Party?</p>","101","41 - 18","c","8","S","I","23","47",""
"html-keyboard-response","39","1604110","0.0-16.0-2.7","","271","textaufgaben","","","","<p>Einige Leute wurden zur Party eingeladen.</p> <p>Am Ende sind 41 Leute auf der Party.</p> <p>18 Leute sind davor zur Party gekommen.</p> <p>Wie viele Leute waren am Anfang auf der Party?</p>","105","41 - 18","c","8","S","I","23","47",""
"html-keyboard-response","40","1605126","0.0-16.0-0.8","","null","","","","","+","null","","","","","","","",""
"html-keyboard-response","41","1611481","0.0-16.0-1.8","","6354","textaufgaben","","","","<p>Einige Leute wurden zur Party eingeladen.</p> <p>12 Leute sind sp&auml;ter gekommen.</p> <p>Es waren davor 75 Leute auf der Party.</p> <p>Wie viele Leute waren am Ende auf der Party?</p>","104","75 + 12","nc","1","A","C","87","6",""
"html-keyboard-response","42","1611667","0.0-16.0-2.8","","185","textaufgaben","","","","<p>Einige Leute wurden zur Party eingeladen.</p> <p>12 Leute sind sp&auml;ter gekommen.</p> <p>Es waren davor 75 Leute auf der Party.</p> <p>Wie viele Leute waren am Ende auf der Party?</p>","103","75 + 12","nc","1","A","C","87","6",""
"html-keyboard-response","43","1612674","0.0-16.0-0.9","","null","","","","","+","null","","","","","","","",""
"html-keyboard-response","44","1619026","0.0-16.0-1.9","","6349","textaufgaben","","","","<p>Einige Leute wurden zur Party eingeladen.</p> <p>19 Leute sind sp&auml;ter gekommen.</p> <p>Es waren anfangs 24 Leute auf der Party.</p> <p>Wie viele Leute waren am Ende auf der Party?</p>","99","24 + 19","c","2","A","C","43","8",""
"html-keyboard-response","45","1619168","0.0-16.0-2.9","","141","textaufgaben","","","","<p>Einige Leute wurden zur Party eingeladen.</p> <p>19 Leute sind sp&auml;ter gekommen.</p> <p>Es waren anfangs 24 Leute auf der Party.</p> <p>Wie viele Leute waren am Ende auf der Party?</p>","99","24 + 19","c","2","A","C","43","8",""
"html-keyboard-response","46","1620171","0.0-16.0-0.10","","null","","","","","+","null","","","","","","","",""
"html-keyboard-response","47","1626116","0.0-16.0-1.10","","5943","textaufgaben","","","","<p>Ein Dieb hat einer Frau einige Diamanten gestohlen.</p> <p>Ihr wurden 32 Diamanten gestohlen.</p> <p>Die Frau hatte 53 Diamanten gehabt.</p> <p>Wie viele Diamanten hat sie jetzt?</p>","97","53 - 32","nc","3","S","C","21","18",""
"html-keyboard-response","48","1626414","0.0-16.0-2.10","","292","textaufgaben","","","","<p>Ein Dieb hat einer Frau einige Diamanten gestohlen.</p> <p>Ihr wurden 32 Diamanten gestohlen.</p> <p>Die Frau hatte 53 Diamanten gehabt.</p> <p>Wie viele Diamanten hat sie jetzt?</p>","105","53 - 32","nc","3","S","C","21","18",""
"html-keyboard-response","49","1627429","0.0-16.0-0.11","","null","","","","","+","null","","","","","","","",""
"html-keyboard-response","50","1637214","0.0-16.0-1.11","","9782","textaufgaben","","","","<p>Einige Leute wurden zur Party eingeladen.</p> <p>41 Leute sind zur Party gekommen.</p> <p>25 Leute haben die Party fr&uuml;her verlassen.</p> <p>Wie viele Leute sind jetzt auf der Party?</p>","97","41 - 25","c","4","S","C","16","23",""
"html-keyboard-response","51","1637464","0.0-16.0-2.11","","248","textaufgaben","","","","<p>Einige Leute wurden zur Party eingeladen.</p> <p>41 Leute sind zur Party gekommen.</p> <p>25 Leute haben die Party fr&uuml;her verlassen.</p> <p>Wie viele Leute sind jetzt auf der Party?</p>","102","41 - 25","c","4","S","C","16","23",""
"html-keyboard-response","52","1638469","0.0-16.0-0.12","","null","","","","","+","null","","","","","","","",""
"html-keyboard-response","53","1645825","0.0-16.0-1.12","","7352","textaufgaben","","","","<p>Eine Tennisspielerin spielt Turniere.</p> <p>Sie hatte fr&uuml;her 23 Spiele verloren.</p> <p>Sie hat 14 Spiele in dieser Saison verloren.</p> <p>Wie viele Spiele hat sie in ihrer Karriere verloren?</p>","99","23 + 14","nc","5","A","I","37","28",""
"html-keyboard-response","54","1646123","0.0-16.0-2.12","","297","textaufgaben","","","","<p>Eine Tennisspielerin spielt Turniere.</p> <p>Sie hatte fr&uuml;her 23 Spiele verloren.</p> <p>Sie hat 14 Spiele in dieser Saison verloren.</p> <p>Wie viele Spiele hat sie in ihrer Karriere verloren?</p>","103","23 + 14","nc","5","A","I","37","28",""
"html-keyboard-response","55","1647126","0.0-16.0-0.13","","null","","","","","+","null","","","","","","","",""
"html-keyboard-response","56","1659066","0.0-16.0-1.13","","11938","textaufgaben","","","","<p>Ein Mann spart Geld f&uuml;r einige Anschaffungen.</p> <p>Er gibt 19 Euro aus.</p> <p>Er hat jetzt 27 Euro.</p> <p>Wie viel Geld hatte der Mann?</p>","100","27 + 19","c","6","A","I","42","31",""
"html-keyboard-response","57","1659238","0.0-16.0-2.13","","172","textaufgaben","","","","<p>Ein Mann spart Geld f&uuml;r einige Anschaffungen.</p> <p>Er gibt 19 Euro aus.</p> <p>Er hat jetzt 27 Euro.</p> <p>Wie viel Geld hatte der Mann?</p>","102","27 + 19","c","6","A","I","42","31",""
"html-keyboard-response","58","1660251","0.0-16.0-0.14","","null","","","","","+","null","","","","","","","",""
"html-keyboard-response","59","1672436","0.0-16.0-1.14","","12182","textaufgaben","","","","<p>Eine Marktfrau verkauft &Auml;pfel auf dem Markt.</p> <p>Sie hatte vorher 21 &Auml;pfel geliefert bekommen.</p> <p>Die Marktfrau hat 64 &Auml;pfel.</p> <p>Wie viele &Auml;pfel hatte sie am Anfang?</p>","104","64 - 21","nc","7","S","I","43","42",""
"html-keyboard-response","60","1672608","0.0-16.0-2.14","","170","textaufgaben","","","","<p>Eine Marktfrau verkauft &Auml;pfel auf dem Markt.</p> <p>Sie hatte vorher 21 &Auml;pfel geliefert bekommen.</p> <p>Die Marktfrau hat 64 &Auml;pfel.</p> <p>Wie viele &Auml;pfel hatte sie am Anfang?</p>","101","64 - 21","nc","7","S","I","43","42",""
"html-keyboard-response","61","1673612","0.0-16.0-0.15","","null","","","","","+","null","","","","","","","",""
"html-keyboard-response","62","1687594","0.0-16.0-1.15","","13980","textaufgaben","","","","<p>Eine Studentin muss W&ouml;rter lernen.</p> <p>Die Studentin hat 13 W&ouml;rter gelernt.</p> <p>Sie kennt jetzt 31 W&ouml;rter.</p> <p>Wie viele W&ouml;rter hatte sie am Anfang gekonnt?</p>","97","31 - 13","c","8","S","I","18","45",""
"html-keyboard-response","63","1687833","0.0-16.0-2.15","","236","textaufgaben","","","","<p>Eine Studentin muss W&ouml;rter lernen.</p> <p>Die Studentin hat 13 W&ouml;rter gelernt.</p> <p>Sie kennt jetzt 31 W&ouml;rter.</p> <p>Wie viele W&ouml;rter hatte sie am Anfang gekonnt?</p>","104","31 - 13","c","8","S","I","18","45",""
"html-keyboard-response","64","1688847","0.0-16.0-0.16","","null","","","","","+","null","","","","","","","",""
"html-keyboard-response","65","1699155","0.0-16.0-1.16","","10305","textaufgaben","","","","<p>Ein M&auml;dchen sammelt B&uuml;cher.</p> <p>Sie hat 35 B&uuml;cher erhalten.</p> <p>Das M&auml;dchen hatte davor 54 B&uuml;cher.</p> <p>Wie viele B&uuml;cher hat sie am Ende?</p>","104","54 + 35","nc","1","A","C","89","4",""
"html-keyboard-response","66","1699330","0.0-16.0-2.16","","172","textaufgaben","","","","<p>Ein M&auml;dchen sammelt B&uuml;cher.</p> <p>Sie hat 35 B&uuml;cher erhalten.</p> <p>Das M&auml;dchen hatte davor 54 B&uuml;cher.</p> <p>Wie viele B&uuml;cher hat sie am Ende?</p>","105","54 + 35","nc","1","A","C","89","4",""
"html-keyboard-response","67","1700343","0.0-16.0-0.17","","null","","","","","+","null","","","","","","","",""
"html-keyboard-response","68","1708409","0.0-16.0-1.17","","8064","textaufgaben","","","","<p>Eine Studentin muss W&ouml;rter lernen.</p> <p>Die Studentin kannte 43 W&ouml;rter.</p> <p>Sie hat gerade 19 W&ouml;rter gelernt.</p> <p>Wie viele W&ouml;rter kennt die Studentin am Ende?</p>","102","43 + 19","c","2","A","C","62","7",""
"html-keyboard-response","69","1708649","0.0-16.0-2.17","","236","textaufgaben","","","","<p>Eine Studentin muss W&ouml;rter lernen.</p> <p>Die Studentin kannte 43 W&ouml;rter.</p> <p>Sie hat gerade 19 W&ouml;rter gelernt.</p> <p>Wie viele W&ouml;rter kennt die Studentin am Ende?</p>","98","43 + 19","c","2","A","C","62","7",""
"html-keyboard-response","70","1709658","0.0-16.0-0.18","","null","","","","","+","null","","","","","","","",""
"html-keyboard-response","71","1715145","0.0-16.0-1.18","","5485","textaufgaben","","","","<p>Eine Studentin muss W&ouml;rter lernen.</p> <p>Die Studentin vergisst 12 W&ouml;rter.</p> <p>Sie hat am Anfang 58 W&ouml;rter gelernt.</p> <p>Wie viele W&ouml;rter hat sie richtig gelernt?</p>","100","58 - 12","nc","3","S","C","46","14",""
"html-keyboard-response","72","1715330","0.0-16.0-2.18","","185","textaufgaben","","","","<p>Eine Studentin muss W&ouml;rter lernen.</p> <p>Die Studentin vergisst 12 W&ouml;rter.</p> <p>Sie hat am Anfang 58 W&ouml;rter gelernt.</p> <p>Wie viele W&ouml;rter hat sie richtig gelernt?</p>","102","58 - 12","nc","3","S","C","46","14",""
"html-keyboard-response","73","1716344","0.0-16.0-0.19","","null","","","","","+","null","","","","","","","",""
"html-keyboard-response","74","1723174","0.0-16.0-1.19","","6829","textaufgaben","","","","<p>Ein Dieb hat einer Frau einige Diamanten gestohlen.</p> <p>Der Dieb hat ihr 16 Diamanten gestohlen.</p> <p>Sie hatte am Anfang 41 Diamanten gehabt.</p> <p>Wie viele Diamanten hat sie jetzt?</p>","98","41 - 16","c","4","S","C","25","19",""
"html-keyboard-response","75","1723329","0.0-16.0-2.19","","154","textaufgaben","","","","<p>Ein Dieb hat einer Frau einige Diamanten gestohlen.</p> <p>Der Dieb hat ihr 16 Diamanten gestohlen.</p> <p>Sie hatte am Anfang 41 Diamanten gehabt.</p> <p>Wie viele Diamanten hat sie jetzt?</p>","101","41 - 16","c","4","S","C","25","19",""
"html-keyboard-response","76","1724343","0.0-16.0-0.20","","null","","","","","+","null","","","","","","","",""
"html-keyboard-response","77","1731844","0.0-16.0-1.20","","7498","textaufgaben","","","","<p>Eine Marktfrau verkauft &Auml;pfel auf dem Markt.</p> <p>Die Marktfrau verkauft 13 &Auml;pfel.</p> <p>Sie hat danach 36 &Auml;pfel.</p> <p>Wie viele &Auml;pfel hatte sie am Anfang?</p>","100","36 + 13","nc","5","A","I","49","26",""
"html-keyboard-response","78","1732075","0.0-16.0-2.20","","228","textaufgaben","","","","<p>Eine Marktfrau verkauft &Auml;pfel auf dem Markt.</p> <p>Die Marktfrau verkauft 13 &Auml;pfel.</p> <p>Sie hat danach 36 &Auml;pfel.</p> <p>Wie viele &Auml;pfel hatte sie am Anfang?</p>","105","36 + 13","nc","5","A","I","49","26",""
"html-keyboard-response","79","1733082","0.0-16.0-0.21","","null","","","","","+","null","","","","","","","",""
"html-keyboard-response","80","1742039","0.0-16.0-1.21","","8956","textaufgaben","","","","<p>Ein paar Freunde suchen Pilze im Wald.</p> <p>Sie werfen gerade 19 giftige Pilze weg.</p> <p>Sie haben 45 Pilze.</p> <p>Wie viele Pilze hatten sie davor?</p>","102","45 + 19","c","6","A","I","64","32",""
"html-keyboard-response","81","1742223","0.0-16.0-2.21","","181","textaufgaben","","","","<p>Ein paar Freunde suchen Pilze im Wald.</p> <p>Sie werfen gerade 19 giftige Pilze weg.</p> <p>Sie haben 45 Pilze.</p> <p>Wie viele Pilze hatten sie davor?</p>","100","45 + 19","c","6","A","I","64","32",""
"html-keyboard-response","82","1743235","0.0-16.0-0.22","","null","","","","","+","null","","","","","","","",""
"html-keyboard-response","83","1753225","0.0-16.0-1.22","","9989","textaufgaben","","","","<p>Ein Mann spart Geld f&uuml;r einige Anschaffungen.</p> <p>Er hat jetzt 37 Euro.</p> <p>Er hatte 24 Euro verdient.</p> <p>Wie viel Geld hatte er am Anfang?</p>","97","37 - 24","nc","7","S","I","13","41",""
"html-keyboard-response","84","1753365","0.0-16.0-2.22","","138","textaufgaben","","","","<p>Ein Mann spart Geld f&uuml;r einige Anschaffungen.</p> <p>Er hat jetzt 37 Euro.</p> <p>Er hatte 24 Euro verdient.</p> <p>Wie viel Geld hatte er am Anfang?</p>","99","37 - 24","nc","7","S","I","13","41",""
"html-keyboard-response","85","1754380","0.0-16.0-0.23","","null","","","","","+","null","","","","","","","",""
"html-keyboard-response","86","1762899","0.0-16.0-1.23","","8516","textaufgaben","","","","<p>Ein Mann spart Geld f&uuml;r einige Anschaffungen.</p> <p>Er verdient heute 19 Euro.</p> <p>Er hat jetzt 37 Euro.</p> <p>Wie viel Geld hatte er am Anfang?</p>","97","37 - 19","c","8","S","I","18","44",""
"html-keyboard-response","87","1763047","0.0-16.0-2.23","","147","textaufgaben","","","","<p>Ein Mann spart Geld f&uuml;r einige Anschaffungen.</p> <p>Er verdient heute 19 Euro.</p> <p>Er hat jetzt 37 Euro.</p> <p>Wie viel Geld hatte er am Anfang?</p>","104","37 - 19","c","8","S","I","18","44",""
"html-keyboard-response","88","1764061","0.0-16.0-0.24","","null","","","","","+","null","","","","","","","",""
"html-keyboard-response","89","1771276","0.0-16.0-1.24","","7213","textaufgaben","","","","<p>Ein Mann spart Geld f&uuml;r einige Anschaffungen.</p> <p>Er hatte 21 Euro.</p> <p>Er verdient 13 Euro.</p> <p>Wie viel Geld hat der Mann jetzt?</p>","99","21 + 13","nc","1","A","C","34","1",""
"html-keyboard-response","90","1771404","0.0-16.0-2.24","","127","textaufgaben","","","","<p>Ein Mann spart Geld f&uuml;r einige Anschaffungen.</p> <p>Er hatte 21 Euro.</p> <p>Er verdient 13 Euro.</p> <p>Wie viel Geld hat der Mann jetzt?</p>","100","21 + 13","nc","1","A","C","34","1",""
"html-keyboard-response","91","1772408","0.0-16.0-0.25","","null","","","","","+","null","","","","","","","",""
"html-keyboard-response","92","1779575","0.0-16.0-1.25","","7164","textaufgaben","","","","<p>Ein M&auml;dchen sammelt B&uuml;cher.</p> <p>Sie erh&auml;lt 18 B&uuml;cher.</p> <p>Das M&auml;dchen hatte am Anfang 46 B&uuml;cher gehabt.</p> <p>Wie viele B&uuml;cher hat sie am Ende?</p>","102","46 + 18","c","2","A","C","64","11",""
"html-keyboard-response","93","1780048","0.0-16.0-2.25","","471","textaufgaben","","","","<p>Ein M&auml;dchen sammelt B&uuml;cher.</p> <p>Sie erh&auml;lt 18 B&uuml;cher.</p> <p>Das M&auml;dchen hatte am Anfang 46 B&uuml;cher gehabt.</p> <p>Wie viele B&uuml;cher hat sie am Ende?</p>","100","46 + 18","c","2","A","C","64","11",""
"html-keyboard-response","94","1781056","0.0-16.0-0.26","","null","","","","","+","null","","","","","","","",""
"html-keyboard-response","95","1787248","0.0-16.0-1.26","","6191","textaufgaben","","","","<p>Ein M&auml;dchen sammelt B&uuml;cher.</p> <p>Das M&auml;dchen hat 28 B&uuml;cher.</p> <p>Sie verschenkt 13 B&uuml;cher an ihre Freunde.</p> <p>Wie viele B&uuml;cher hat sie am Ende?</p>","97","28 - 13","nc","3","S","C","15","17",""
"html-keyboard-response","96","1787444","0.0-16.0-2.26","","191","textaufgaben","","","","<p>Ein M&auml;dchen sammelt B&uuml;cher.</p> <p>Das M&auml;dchen hat 28 B&uuml;cher.</p> <p>Sie verschenkt 13 B&uuml;cher an ihre Freunde.</p> <p>Wie viele B&uuml;cher hat sie am Ende?</p>","101","28 - 13","nc","3","S","C","15","17",""
"html-keyboard-response","97","1788458","0.0-16.0-0.27","","null","","","","","+","null","","","","","","","",""
"html-keyboard-response","98","1795045","0.0-16.0-1.27","","6586","textaufgaben","","","","<p>Ein M&auml;dchen sammelt B&uuml;cher.</p> <p>Das M&auml;dchen verschenkt 17 B&uuml;cher.</p> <p>Sie hatte 46 B&uuml;cher  mitgebracht.</p> <p>Wie viele B&uuml;cher hat sie am Ende?</p>","98","46 - 17","c","4","S","C","29","22",""
"html-keyboard-response","99","1795308","0.0-16.0-2.27","","263","textaufgaben","","","","<p>Ein M&auml;dchen sammelt B&uuml;cher.</p> <p>Das M&auml;dchen verschenkt 17 B&uuml;cher.</p> <p>Sie hatte 46 B&uuml;cher  mitgebracht.</p> <p>Wie viele B&uuml;cher hat sie am Ende?</p>","105","46 - 17","c","4","S","C","29","22",""
"html-keyboard-response","100","1796321","0.0-16.0-0.28","","null","","","","","+","null","","","","","","","",""
"html-keyboard-response","101","1806166","0.0-16.0-1.28","","9842","textaufgaben","","","","<p>Ein Mann spart Geld f&uuml;r einige Anschaffungen.</p> <p>Er hat jetzt 13 Euro.</p> <p>Er hat davor 65 Euro ausgegeben.</p> <p>Wie viel Geld hatte der Mann?</p>","97","65 + 13","nc","5","A","I","78","30",""
"html-keyboard-response","102","1807454","0.0-16.0-2.28","","1287","textaufgaben","","","","<p>Ein Mann spart Geld f&uuml;r einige Anschaffungen.</p> <p>Er hat jetzt 13 Euro.</p> <p>Er hat davor 65 Euro ausgegeben.</p> <p>Wie viel Geld hatte der Mann?</p>","103","65 + 13","nc","5","A","I","78","30",""
"html-keyboard-response","103","1808464","0.0-16.0-0.29","","null","","","","","+","null","","","","","","","",""
"html-keyboard-response","104","1819002","0.0-16.0-1.29","","10536","textaufgaben","","","","<p>Eine Studentin muss W&ouml;rter lernen.</p> <p>Die Studentin hat 53 W&ouml;rtern vergessen.</p> <p>Sie lernt sp&auml;ter 18 andere W&ouml;rter.</p> <p>Wie viele W&ouml;rter m&uuml;sste sie kennen?</p>","103","53 + 18","c","6","A","I","71","33",""
"html-keyboard-response","105","1820059","0.0-16.0-2.29","","1055","textaufgaben","","","","<p>Eine Studentin muss W&ouml;rter lernen.</p> <p>Die Studentin hat 53 W&ouml;rtern vergessen.</p> <p>Sie lernt sp&auml;ter 18 andere W&ouml;rter.</p> <p>Wie viele W&ouml;rter m&uuml;sste sie kennen?</p>","97","53 + 18","c","6","A","I","71","33",""
"html-keyboard-response","106","1821071","0.0-16.0-0.30","","null","","","","","+","null","","","","","","","",""
"html-keyboard-response","107","1829121","0.0-16.0-1.30","","8048","textaufgaben","","","","<p>Eine Studentin muss W&ouml;rter lernen.</p> <p>Die Studentin hat 42 W&ouml;rter gelernt.</p> <p>Sie kennt jetzt 68 W&ouml;rter.</p> <p>Wie viele W&ouml;rter hatte sie am Anfang gekonnt?</p>","98","68 - 42","nc","7","S","I","26","40",""
"html-keyboard-response","108","1829298","0.0-16.0-2.30","","175","textaufgaben","","","","<p>Eine Studentin muss W&ouml;rter lernen.</p> <p>Die Studentin hat 42 W&ouml;rter gelernt.</p> <p>Sie kennt jetzt 68 W&ouml;rter.</p> <p>Wie viele W&ouml;rter hatte sie am Anfang gekonnt?</p>","102","68 - 42","nc","7","S","I","26","40",""
"html-keyboard-response","109","1830307","0.0-16.0-0.31","","null","","","","","+","null","","","","","","","",""
"html-keyboard-response","110","1844038","0.0-16.0-1.31","","13728","textaufgaben","","","","<p>Ein paar Freunde suchen Pilze im Wald.</p> <p>Sie haben am Ende 31 Pilze.</p> <p>Sie haben davor 12 Pilze gesammelt.</p> <p>Wie viele Pilze hatten sie am Anfang?</p>","97","31 - 12","c","8","S","I","19","43",""
"html-keyboard-response","111","1844331","0.0-16.0-2.31","","290","textaufgaben","","","","<p>Ein paar Freunde suchen Pilze im Wald.</p> <p>Sie haben am Ende 31 Pilze.</p> <p>Sie haben davor 12 Pilze gesammelt.</p> <p>Wie viele Pilze hatten sie am Anfang?</p>","105","31 - 12","c","8","S","I","19","43",""
"html-keyboard-response","112","1845338","0.0-16.0-0.32","","null","","","","","+","null","","","","","","","",""
"html-keyboard-response","113","1856721","0.0-16.0-1.32","","11383","textaufgaben","","","","<p>Ein Dieb hat einer Frau einige Diamanten gestohlen.</p> <p>Nach dem Diebstahl hatte sie 23 Diamanten.</p> <p>Die Polizei findet 15 Diamanten wieder.</p> <p>Wie viele Diamanten hat die Frau am Ende?</p>","99","23 + 15","nc","1","A","C","38","5",""
"html-keyboard-response","114","1857098","0.0-16.0-2.32","","374","textaufgaben","","","","<p>Ein Dieb hat einer Frau einige Diamanten gestohlen.</p> <p>Nach dem Diebstahl hatte sie 23 Diamanten.</p> <p>Die Polizei findet 15 Diamanten wieder.</p> <p>Wie viele Diamanten hat die Frau am Ende?</p>","104","23 + 15","nc","1","A","C","38","5",""
"html-keyboard-response","115","1858108","0.0-16.0-0.33","","null","","","","","+","null","","","","","","","",""
"html-keyboard-response","116","1869292","0.0-16.0-1.33","","11181","textaufgaben","","","","<p>Eine Tennisspielerin spielt Turniere.</p> <p>Sie hat 16 Spiele in dieser Saison gewonnen.</p> <p>Sie hat vor dieser Saison 25 Spiele gewonnen.</p> <p>Wie viele Spiele hat sie in ihrer Karriere gewonnen?</p>","100","25 + 16","c","2","A","C","41","10",""
"html-keyboard-response","117","1869465","0.0-16.0-2.33","","172","textaufgaben","","","","<p>Eine Tennisspielerin spielt Turniere.</p> <p>Sie hat 16 Spiele in dieser Saison gewonnen.</p> <p>Sie hat vor dieser Saison 25 Spiele gewonnen.</p> <p>Wie viele Spiele hat sie in ihrer Karriere gewonnen?</p>","97","25 + 16","c","2","A","C","41","10",""
"html-keyboard-response","118","1870476","0.0-16.0-0.34","","null","","","","","+","null","","","","","","","",""
"html-keyboard-response","119","1879977","0.0-16.0-1.34","","9498","textaufgaben","","","","<p>Eine Marktfrau verkauft &Auml;pfel auf dem Markt.</p> <p>Die Marktfrau verkauft 13 &Auml;pfel.</p> <p>Sie hatte 25 &Auml;pfel mitgebracht.</p> <p>Wie viele &Auml;pfel hat sie am Ende?</p>","97","25 - 13","nc","3","S","C","12","13",""
"html-keyboard-response","120","1880077","0.0-16.0-2.34","","98","textaufgaben","","","","<p>Eine Marktfrau verkauft &Auml;pfel auf dem Markt.</p> <p>Die Marktfrau verkauft 13 &Auml;pfel.</p> <p>Sie hatte 25 &Auml;pfel mitgebracht.</p> <p>Wie viele &Auml;pfel hat sie am Ende?</p>","98","25 - 13","nc","3","S","C","12","13",""
"html-keyboard-response","121","1881083","0.0-16.0-0.35","","null","","","","","+","null","","","","","","","",""
"html-keyboard-response","122","1888022","0.0-16.0-1.35","","6936","textaufgaben","","","","<p>Eine Marktfrau verkauft &Auml;pfel auf dem Markt.</p> <p>Die Marktfrau kam mit 37 &Auml;pfeln.</p> <p>Sie verkauft 19 &Auml;pfel.</p> <p>Wie viele &Auml;pfel hat sie am Ende?</p>","97","37 - 19","c","4","S","C","18","20",""
"html-keyboard-response","123","1888274","0.0-16.0-2.35","","249","textaufgaben","","","","<p>Eine Marktfrau verkauft &Auml;pfel auf dem Markt.</p> <p>Die Marktfrau kam mit 37 &Auml;pfeln.</p> <p>Sie verkauft 19 &Auml;pfel.</p> <p>Wie viele &Auml;pfel hat sie am Ende?</p>","104","37 - 19","c","4","S","C","18","20",""
"html-keyboard-response","124","1889277","0.0-16.0-0.36","","null","","","","","+","null","","","","","","","",""
"html-keyboard-response","125","1903471","0.0-16.0-1.36","","14191","textaufgaben","","","","<p>Ein Dieb hat einer Frau einige Diamanten gestohlen.</p> <p>Sie hat jetzt 34 Diamanten.</p> <p>Der Dieb hatte ihr 25 Diamanten gestohlen.</p> <p>Wie viele Diamanten hatte die Frau?</p>","101","34 + 25","nc","5","A","I","59","29",""
"html-keyboard-response","126","1903647","0.0-16.0-2.36","","174","textaufgaben","","","","<p>Ein Dieb hat einer Frau einige Diamanten gestohlen.</p> <p>Sie hat jetzt 34 Diamanten.</p> <p>Der Dieb hatte ihr 25 Diamanten gestohlen.</p> <p>Wie viele Diamanten hatte die Frau?</p>","105","34 + 25","nc","5","A","I","59","29",""
"html-keyboard-response","127","1904659","0.0-16.0-0.37","","null","","","","","+","null","","","","","","","",""
"html-keyboard-response","128","1910729","0.0-16.0-1.37","","6066","textaufgaben","","","","<p>Ein M&auml;dchen sammelt B&uuml;cher.</p> <p>Das M&auml;dchen verschenkt 25 B&uuml;cher.</p> <p>Sie hat danach 17 B&uuml;cher.</p> <p>Wie viele B&uuml;cher hatte sie am Anfang?</p>","100","25 + 17","c","6","A","I","42","34",""
"html-keyboard-response","129","1910874","0.0-16.0-2.37","","144","textaufgaben","","","","<p>Ein M&auml;dchen sammelt B&uuml;cher.</p> <p>Das M&auml;dchen verschenkt 25 B&uuml;cher.</p> <p>Sie hat danach 17 B&uuml;cher.</p> <p>Wie viele B&uuml;cher hatte sie am Anfang?</p>","98","25 + 17","c","6","A","I","42","34",""
"html-keyboard-response","130","1911882","0.0-16.0-0.38","","null","","","","","+","null","","","","","","","",""
"html-keyboard-response","131","1922234","0.0-16.0-1.38","","10351","textaufgaben","","","","<p>Ein Dieb hat einer Frau einige Diamanten gestohlen.</p> <p>Die Polizei hat 13 Diamanten wiedergefunden.</p> <p>Der Dieb hatte ihr 37 Diamanten gestohlen.</p> <p>Wie viele Diamanten muss die Polizei noch finden?</p>","98","37 - 13","nc","7","S","I","14","38",""
"html-keyboard-response","132","1922757","0.0-16.0-2.38","","522","textaufgaben","","","","<p>Ein Dieb hat einer Frau einige Diamanten gestohlen.</p> <p>Die Polizei hat 13 Diamanten wiedergefunden.</p> <p>Der Dieb hatte ihr 37 Diamanten gestohlen.</p> <p>Wie viele Diamanten muss die Polizei noch finden?</p>","100","37 - 13","nc","7","S","I","14","38",""
"html-keyboard-response","133","1923772","0.0-16.0-0.39","","null","","","","","+","null","","","","","","","",""
"html-keyboard-response","134","1936976","0.0-16.0-1.39","","13203","textaufgaben","","","","<p>Ein M&auml;dchen sammelt B&uuml;cher.</p> <p>Das M&auml;dchen erh&auml;lt 45 B&uuml;cher.</p> <p>Sie hat danach 74 B&uuml;cher.</p> <p>Wie viele B&uuml;cher hatte sie am Anfang?</p>","98","74 - 45","c","8","S","I","29","48",""
"html-keyboard-response","135","1937216","0.0-16.0-2.39","","238","textaufgaben","","","","<p>Ein M&auml;dchen sammelt B&uuml;cher.</p> <p>Das M&auml;dchen erh&auml;lt 45 B&uuml;cher.</p> <p>Sie hat danach 74 B&uuml;cher.</p> <p>Wie viele B&uuml;cher hatte sie am Anfang?</p>","105","74 - 45","c","8","S","I","29","48",""
"html-keyboard-response","136","1938219","0.0-16.0-0.40","","null","","","","","+","null","","","","","","","",""
"html-keyboard-response","137","1950441","0.0-16.0-1.40","","12221","textaufgaben","","","","<p>Eine Studentin muss W&ouml;rter lernen.</p> <p>Die Studentin kannte 52 W&ouml;rter.</p> <p>Sie lernte gerade 26 W&ouml;rter.</p> <p>Wie viele W&ouml;rter kennt die Studentin am Ende?</p>","103","52 + 26","nc","1","A","C","78","3",""
"html-keyboard-response","138","1950614","0.0-16.0-2.40","","171","textaufgaben","","","","<p>Eine Studentin muss W&ouml;rter lernen.</p> <p>Die Studentin kannte 52 W&ouml;rter.</p> <p>Sie lernte gerade 26 W&ouml;rter.</p> <p>Wie viele W&ouml;rter kennt die Studentin am Ende?</p>","104","52 + 26","nc","1","A","C","78","3",""
"html-keyboard-response","139","1951621","0.0-16.0-0.41","","null","","","","","+","null","","","","","","","",""
"html-keyboard-response","140","1960669","0.0-16.0-1.41","","9046","textaufgaben","","","","<p>Eine Marktfrau verkauft &Auml;pfel auf dem Markt.</p> <p>Die Marktfrau kam mit 56 &Auml;pfeln.</p> <p>Sie hat 27 &Auml;pfel geliefert bekommen.</p> <p>Wie viele &Auml;pfel hat sie am Ende?</p>","99","56 + 27","c","2","A","C","83","12",""
"html-keyboard-response","141","1961955","0.0-16.0-2.41","","1286","textaufgaben","","","","<p>Eine Marktfrau verkauft &Auml;pfel auf dem Markt.</p> <p>Die Marktfrau kam mit 56 &Auml;pfeln.</p> <p>Sie hat 27 &Auml;pfel geliefert bekommen.</p> <p>Wie viele &Auml;pfel hat sie am Ende?</p>","104","56 + 27","c","2","A","C","83","12",""
"html-keyboard-response","142","1962965","0.0-16.0-0.42","","null","","","","","+","null","","","","","","","",""
"html-keyboard-response","143","1969466","0.0-16.0-1.42","","6500","textaufgaben","","","","<p>Ein Mann spart Geld f&uuml;r einige Anschaffungen.</p> <p>Er hatte 37 Euro gehabt.</p> <p>Er hat 14 Euro ausgegeben.</p> <p>Wie viel Geld hat er am Ende?</p>","98","37 - 14","nc","3","S","C","23","25",""
"html-keyboard-response","144","1969633","0.0-16.0-2.42","","165","textaufgaben","","","","<p>Ein Mann spart Geld f&uuml;r einige Anschaffungen.</p> <p>Er hatte 37 Euro gehabt.</p> <p>Er hat 14 Euro ausgegeben.</p> <p>Wie viel Geld hat er am Ende?</p>","99","37 - 14","nc","3","S","C","23","25",""
"html-keyboard-response","145","1970646","0.0-16.0-0.43","","null","","","","","+","null","","","","","","","",""
"html-keyboard-response","146","1978698","0.0-16.0-1.43","","8052","textaufgaben","","","","<p>Ein paar Freunde suchen Pilze im Wald.</p> <p>Sie haben 65 Pilze gefunden.</p> <p>Sie haben 36 giftige Pilze weggeworfen.</p> <p>Wie viele Pilze haben sie danach?</p>","98","65 - 36","c","4","S","C","29","24",""
"html-keyboard-response","147","1978942","0.0-16.0-2.43","","242","textaufgaben","","","","<p>Ein paar Freunde suchen Pilze im Wald.</p> <p>Sie haben 65 Pilze gefunden.</p> <p>Sie haben 36 giftige Pilze weggeworfen.</p> <p>Wie viele Pilze haben sie danach?</p>","105","65 - 36","c","4","S","C","29","24",""
"html-keyboard-response","148","1979944","0.0-16.0-0.44","","null","","","","","+","null","","","","","","","",""
"html-keyboard-response","149","1988824","0.0-16.0-1.44","","8878","textaufgaben","","","","<p>Einige Leute wurden zur Party eingeladen.</p> <p>72 Leute haben die Party verlassen.</p> <p>Es blieben danach 26 Leute.</p> <p>Wie viele Leute waren zur Party gekommen?</p>","105","72 + 26","nc","5","A","I","98","27",""
"html-keyboard-response","150","1989957","0.0-16.0-2.44","","1131","textaufgaben","","","","<p>Einige Leute wurden zur Party eingeladen.</p> <p>72 Leute haben die Party verlassen.</p> <p>Es blieben danach 26 Leute.</p> <p>Wie viele Leute waren zur Party gekommen?</p>","104","72 + 26","nc","5","A","I","98","27",""
"html-keyboard-response","151","1990959","0.0-16.0-0.45","","null","","","","","+","null","","","","","","","",""
"html-keyboard-response","152","1998185","0.0-16.0-1.45","","7222","textaufgaben","","","","<p>Eine Tennisspielerin spielt Turniere.</p> <p>Sie hat in dieser Saison 17 Spiele verloren.</p> <p>Sie hatte fr&uuml;her 76 Spiele verloren.</p> <p>Wie viele Spiele hat sie in ihrer Karriere verloren?</p>","105","76 + 17","c","6","A","I","93","36",""
"html-keyboard-response","153","1998444","0.0-16.0-2.45","","258","textaufgaben","","","","<p>Eine Tennisspielerin spielt Turniere.</p> <p>Sie hat in dieser Saison 17 Spiele verloren.</p> <p>Sie hatte fr&uuml;her 76 Spiele verloren.</p> <p>Wie viele Spiele hat sie in ihrer Karriere verloren?</p>","99","76 + 17","c","6","A","I","93","36",""
"html-keyboard-response","154","1999459","0.0-16.0-0.46","","null","","","","","+","null","","","","","","","",""
"html-keyboard-response","155","2005485","0.0-16.0-1.46","","6023","textaufgaben","","","","<p>Einige Leute wurden zur Party eingeladen.</p> <p>Es sind 25 Leute auf der Party.</p> <p>12 Leute sind sp&auml;ter gekommen.</p> <p>Wie viele Leute waren am Anfang auf der Party?</p>","97","25 - 12","nc","7","S","I","13","37",""
"html-keyboard-response","156","2005708","0.0-16.0-2.46","","222","textaufgaben","","","","<p>Einige Leute wurden zur Party eingeladen.</p> <p>Es sind 25 Leute auf der Party.</p> <p>12 Leute sind sp&auml;ter gekommen.</p> <p>Wie viele Leute waren am Anfang auf der Party?</p>","99","25 - 12","nc","7","S","I","13","37",""
"html-keyboard-response","157","2006714","0.0-16.0-0.47","","null","","","","","+","null","","","","","","","",""
"html-keyboard-response","158","2012885","0.0-16.0-1.47","","6171","textaufgaben","","","","<p>Ein Dieb hat einer Frau einige Diamanten gestohlen.</p> <p>Der Dieb hatte ihr 54 Diamanten gestohlen.</p> <p>Die Polizei findet 28 Diamanten wieder.</p> <p>Wie viele Diamanten muss die Polizei noch finden?</p>","98","54 - 28","c","8","S","I","26","46",""
"html-keyboard-response","159","2013063","0.0-16.0-2.47","","175","textaufgaben","","","","<p>Ein Dieb hat einer Frau einige Diamanten gestohlen.</p> <p>Der Dieb hatte ihr 54 Diamanten gestohlen.</p> <p>Die Polizei findet 28 Diamanten wieder.</p> <p>Wie viele Diamanten muss die Polizei noch finden?</p>","102","54 - 28","c","8","S","I","26","46",""
"html-keyboard-response","160","2264118","0.0-17.0","","","","","","","","","","","","","","","","Sie haben alle Aufgaben vor Ende der Zeit erledigt!"
