"trial_type","trial_index","time_elapsed","internal_node_id","view_history","rt","test_part","responses","question_order","success","stimulus","key_press","task","type","condition","operation","consistency","correct_response","task_id","status"
"pavlovia","0","8","0.0-0.0","","","","","","","","","","","","","","","",""
"instructions","1","17756","0.0-1.0","[{""page_index"":0,""viewing_time"":15713.514999999461},{""page_index"":1,""viewing_time"":2031.9300000010116}]","17746.439999998984","teilnehmerinfo","","","","","","","","","","","","",""
"survey-multi-select","2","21383","0.0-2.0","","3624.950000001263","Einverstaendniserklaerung","{""einverstaendnis;"":[""Ich erkl&auml;re mich damit einverstanden, an der Studie teilzunehmen!""]}","[0]","","","","","","","","","","",""
"fullscreen","3","25418","0.0-3.0","","","","","","true","","","","","","","","","",""
"survey-text","4","28814","0.0-4.0","","3392.9900000002817","demoFragen_Seite_1","{""Alter"":""19""}","","","","","","","","","","","",""
"survey-multi-choice","5","41781","0.0-5.0","","12964.834999998857","demoFragen_Seite_2","{""handedneß"":"" rechtshändig "",""sex"":"" weiblich "",""firstlanguage"":"" ja "",""ethnic"":"" Weiß ""}","[0,1,2,3]","","","","","","","","","","",""
"survey-multi-choice","6","55628","0.0-6.0","","13844.704999999522","demoFragen_Seite_3","{""legasthenie"":"" nein "",""dyskalkulie"":"" nein "",""student"":"" ja "",""beschäftigung"":"" vollzeitbeschäftigt ""}","[0,1,2,3]","","","","","","","","","","",""
"survey-multi-choice","7","168324","0.0-7.0","","112691.14500000069","demoFragen_Seite_4","{""bildung"":"" Fachhoch-/Hochschulreife "",""educationmath"":"" viel (z.B. Mathematik, Informatik, Ingenieurwissenschaften, Physik, Technik) "",""workmath"":"" keine Angabe ""}","[0,1,2]","","","","","","","","","","",""
"instructions","8","189562","0.0-8.0","[{""page_index"":0,""viewing_time"":21235.61499999778}]","21236.14499999894","Instruktion_GAD","","","","","","","","","","","","",""
"survey-likert","9","231361","0.0-9.0","","41796.07000000033","GAD","{""GADa"":1,""GADb"":1,""GADc"":1,""GADd"":1,""GADe"":0,""GADf"":1,""GADg"":1}","[0,1,2,3,4,5,6]","","","","","","","","","","",""
"instructions","10","237938","0.0-10.0","[{""page_index"":0,""viewing_time"":6575.539999998}]","6575.849999997445","Instruktion_STAI","","","","","","","","","","","","",""
"survey-likert","11","258633","0.0-11.0","","20692.20000000132","STAI","{""STAI1"":0,""STAI2"":0,""STAI3"":0,""STAI4"":0,""STAI5"":0}","[0,1,2,3,4]","","","","","","","","","","",""
"instructions","12","261120","0.0-12.0","[{""page_index"":0,""viewing_time"":2486.769999999524}]","2487.089999998716","Instruktion_AMAS","","","","","","","","","","","","",""
"survey-likert","13","315420","0.0-13.0","","54295.94500000164","AMAS","{""AMAS1"":0,""AMAS2"":1,""AMAS3"":0,""AMAS4"":2,""AMAS5"":2,""AMAS6"":0,""AMAS7"":1,""AMAS8"":2,""AMAS9"":0}","[0,1,2,3,4,5,6,7,8]","","","","","","","","","","",""
"instructions","14","340754","0.0-14.0","[{""page_index"":0,""viewing_time"":25329.959999999148}]","25330.27999999828","Instruktion_TEXT","","","","","","","","","","","","",""
"instructions","15","359775","0.0-15.0","[{""page_index"":0,""viewing_time"":19012.064999999013}]","19012.31999999797","Instruktion_TEXT_Beispiel","","","","","","","","","","","","",""
"html-keyboard-response","16","360777","0.0-16.0-0.0","","null","","","","","+","null","","","","","","","",""
"html-keyboard-response","17","388199","0.0-16.0-1.0","","27417.069999999483","textaufgaben","","","","<p>Ein paar Freunde suchen Pilze im Wald.</p> <p>Sie sammeln gerade 13 Pilze.</p> <p>Sie hatten 36 Pilze davor.</p> <p>Wie viele Pilze haben sie am Ende?</p>","52","36 + 13","nc","1","A","C","49","2",""
"html-keyboard-response","18","388421","0.0-16.0-2.0","","220.62499999813735","textaufgaben","","","","<p>Ein paar Freunde suchen Pilze im Wald.</p> <p>Sie sammeln gerade 13 Pilze.</p> <p>Sie hatten 36 Pilze davor.</p> <p>Wie viele Pilze haben sie am Ende?</p>","57","36 + 13","nc","1","A","C","49","2",""
"html-keyboard-response","19","389426","0.0-16.0-0.1","","null","","","","","+","null","","","","","","","",""
"html-keyboard-response","20","399916","0.0-16.0-1.1","","10488.389999998617","textaufgaben","","","","<p>Ein paar Freunde suchen Pilze im Wald.</p> <p>Sie hatten 67 Pilze.</p> <p>Sie sammeln 15 Pilzen.</p> <p>Wie viele Pilze haben sie am Ende?</p>","56","67 + 15","c","2","A","C","82","9",""
"html-keyboard-response","21","400046","0.0-16.0-2.1","","129.03500000172062","textaufgaben","","","","<p>Ein paar Freunde suchen Pilze im Wald.</p> <p>Sie hatten 67 Pilze.</p> <p>Sie sammeln 15 Pilzen.</p> <p>Wie viele Pilze haben sie am Ende?</p>","50","67 + 15","c","2","A","C","82","9",""
"html-keyboard-response","22","401047","0.0-16.0-0.2","","null","","","","","+","null","","","","","","","",""
"html-keyboard-response","23","408495","0.0-16.0-1.2","","7446.994999998482","textaufgaben","","","","<p>Eine Tennisspielerin spielt Turniere.</p> <p>Sie hat in dieser Saison 59 Spiele gespielt.</p> <p>Sie hat 41 Spiele verloren.</p> <p>Wie viele Spiele hat sie gewonnen?</p>","49","59 - 41","nc","3","S","C","18","16",""
"html-keyboard-response","24","408724","0.0-16.0-2.2","","228.00500000087777","textaufgaben","","","","<p>Eine Tennisspielerin spielt Turniere.</p> <p>Sie hat in dieser Saison 59 Spiele gespielt.</p> <p>Sie hat 41 Spiele verloren.</p> <p>Wie viele Spiele hat sie gewonnen?</p>","56","59 - 41","nc","3","S","C","18","16",""
"html-keyboard-response","25","409725","0.0-16.0-0.3","","null","","","","","+","null","","","","","","","",""
"html-keyboard-response","26","418899","0.0-16.0-1.3","","9172.230000000156","textaufgaben","","","","<p>Ein paar Freunde suchen Pilze im Wald.</p> <p>Sie haben 65 Pilze gefunden.</p> <p>Sie haben 36 giftige Pilze weggeworfen.</p> <p>Wie viele Pilze haben sie danach?</p>","50","65 - 36","c","4","S","C","29","24",""
"html-keyboard-response","27","419029","0.0-16.0-2.3","","129.55000000150176","textaufgaben","","","","<p>Ein paar Freunde suchen Pilze im Wald.</p> <p>Sie haben 65 Pilze gefunden.</p> <p>Sie haben 36 giftige Pilze weggeworfen.</p> <p>Wie viele Pilze haben sie danach?</p>","57","65 - 36","c","4","S","C","29","24",""
"html-keyboard-response","28","420034","0.0-16.0-0.4","","null","","","","","+","null","","","","","","","",""
"html-keyboard-response","29","431832","0.0-16.0-1.4","","11797.174999999697","textaufgaben","","","","<p>Ein Mann spart Geld f&uuml;r einige Anschaffungen.</p> <p>Er hat jetzt 13 Euro.</p> <p>Er hat davor 65 Euro ausgegeben.</p> <p>Wie viel Geld hatte der Mann?</p>","55","65 + 13","nc","5","A","I","78","30",""
"html-keyboard-response","30","432618","0.0-16.0-2.4","","785.0600000019185","textaufgaben","","","","<p>Ein Mann spart Geld f&uuml;r einige Anschaffungen.</p> <p>Er hat jetzt 13 Euro.</p> <p>Er hat davor 65 Euro ausgegeben.</p> <p>Wie viel Geld hatte der Mann?</p>","56","65 + 13","nc","5","A","I","78","30",""
"html-keyboard-response","31","433619","0.0-16.0-0.5","","null","","","","","+","null","","","","","","","",""
"html-keyboard-response","32","447730","0.0-16.0-1.5","","14109.520000001765","textaufgaben","","","","<p>Eine Studentin muss W&ouml;rter lernen.</p> <p>Die Studentin hat 53 W&ouml;rtern vergessen.</p> <p>Sie lernt sp&auml;ter 18 andere W&ouml;rter.</p> <p>Wie viele W&ouml;rter m&uuml;sste sie kennen?</p>","55","53 + 18","c","6","A","I","71","33",""
"html-keyboard-response","33","447837","0.0-16.0-2.5","","106.5600000001723","textaufgaben","","","","<p>Eine Studentin muss W&ouml;rter lernen.</p> <p>Die Studentin hat 53 W&ouml;rtern vergessen.</p> <p>Sie lernt sp&auml;ter 18 andere W&ouml;rter.</p> <p>Wie viele W&ouml;rter m&uuml;sste sie kennen?</p>","49","53 + 18","c","6","A","I","71","33",""
"html-keyboard-response","34","448842","0.0-16.0-0.6","","null","","","","","+","null","","","","","","","",""
"html-keyboard-response","35","467399","0.0-16.0-1.6","","18556.010000000242","textaufgaben","","","","<p>Eine Studentin muss W&ouml;rter lernen.</p> <p>Die Studentin hat 42 W&ouml;rter gelernt.</p> <p>Sie kennt jetzt 68 W&ouml;rter.</p> <p>Wie viele W&ouml;rter hatte sie am Anfang gekonnt?</p>","50","68 - 42","nc","7","S","I","26","40",""
"html-keyboard-response","36","467526","0.0-16.0-2.6","","126.06999999843538","textaufgaben","","","","<p>Eine Studentin muss W&ouml;rter lernen.</p> <p>Die Studentin hat 42 W&ouml;rter gelernt.</p> <p>Sie kennt jetzt 68 W&ouml;rter.</p> <p>Wie viele W&ouml;rter hatte sie am Anfang gekonnt?</p>","54","68 - 42","nc","7","S","I","26","40",""
"html-keyboard-response","37","468532","0.0-16.0-0.7","","null","","","","","+","null","","","","","","","",""
"html-keyboard-response","38","484121","0.0-16.0-1.7","","15587.824999998731","textaufgaben","","","","<p>Einige Leute wurden zur Party eingeladen.</p> <p>Am Ende sind 41 Leute auf der Party.</p> <p>18 Leute sind davor zur Party gekommen.</p> <p>Wie viele Leute waren am Anfang auf der Party?</p>","50","41 - 18","c","8","S","I","23","47",""
"html-keyboard-response","39","484321","0.0-16.0-2.7","","198.82000000140397","textaufgaben","","","","<p>Einige Leute wurden zur Party eingeladen.</p> <p>Am Ende sind 41 Leute auf der Party.</p> <p>18 Leute sind davor zur Party gekommen.</p> <p>Wie viele Leute waren am Anfang auf der Party?</p>","51","41 - 18","c","8","S","I","23","47",""
"html-keyboard-response","40","485327","0.0-16.0-0.8","","null","","","","","+","null","","","","","","","",""
"html-keyboard-response","41","502217","0.0-16.0-1.8","","16888.630000001285","textaufgaben","","","","<p>Einige Leute wurden zur Party eingeladen.</p> <p>12 Leute sind sp&auml;ter gekommen.</p> <p>Es waren davor 75 Leute auf der Party.</p> <p>Wie viele Leute waren am Ende auf der Party?</p>","56","75 + 12","nc","1","A","C","87","6",""
"html-keyboard-response","42","502428","0.0-16.0-2.8","","210.20000000135042","textaufgaben","","","","<p>Einige Leute wurden zur Party eingeladen.</p> <p>12 Leute sind sp&auml;ter gekommen.</p> <p>Es waren davor 75 Leute auf der Party.</p> <p>Wie viele Leute waren am Ende auf der Party?</p>","55","75 + 12","nc","1","A","C","87","6",""
"html-keyboard-response","43","503431","0.0-16.0-0.9","","null","","","","","+","null","","","","","","","",""
"html-keyboard-response","44","512609","0.0-16.0-1.9","","9177.154999997583","textaufgaben","","","","<p>Eine Tennisspielerin spielt Turniere.</p> <p>Sie hat 16 Spiele in dieser Saison gewonnen.</p> <p>Sie hat vor dieser Saison 25 Spiele gewonnen.</p> <p>Wie viele Spiele hat sie in ihrer Karriere gewonnen?</p>","52","25 + 16","c","2","A","C","41","10",""
"html-keyboard-response","45","512891","0.0-16.0-2.9","","281.32999999797903","textaufgaben","","","","<p>Eine Tennisspielerin spielt Turniere.</p> <p>Sie hat 16 Spiele in dieser Saison gewonnen.</p> <p>Sie hat vor dieser Saison 25 Spiele gewonnen.</p> <p>Wie viele Spiele hat sie in ihrer Karriere gewonnen?</p>","49","25 + 16","c","2","A","C","41","10",""
"html-keyboard-response","46","513892","0.0-16.0-0.10","","null","","","","","+","null","","","","","","","",""
"html-keyboard-response","47","523834","0.0-16.0-1.10","","9940.930000000633","textaufgaben","","","","<p>Ein Dieb hat einer Frau einige Diamanten gestohlen.</p> <p>Ihr wurden 32 Diamanten gestohlen.</p> <p>Die Frau hatte 53 Diamanten gehabt.</p> <p>Wie viele Diamanten hat sie jetzt?</p>","50","53 - 32","nc","3","S","C","21","18",""
"html-keyboard-response","48","523917","0.0-16.0-2.10","","81.7349999997532","textaufgaben","","","","<p>Ein Dieb hat einer Frau einige Diamanten gestohlen.</p> <p>Ihr wurden 32 Diamanten gestohlen.</p> <p>Die Frau hatte 53 Diamanten gehabt.</p> <p>Wie viele Diamanten hat sie jetzt?</p>","49","53 - 32","nc","3","S","C","21","18",""
"html-keyboard-response","49","524923","0.0-16.0-0.11","","null","","","","","+","null","","","","","","","",""
"html-keyboard-response","50","538003","0.0-16.0-1.11","","13078.87000000116","textaufgaben","","","","<p>Eine Marktfrau verkauft &Auml;pfel auf dem Markt.</p> <p>Die Marktfrau kam mit 37 &Auml;pfeln.</p> <p>Sie verkauft 19 &Auml;pfel.</p> <p>Wie viele &Auml;pfel hat sie am Ende?</p>","49","37 - 19","c","4","S","C","18","20",""
"html-keyboard-response","51","538520","0.0-16.0-2.11","","516.1399999997811","textaufgaben","","","","<p>Eine Marktfrau verkauft &Auml;pfel auf dem Markt.</p> <p>Die Marktfrau kam mit 37 &Auml;pfeln.</p> <p>Sie verkauft 19 &Auml;pfel.</p> <p>Wie viele &Auml;pfel hat sie am Ende?</p>","56","37 - 19","c","4","S","C","18","20",""
"html-keyboard-response","52","539522","0.0-16.0-0.12","","null","","","","","+","null","","","","","","","",""
"html-keyboard-response","53","546738","0.0-16.0-1.12","","7215.139999996638","textaufgaben","","","","<p>Eine Marktfrau verkauft &Auml;pfel auf dem Markt.</p> <p>Die Marktfrau verkauft 13 &Auml;pfel.</p> <p>Sie hat danach 36 &Auml;pfel.</p> <p>Wie viele &Auml;pfel hatte sie am Anfang?</p>","52","36 + 13","nc","5","A","I","49","26",""
"html-keyboard-response","54","546825","0.0-16.0-2.12","","85.61499999999069","textaufgaben","","","","<p>Eine Marktfrau verkauft &Auml;pfel auf dem Markt.</p> <p>Die Marktfrau verkauft 13 &Auml;pfel.</p> <p>Sie hat danach 36 &Auml;pfel.</p> <p>Wie viele &Auml;pfel hatte sie am Anfang?</p>","57","36 + 13","nc","5","A","I","49","26",""
"html-keyboard-response","55","547826","0.0-16.0-0.13","","null","","","","","+","null","","","","","","","",""
"html-keyboard-response","56","556989","0.0-16.0-1.13","","9162.219999998342","textaufgaben","","","","<p>Ein Mann spart Geld f&uuml;r einige Anschaffungen.</p> <p>Er gibt 19 Euro aus.</p> <p>Er hat jetzt 27 Euro.</p> <p>Wie viel Geld hatte der Mann?</p>","52","27 + 19","c","6","A","I","42","31",""
"html-keyboard-response","57","557426","0.0-16.0-2.13","","436.24000000266824","textaufgaben","","","","<p>Ein Mann spart Geld f&uuml;r einige Anschaffungen.</p> <p>Er gibt 19 Euro aus.</p> <p>Er hat jetzt 27 Euro.</p> <p>Wie viel Geld hatte der Mann?</p>","54","27 + 19","c","6","A","I","42","31",""
"html-keyboard-response","58","558432","0.0-16.0-0.14","","null","","","","","+","null","","","","","","","",""
"html-keyboard-response","59","567654","0.0-16.0-1.14","","9220.525000000605","textaufgaben","","","","<p>Eine Tennisspielerin spielt Turniere.</p> <p>Sie hat in dieser Saison 29 Spiele gespielt.</p> <p>Sie gewann 13 Spiele.</p> <p>Wie viele Spiele hatte sie verloren?</p>","49","29 - 13","nc","7","S","I","16","39",""
"html-keyboard-response","60","567764","0.0-16.0-2.14","","109.39000000141095","textaufgaben","","","","<p>Eine Tennisspielerin spielt Turniere.</p> <p>Sie hat in dieser Saison 29 Spiele gespielt.</p> <p>Sie gewann 13 Spiele.</p> <p>Wie viele Spiele hatte sie verloren?</p>","54","29 - 13","nc","7","S","I","16","39",""
"html-keyboard-response","61","568770","0.0-16.0-0.15","","null","","","","","+","null","","","","","","","",""
"html-keyboard-response","62","584387","0.0-16.0-1.15","","15614.94500000123","textaufgaben","","","","<p>Ein Dieb hat einer Frau einige Diamanten gestohlen.</p> <p>Der Dieb hatte ihr 54 Diamanten gestohlen.</p> <p>Die Polizei findet 28 Diamanten wieder.</p> <p>Wie viele Diamanten muss die Polizei noch finden?</p>","50","54 - 28","c","8","S","I","26","46",""
"html-keyboard-response","63","584575","0.0-16.0-2.15","","187.48499999858905","textaufgaben","","","","<p>Ein Dieb hat einer Frau einige Diamanten gestohlen.</p> <p>Der Dieb hatte ihr 54 Diamanten gestohlen.</p> <p>Die Polizei findet 28 Diamanten wieder.</p> <p>Wie viele Diamanten muss die Polizei noch finden?</p>","54","54 - 28","c","8","S","I","26","46",""
"html-keyboard-response","64","585576","0.0-16.0-0.16","","null","","","","","+","null","","","","","","","",""
"html-keyboard-response","65","593089","0.0-16.0-1.16","","7511.504999998608","textaufgaben","","","","<p>Ein Mann spart Geld f&uuml;r einige Anschaffungen.</p> <p>Er hatte 21 Euro.</p> <p>Er verdient 13 Euro.</p> <p>Wie viel Geld hat der Mann jetzt?</p>","51","21 + 13","nc","1","A","C","34","1",""
"html-keyboard-response","66","593301","0.0-16.0-2.16","","211.8399999999674","textaufgaben","","","","<p>Ein Mann spart Geld f&uuml;r einige Anschaffungen.</p> <p>Er hatte 21 Euro.</p> <p>Er verdient 13 Euro.</p> <p>Wie viel Geld hat der Mann jetzt?</p>","52","21 + 13","nc","1","A","C","34","1",""
"html-keyboard-response","67","594302","0.0-16.0-0.17","","null","","","","","+","null","","","","","","","",""
"html-keyboard-response","68","610219","0.0-16.0-1.17","","15915.385000000242","textaufgaben","","","","<p>Einige Leute wurden zur Party eingeladen.</p> <p>19 Leute sind sp&auml;ter gekommen.</p> <p>Es waren anfangs 24 Leute auf der Party.</p> <p>Wie viele Leute waren am Ende auf der Party?</p>","53","24 + 19","c","2","A","C","43","8",""
"html-keyboard-response","69","612222","0.0-16.0-2.17","","null","textaufgaben","","","","<p>Einige Leute wurden zur Party eingeladen.</p> <p>19 Leute sind sp&auml;ter gekommen.</p> <p>Es waren anfangs 24 Leute auf der Party.</p> <p>Wie viele Leute waren am Ende auf der Party?</p>","null","24 + 19","c","2","A","C","43","8",""
"html-keyboard-response","70","613225","0.0-16.0-0.18","","null","","","","","+","null","","","","","","","",""
"html-keyboard-response","71","625243","0.0-16.0-1.18","","12016.26500000211","textaufgaben","","","","<p>Eine Marktfrau verkauft &Auml;pfel auf dem Markt.</p> <p>Die Marktfrau verkauft 13 &Auml;pfel.</p> <p>Sie hatte 25 &Auml;pfel mitgebracht.</p> <p>Wie viele &Auml;pfel hat sie am Ende?</p>","49","25 - 13","nc","3","S","C","12","13",""
"html-keyboard-response","72","626505","0.0-16.0-2.18","","1261.3349999992643","textaufgaben","","","","<p>Eine Marktfrau verkauft &Auml;pfel auf dem Markt.</p> <p>Die Marktfrau verkauft 13 &Auml;pfel.</p> <p>Sie hatte 25 &Auml;pfel mitgebracht.</p> <p>Wie viele &Auml;pfel hat sie am Ende?</p>","50","25 - 13","nc","3","S","C","12","13",""
"html-keyboard-response","73","627510","0.0-16.0-0.19","","null","","","","","+","null","","","","","","","",""
"html-keyboard-response","74","637274","0.0-16.0-1.19","","9763.14999999886","textaufgaben","","","","<p>Ein M&auml;dchen sammelt B&uuml;cher.</p> <p>Das M&auml;dchen verschenkt 17 B&uuml;cher.</p> <p>Sie hatte 46 B&uuml;cher  mitgebracht.</p> <p>Wie viele B&uuml;cher hat sie am Ende?</p>","50","46 - 17","c","4","S","C","29","22",""
"html-keyboard-response","75","637562","0.0-16.0-2.19","","286.56499999854714","textaufgaben","","","","<p>Ein M&auml;dchen sammelt B&uuml;cher.</p> <p>Das M&auml;dchen verschenkt 17 B&uuml;cher.</p> <p>Sie hatte 46 B&uuml;cher  mitgebracht.</p> <p>Wie viele B&uuml;cher hat sie am Ende?</p>","57","46 - 17","c","4","S","C","29","22",""
"html-keyboard-response","76","638567","0.0-16.0-0.20","","null","","","","","+","null","","","","","","","",""
"html-keyboard-response","77","648053","0.0-16.0-1.20","","9484.300000000047","textaufgaben","","","","<p>Einige Leute wurden zur Party eingeladen.</p> <p>72 Leute haben die Party verlassen.</p> <p>Es blieben danach 26 Leute.</p> <p>Wie viele Leute waren zur Party gekommen?</p>","57","72 + 26","nc","5","A","I","98","27",""
"html-keyboard-response","78","648259","0.0-16.0-2.20","","205.38499999744818","textaufgaben","","","","<p>Einige Leute wurden zur Party eingeladen.</p> <p>72 Leute haben die Party verlassen.</p> <p>Es blieben danach 26 Leute.</p> <p>Wie viele Leute waren zur Party gekommen?</p>","56","72 + 26","nc","5","A","I","98","27",""
"html-keyboard-response","79","649265","0.0-16.0-0.21","","null","","","","","+","null","","","","","","","",""
"html-keyboard-response","80","658996","0.0-16.0-1.21","","9729.169999998645","textaufgaben","","","","<p>Ein paar Freunde suchen Pilze im Wald.</p> <p>Sie werfen gerade 19 giftige Pilze weg.</p> <p>Sie haben 45 Pilze.</p> <p>Wie viele Pilze hatten sie davor?</p>","54","45 + 19","c","6","A","I","64","32",""
"html-keyboard-response","81","659134","0.0-16.0-2.21","","137.0649999990128","textaufgaben","","","","<p>Ein paar Freunde suchen Pilze im Wald.</p> <p>Sie werfen gerade 19 giftige Pilze weg.</p> <p>Sie haben 45 Pilze.</p> <p>Wie viele Pilze hatten sie davor?</p>","52","45 + 19","c","6","A","I","64","32",""
"html-keyboard-response","82","660139","0.0-16.0-0.22","","null","","","","","+","null","","","","","","","",""
"html-keyboard-response","83","674460","0.0-16.0-1.22","","14319.220000001136","textaufgaben","","","","<p>Ein Dieb hat einer Frau einige Diamanten gestohlen.</p> <p>Die Polizei hat 13 Diamanten wiedergefunden.</p> <p>Der Dieb hatte ihr 37 Diamanten gestohlen.</p> <p>Wie viele Diamanten muss die Polizei noch finden?</p>","50","37 - 13","nc","7","S","I","14","38",""
"html-keyboard-response","84","674745","0.0-16.0-2.22","","284.4249999979511","textaufgaben","","","","<p>Ein Dieb hat einer Frau einige Diamanten gestohlen.</p> <p>Die Polizei hat 13 Diamanten wiedergefunden.</p> <p>Der Dieb hatte ihr 37 Diamanten gestohlen.</p> <p>Wie viele Diamanten muss die Polizei noch finden?</p>","52","37 - 13","nc","7","S","I","14","38",""
"html-keyboard-response","85","675746","0.0-16.0-0.23","","null","","","","","+","null","","","","","","","",""
"html-keyboard-response","86","692881","0.0-16.0-1.23","","17133.410000002128","textaufgaben","","","","<p>Ein Mann spart Geld f&uuml;r einige Anschaffungen.</p> <p>Er verdient heute 19 Euro.</p> <p>Er hat jetzt 37 Euro.</p> <p>Wie viel Geld hatte er am Anfang?</p>","49","37 - 19","c","8","S","I","18","44",""
"html-keyboard-response","87","693014","0.0-16.0-2.23","","131.91999999969266","textaufgaben","","","","<p>Ein Mann spart Geld f&uuml;r einige Anschaffungen.</p> <p>Er verdient heute 19 Euro.</p> <p>Er hat jetzt 37 Euro.</p> <p>Wie viel Geld hatte er am Anfang?</p>","56","37 - 19","c","8","S","I","18","44",""
"html-keyboard-response","88","694018","0.0-16.0-0.24","","null","","","","","+","null","","","","","","","",""
"html-keyboard-response","89","702833","0.0-16.0-1.24","","8813.210000000312","textaufgaben","","","","<p>Ein M&auml;dchen sammelt B&uuml;cher.</p> <p>Sie hat 35 B&uuml;cher erhalten.</p> <p>Das M&auml;dchen hatte davor 54 B&uuml;cher.</p> <p>Wie viele B&uuml;cher hat sie am Ende?</p>","56","54 + 35","nc","1","A","C","89","4",""
"html-keyboard-response","90","702947","0.0-16.0-2.24","","113.76000000012573","textaufgaben","","","","<p>Ein M&auml;dchen sammelt B&uuml;cher.</p> <p>Sie hat 35 B&uuml;cher erhalten.</p> <p>Das M&auml;dchen hatte davor 54 B&uuml;cher.</p> <p>Wie viele B&uuml;cher hat sie am Ende?</p>","57","54 + 35","nc","1","A","C","89","4",""
"html-keyboard-response","91","703953","0.0-16.0-0.25","","null","","","","","+","null","","","","","","","",""
"html-keyboard-response","92","713490","0.0-16.0-1.25","","9535.409999996773","textaufgaben","","","","<p>Ein M&auml;dchen sammelt B&uuml;cher.</p> <p>Sie erh&auml;lt 18 B&uuml;cher.</p> <p>Das M&auml;dchen hatte am Anfang 46 B&uuml;cher gehabt.</p> <p>Wie viele B&uuml;cher hat sie am Ende?</p>","54","46 + 18","c","2","A","C","64","11",""
"html-keyboard-response","93","713637","0.0-16.0-2.25","","145.990000000922","textaufgaben","","","","<p>Ein M&auml;dchen sammelt B&uuml;cher.</p> <p>Sie erh&auml;lt 18 B&uuml;cher.</p> <p>Das M&auml;dchen hatte am Anfang 46 B&uuml;cher gehabt.</p> <p>Wie viele B&uuml;cher hat sie am Ende?</p>","52","46 + 18","c","2","A","C","64","11",""
"html-keyboard-response","94","714638","0.0-16.0-0.26","","null","","","","","+","null","","","","","","","",""
"html-keyboard-response","95","722132","0.0-16.0-1.26","","7493.624999999185","textaufgaben","","","","<p>Ein M&auml;dchen sammelt B&uuml;cher.</p> <p>Das M&auml;dchen hat 28 B&uuml;cher.</p> <p>Sie verschenkt 13 B&uuml;cher an ihre Freunde.</p> <p>Wie viele B&uuml;cher hat sie am Ende?</p>","49","28 - 13","nc","3","S","C","15","17",""
"html-keyboard-response","96","722356","0.0-16.0-2.26","","222.620000000461","textaufgaben","","","","<p>Ein M&auml;dchen sammelt B&uuml;cher.</p> <p>Das M&auml;dchen hat 28 B&uuml;cher.</p> <p>Sie verschenkt 13 B&uuml;cher an ihre Freunde.</p> <p>Wie viele B&uuml;cher hat sie am Ende?</p>","53","28 - 13","nc","3","S","C","15","17",""
"html-keyboard-response","97","723361","0.0-16.0-0.27","","null","","","","","+","null","","","","","","","",""
"html-keyboard-response","98","736524","0.0-16.0-1.27","","13160.790000001783","textaufgaben","","","","<p>Ein Dieb hat einer Frau einige Diamanten gestohlen.</p> <p>Der Dieb hat ihr 16 Diamanten gestohlen.</p> <p>Sie hatte am Anfang 41 Diamanten gehabt.</p> <p>Wie viele Diamanten hat sie jetzt?</p>","51","41 - 16","c","4","S","C","25","19",""
"html-keyboard-response","99","736655","0.0-16.0-2.27","","130.2350000005681","textaufgaben","","","","<p>Ein Dieb hat einer Frau einige Diamanten gestohlen.</p> <p>Der Dieb hat ihr 16 Diamanten gestohlen.</p> <p>Sie hatte am Anfang 41 Diamanten gehabt.</p> <p>Wie viele Diamanten hat sie jetzt?</p>","48","41 - 16","c","4","S","C","25","19",""
"html-keyboard-response","100","737655","0.0-16.0-0.28","","null","","","","","+","null","","","","","","","",""
"html-keyboard-response","101","751333","0.0-16.0-1.28","","13675.859999999404","textaufgaben","","","","<p>Eine Tennisspielerin spielt Turniere.</p> <p>Sie hatte fr&uuml;her 23 Spiele verloren.</p> <p>Sie hat 14 Spiele in dieser Saison verloren.</p> <p>Wie viele Spiele hat sie in ihrer Karriere verloren?</p>","51","23 + 14","nc","5","A","I","37","28",""
"html-keyboard-response","102","751459","0.0-16.0-2.28","","125.29000000003725","textaufgaben","","","","<p>Eine Tennisspielerin spielt Turniere.</p> <p>Sie hatte fr&uuml;her 23 Spiele verloren.</p> <p>Sie hat 14 Spiele in dieser Saison verloren.</p> <p>Wie viele Spiele hat sie in ihrer Karriere verloren?</p>","55","23 + 14","nc","5","A","I","37","28",""
"html-keyboard-response","103","752464","0.0-16.0-0.29","","null","","","","","+","null","","","","","","","",""
"html-keyboard-response","104","764003","0.0-16.0-1.29","","11537.215000000317","textaufgaben","","","","<p>Eine Marktfrau verkauft &Auml;pfel auf dem Markt.</p> <p>Sie hat jetzt 38 &Auml;pfel.</p> <p>Die Marktfrau hatte davor 26 &Auml;pfel verkauft.</p> <p>Wie viele &Auml;pfel hatte sie am Anfang?</p>","54","38 + 26","c","6","A","I","64","35",""
"html-keyboard-response","105","764140","0.0-16.0-2.29","","136.23500000173226","textaufgaben","","","","<p>Eine Marktfrau verkauft &Auml;pfel auf dem Markt.</p> <p>Sie hat jetzt 38 &Auml;pfel.</p> <p>Die Marktfrau hatte davor 26 &Auml;pfel verkauft.</p> <p>Wie viele &Auml;pfel hatte sie am Anfang?</p>","52","38 + 26","c","6","A","I","64","35",""
"html-keyboard-response","106","765146","0.0-16.0-0.30","","null","","","","","+","null","","","","","","","",""
"html-keyboard-response","107","776227","0.0-16.0-1.30","","11079.734999999288","textaufgaben","","","","<p>Eine Marktfrau verkauft &Auml;pfel auf dem Markt.</p> <p>Sie hatte vorher 21 &Auml;pfel geliefert bekommen.</p> <p>Die Marktfrau hat 64 &Auml;pfel.</p> <p>Wie viele &Auml;pfel hatte sie am Anfang?</p>","52","64 - 21","nc","7","S","I","43","42",""
"html-keyboard-response","108","776337","0.0-16.0-2.30","","109.26000000105705","textaufgaben","","","","<p>Eine Marktfrau verkauft &Auml;pfel auf dem Markt.</p> <p>Sie hatte vorher 21 &Auml;pfel geliefert bekommen.</p> <p>Die Marktfrau hat 64 &Auml;pfel.</p> <p>Wie viele &Auml;pfel hatte sie am Anfang?</p>","51","64 - 21","nc","7","S","I","43","42",""
"html-keyboard-response","109","777343","0.0-16.0-0.31","","null","","","","","+","null","","","","","","","",""
"html-keyboard-response","110","786761","0.0-16.0-1.31","","9417.390000002342","textaufgaben","","","","<p>Eine Studentin muss W&ouml;rter lernen.</p> <p>Die Studentin hat 13 W&ouml;rter gelernt.</p> <p>Sie kennt jetzt 31 W&ouml;rter.</p> <p>Wie viele W&ouml;rter hatte sie am Anfang gekonnt?</p>","49","31 - 13","c","8","S","I","18","45",""
"html-keyboard-response","111","786864","0.0-16.0-2.31","","101.51999999652617","textaufgaben","","","","<p>Eine Studentin muss W&ouml;rter lernen.</p> <p>Die Studentin hat 13 W&ouml;rter gelernt.</p> <p>Sie kennt jetzt 31 W&ouml;rter.</p> <p>Wie viele W&ouml;rter hatte sie am Anfang gekonnt?</p>","56","31 - 13","c","8","S","I","18","45",""
"html-keyboard-response","112","787869","0.0-16.0-0.32","","null","","","","","+","null","","","","","","","",""
"html-keyboard-response","113","799341","0.0-16.0-1.32","","11470.259999998263","textaufgaben","","","","<p>Eine Studentin muss W&ouml;rter lernen.</p> <p>Die Studentin kannte 52 W&ouml;rter.</p> <p>Sie lernte gerade 26 W&ouml;rter.</p> <p>Wie viele W&ouml;rter kennt die Studentin am Ende?</p>","55","52 + 26","nc","1","A","C","78","3",""
"html-keyboard-response","114","799451","0.0-16.0-2.32","","109.3799999980256","textaufgaben","","","","<p>Eine Studentin muss W&ouml;rter lernen.</p> <p>Die Studentin kannte 52 W&ouml;rter.</p> <p>Sie lernte gerade 26 W&ouml;rter.</p> <p>Wie viele W&ouml;rter kennt die Studentin am Ende?</p>","56","52 + 26","nc","1","A","C","78","3",""
"html-keyboard-response","115","800452","0.0-16.0-0.33","","null","","","","","+","null","","","","","","","",""
"html-keyboard-response","116","809632","0.0-16.0-1.33","","9178.499999998137","textaufgaben","","","","<p>Eine Marktfrau verkauft &Auml;pfel auf dem Markt.</p> <p>Die Marktfrau kam mit 56 &Auml;pfeln.</p> <p>Sie hat 27 &Auml;pfel geliefert bekommen.</p> <p>Wie viele &Auml;pfel hat sie am Ende?</p>","55","56 + 27","c","2","A","C","83","12",""
"html-keyboard-response","117","809754","0.0-16.0-2.33","","121.99500000127591","textaufgaben","","","","<p>Eine Marktfrau verkauft &Auml;pfel auf dem Markt.</p> <p>Die Marktfrau kam mit 56 &Auml;pfeln.</p> <p>Sie hat 27 &Auml;pfel geliefert bekommen.</p> <p>Wie viele &Auml;pfel hat sie am Ende?</p>","51","56 + 27","c","2","A","C","83","12",""
"html-keyboard-response","118","810758","0.0-16.0-0.34","","null","","","","","+","null","","","","","","","",""
"html-keyboard-response","119","816105","0.0-16.0-1.34","","5346.365000001271","textaufgaben","","","","<p>Eine Studentin muss W&ouml;rter lernen.</p> <p>Die Studentin vergisst 12 W&ouml;rter.</p> <p>Sie hat am Anfang 58 W&ouml;rter gelernt.</p> <p>Wie viele W&ouml;rter hat sie richtig gelernt?</p>","52","58 - 12","nc","3","S","C","46","14",""
"html-keyboard-response","120","816244","0.0-16.0-2.34","","138.50000000093132","textaufgaben","","","","<p>Eine Studentin muss W&ouml;rter lernen.</p> <p>Die Studentin vergisst 12 W&ouml;rter.</p> <p>Sie hat am Anfang 58 W&ouml;rter gelernt.</p> <p>Wie viele W&ouml;rter hat sie richtig gelernt?</p>","54","58 - 12","nc","3","S","C","46","14",""
"html-keyboard-response","121","817250","0.0-16.0-0.35","","null","","","","","+","null","","","","","","","",""
"html-keyboard-response","122","831572","0.0-16.0-1.35","","14320.599999999045","textaufgaben","","","","<p>Eine Tennisspielerin spielt Turniere.</p> <p>Sie verlor 18 Spiele.</p> <p>Sie hat in dieser Saison 34 Spiele gespielt.</p> <p>Wie viele Spiele hat sie gewonnen?</p>","49","34 - 18","c","4","S","C","16","21",""
"html-keyboard-response","123","831671","0.0-16.0-2.35","","98.40499999700114","textaufgaben","","","","<p>Eine Tennisspielerin spielt Turniere.</p> <p>Sie verlor 18 Spiele.</p> <p>Sie hat in dieser Saison 34 Spiele gespielt.</p> <p>Wie viele Spiele hat sie gewonnen?</p>","54","34 - 18","c","4","S","C","16","21",""
"html-keyboard-response","124","832677","0.0-16.0-0.36","","null","","","","","+","null","","","","","","","",""
"html-keyboard-response","125","840726","0.0-16.0-1.36","","8047.734999996377","textaufgaben","","","","<p>Ein paar Freunde suchen Pilze im Wald.</p> <p>Sie werfen gerade 23 giftige Pilze weg.</p> <p>Sie haben 31 Pilze &uuml;brig.</p> <p>Wie viele Pilze hatten sie fr&uuml;her?</p>","53","31 + 23","nc","5","A","I","54","25",""
"html-keyboard-response","126","840850","0.0-16.0-2.36","","123.28999999957159","textaufgaben","","","","<p>Ein paar Freunde suchen Pilze im Wald.</p> <p>Sie werfen gerade 23 giftige Pilze weg.</p> <p>Sie haben 31 Pilze &uuml;brig.</p> <p>Wie viele Pilze hatten sie fr&uuml;her?</p>","52","31 + 23","nc","5","A","I","54","25",""
"html-keyboard-response","127","841856","0.0-16.0-0.37","","null","","","","","+","null","","","","","","","",""
"html-keyboard-response","128","852314","0.0-16.0-1.37","","10457.055000002612","textaufgaben","","","","<p>Ein M&auml;dchen sammelt B&uuml;cher.</p> <p>Das M&auml;dchen verschenkt 25 B&uuml;cher.</p> <p>Sie hat danach 17 B&uuml;cher.</p> <p>Wie viele B&uuml;cher hatte sie am Anfang?</p>","52","25 + 17","c","6","A","I","42","34",""
"html-keyboard-response","129","852476","0.0-16.0-2.37","","160.45999999926426","textaufgaben","","","","<p>Ein M&auml;dchen sammelt B&uuml;cher.</p> <p>Das M&auml;dchen verschenkt 25 B&uuml;cher.</p> <p>Sie hat danach 17 B&uuml;cher.</p> <p>Wie viele B&uuml;cher hatte sie am Anfang?</p>","50","25 + 17","c","6","A","I","42","34",""
"html-keyboard-response","130","853476","0.0-16.0-0.38","","null","","","","","+","null","","","","","","","",""
"html-keyboard-response","131","867481","0.0-16.0-1.38","","14003.55000000121","textaufgaben","","","","<p>Einige Leute wurden zur Party eingeladen.</p> <p>Es sind 25 Leute auf der Party.</p> <p>12 Leute sind sp&auml;ter gekommen.</p> <p>Wie viele Leute waren am Anfang auf der Party?</p>","50","25 - 12","nc","7","S","I","13","37",""
"html-keyboard-response","132","867609","0.0-16.0-2.38","","126.43999999994412","textaufgaben","","","","<p>Einige Leute wurden zur Party eingeladen.</p> <p>Es sind 25 Leute auf der Party.</p> <p>12 Leute sind sp&auml;ter gekommen.</p> <p>Wie viele Leute waren am Anfang auf der Party?</p>","53","25 - 12","nc","7","S","I","13","37",""
"html-keyboard-response","133","868614","0.0-16.0-0.39","","null","","","","","+","null","","","","","","","",""
"html-keyboard-response","134","881116","0.0-16.0-1.39","","12500.37499999965","textaufgaben","","","","<p>Ein M&auml;dchen sammelt B&uuml;cher.</p> <p>Das M&auml;dchen erh&auml;lt 45 B&uuml;cher.</p> <p>Sie hat danach 74 B&uuml;cher.</p> <p>Wie viele B&uuml;cher hatte sie am Anfang?</p>","51","74 - 45","c","8","S","I","29","48",""
"html-keyboard-response","135","881263","0.0-16.0-2.39","","145.58000000042375","textaufgaben","","","","<p>Ein M&auml;dchen sammelt B&uuml;cher.</p> <p>Das M&auml;dchen erh&auml;lt 45 B&uuml;cher.</p> <p>Sie hat danach 74 B&uuml;cher.</p> <p>Wie viele B&uuml;cher hatte sie am Anfang?</p>","57","74 - 45","c","8","S","I","29","48",""
"html-keyboard-response","136","882268","0.0-16.0-0.40","","null","","","","","+","null","","","","","","","",""
"html-keyboard-response","137","891274","0.0-16.0-1.40","","9004.3250000017","textaufgaben","","","","<p>Ein Dieb hat einer Frau einige Diamanten gestohlen.</p> <p>Nach dem Diebstahl hatte sie 23 Diamanten.</p> <p>Die Polizei findet 15 Diamanten wieder.</p> <p>Wie viele Diamanten hat die Frau am Ende?</p>","50","23 + 15","nc","1","A","C","38","5",""
"html-keyboard-response","138","893107","0.0-16.0-2.40","","1832.4299999985378","textaufgaben","","","","<p>Ein Dieb hat einer Frau einige Diamanten gestohlen.</p> <p>Nach dem Diebstahl hatte sie 23 Diamanten.</p> <p>Die Polizei findet 15 Diamanten wieder.</p> <p>Wie viele Diamanten hat die Frau am Ende?</p>","49","23 + 15","nc","1","A","C","38","5",""
"html-keyboard-response","139","894111","0.0-16.0-0.41","","null","","","","","+","null","","","","","","","",""
"html-keyboard-response","140","904446","0.0-16.0-1.41","","10332.975000001257","textaufgaben","","","","<p>Eine Studentin muss W&ouml;rter lernen.</p> <p>Die Studentin kannte 43 W&ouml;rter.</p> <p>Sie hat gerade 19 W&ouml;rter gelernt.</p> <p>Wie viele W&ouml;rter kennt die Studentin am Ende?</p>","54","43 + 19","c","2","A","C","62","7",""
"html-keyboard-response","141","904540","0.0-16.0-2.41","","93.24999999813735","textaufgaben","","","","<p>Eine Studentin muss W&ouml;rter lernen.</p> <p>Die Studentin kannte 43 W&ouml;rter.</p> <p>Sie hat gerade 19 W&ouml;rter gelernt.</p> <p>Wie viele W&ouml;rter kennt die Studentin am Ende?</p>","50","43 + 19","c","2","A","C","62","7",""
"html-keyboard-response","142","905546","0.0-16.0-0.42","","null","","","","","+","null","","","","","","","",""
"html-keyboard-response","143","913331","0.0-16.0-1.42","","7784.350000001723","textaufgaben","","","","<p>Ein Mann spart Geld f&uuml;r einige Anschaffungen.</p> <p>Er hatte 37 Euro gehabt.</p> <p>Er hat 14 Euro ausgegeben.</p> <p>Wie viel Geld hat er am Ende?</p>","50","37 - 14","nc","3","S","C","23","25",""
"html-keyboard-response","144","913426","0.0-16.0-2.42","","93.65499999688473","textaufgaben","","","","<p>Ein Mann spart Geld f&uuml;r einige Anschaffungen.</p> <p>Er hatte 37 Euro gehabt.</p> <p>Er hat 14 Euro ausgegeben.</p> <p>Wie viel Geld hat er am Ende?</p>","51","37 - 14","nc","3","S","C","23","25",""
"html-keyboard-response","145","914431","0.0-16.0-0.43","","null","","","","","+","null","","","","","","","",""
"html-keyboard-response","146","928284","0.0-16.0-1.43","","13852.160000002244","textaufgaben","","","","<p>Einige Leute wurden zur Party eingeladen.</p> <p>41 Leute sind zur Party gekommen.</p> <p>25 Leute haben die Party fr&uuml;her verlassen.</p> <p>Wie viele Leute sind jetzt auf der Party?</p>","49","41 - 25","c","4","S","C","16","23",""
"html-keyboard-response","147","928395","0.0-16.0-2.43","","109.46500000136439","textaufgaben","","","","<p>Einige Leute wurden zur Party eingeladen.</p> <p>41 Leute sind zur Party gekommen.</p> <p>25 Leute haben die Party fr&uuml;her verlassen.</p> <p>Wie viele Leute sind jetzt auf der Party?</p>","54","41 - 25","c","4","S","C","16","23",""
"html-keyboard-response","148","929395","0.0-16.0-0.44","","null","","","","","+","null","","","","","","","",""
"html-keyboard-response","149","941146","0.0-16.0-1.44","","11749.700000000303","textaufgaben","","","","<p>Ein Dieb hat einer Frau einige Diamanten gestohlen.</p> <p>Sie hat jetzt 34 Diamanten.</p> <p>Der Dieb hatte ihr 25 Diamanten gestohlen.</p> <p>Wie viele Diamanten hatte die Frau?</p>","53","34 + 25","nc","5","A","I","59","29",""
"html-keyboard-response","150","941250","0.0-16.0-2.44","","102.09499999834225","textaufgaben","","","","<p>Ein Dieb hat einer Frau einige Diamanten gestohlen.</p> <p>Sie hat jetzt 34 Diamanten.</p> <p>Der Dieb hatte ihr 25 Diamanten gestohlen.</p> <p>Wie viele Diamanten hatte die Frau?</p>","57","34 + 25","nc","5","A","I","59","29",""
"html-keyboard-response","151","942250","0.0-16.0-0.45","","null","","","","","+","null","","","","","","","",""
"html-keyboard-response","152","963454","0.0-16.0-1.45","","21202.424999999464","textaufgaben","","","","<p>Eine Tennisspielerin spielt Turniere.</p> <p>Sie hat in dieser Saison 17 Spiele verloren.</p> <p>Sie hatte fr&uuml;her 76 Spiele verloren.</p> <p>Wie viele Spiele hat sie in ihrer Karriere verloren?</p>","53","76 + 17","c","6","A","I","93","36",""
"html-keyboard-response","153","963500","0.0-16.0-2.45","","45.374999997904524","textaufgaben","","","","<p>Eine Tennisspielerin spielt Turniere.</p> <p>Sie hat in dieser Saison 17 Spiele verloren.</p> <p>Sie hatte fr&uuml;her 76 Spiele verloren.</p> <p>Wie viele Spiele hat sie in ihrer Karriere verloren?</p>","57","76 + 17","c","6","A","I","93","36",""
"html-keyboard-response","154","964505","0.0-16.0-0.46","","null","","","","","+","null","","","","","","","",""
"html-keyboard-response","155","975308","0.0-16.0-1.46","","10801.009999999194","textaufgaben","","","","<p>Ein Mann spart Geld f&uuml;r einige Anschaffungen.</p> <p>Er hat jetzt 37 Euro.</p> <p>Er hatte 24 Euro verdient.</p> <p>Wie viel Geld hatte er am Anfang?</p>","50","37 - 24","nc","7","S","I","13","41",""
"html-keyboard-response","156","975483","0.0-16.0-2.46","","174.83999999961816","textaufgaben","","","","<p>Ein Mann spart Geld f&uuml;r einige Anschaffungen.</p> <p>Er hat jetzt 37 Euro.</p> <p>Er hatte 24 Euro verdient.</p> <p>Wie viel Geld hatte er am Anfang?</p>","52","37 - 24","nc","7","S","I","13","41",""
"html-keyboard-response","157","976489","0.0-16.0-0.47","","null","","","","","+","null","","","","","","","",""
"html-keyboard-response","158","982237","0.0-16.0-1.47","","5746.9049999999115","textaufgaben","","","","<p>Ein paar Freunde suchen Pilze im Wald.</p> <p>Sie haben am Ende 31 Pilze.</p> <p>Sie haben davor 12 Pilze gesammelt.</p> <p>Wie viele Pilze hatten sie am Anfang?</p>","49","31 - 12","c","8","S","I","19","43",""
"html-keyboard-response","159","982462","0.0-16.0-2.47","","223.9850000005681","textaufgaben","","","","<p>Ein paar Freunde suchen Pilze im Wald.</p> <p>Sie haben am Ende 31 Pilze.</p> <p>Sie haben davor 12 Pilze gesammelt.</p> <p>Wie viele Pilze hatten sie am Anfang?</p>","50","31 - 12","c","8","S","I","19","43",""
"html-keyboard-response","160","983806","0.0-17.0","","1343.3000000005122","","","","","Die Aufgabe ist vorbei. Bitte dr&uuml;cken Sie eine Taste um fortzufahren!","32","","","","","","","",""
"instructions","161","1002180","0.0-18.0","[{""page_index"":0,""viewing_time"":18372.85499999777}]","18373.19500000018","instruktion_Rechenaufgaben","","","","","","","","","","","","",""
"survey-time","162","1062185","0.0-19.0","","59994.80499999854","Additionsaufgaben","{""RT02_01"":""41"",""RT02_02"":""73"",""RT02_03"":""46"",""RT02_04"":""98"",""RT02_05"":""91"",""RT02_06"":""53"",""RT02_07"":""74"",""RT02_08"":"""",""RT02_09"":"""",""RT02_10"":"""",""RT02_11"":"""",""RT02_12"":"""",""RT02_13"":"""",""RT02_14"":"""",""RT02_15"":"""",""RT02_16"":"""",""RT02_17"":"""",""RT02_18"":"""",""RT02_19"":"""",""RT02_20"":"""",""RT02_21"":"""",""RT02_22"":"""",""RT02_23"":"""",""RT02_24"":"""",""RT02_25"":"""",""RT02_26"":"""",""RT02_27"":"""",""RT02_28"":""""}","","","","","","","","","","","",""
"instructions","163","1067084","0.0-20.0","[{""page_index"":0,""viewing_time"":4897.730000000447}]","4898.049999999581","instruktion_Rechenaufgaben2","","","","","","","","","","","","",""
"survey-time","164","1127090","0.0-21.0","","59996.47499999986","Subtraktionsaufgaben","{""RT03_01"":"""",""RT03_02"":"""",""RT03_03"":""12"",""RT03_04"":""28"",""RT03_05"":"""",""RT03_06"":"""",""RT03_07"":""35"",""RT03_08"":""41"",""RT03_09"":""53"",""RT03_10"":"""",""RT03_11"":""12"",""RT03_12"":"""",""RT03_13"":"""",""RT03_14"":""23"",""RT03_15"":"""",""RT03_16"":""42"",""RT03_17"":""31"",""RT03_18"":""12"",""RT03_19"":"""",""RT03_20"":"""",""RT03_21"":"""",""RT03_22"":"""",""RT03_23"":"""",""RT03_24"":"""",""RT03_25"":"""",""RT03_26"":"""",""RT03_27"":"""",""RT03_28"":""""}","","","","","","","","","","","",""
"instructions","165","1128811","0.0-22.0","","","Instruktion_READ","","","","","","","","","","","","","Sie haben alle Aufgaben vor Ende der Zeit erledigt!"
