"trial_type","trial_index","time_elapsed","internal_node_id","view_history","rt","test_part","responses","question_order","success","stimulus","key_press","task","type","condition","operation","consistency","correct_response","task_id","status"
"pavlovia","0","13","0.0-0.0","","","","","","","","","","","","","","","",""
"instructions","1","4352","0.0-1.0","[{""page_index"":0,""viewing_time"":3035.0000000000005},{""page_index"":1,""viewing_time"":1299.9999999999995}]","4336","teilnehmerinfo","","","","","","","","","","","","",""
"survey-multi-select","2","9093","0.0-2.0","","4733","Einverstaendniserklaerung","{""einverstaendnis;"":[""Ich erkl&auml;re mich damit einverstanden, an der Studie teilzunehmen!""]}","[0]","","","","","","","","","","",""
"fullscreen","3","11486","0.0-3.0","","","","","","true","","","","","","","","","",""
"survey-text","4","14288","0.0-4.0","","2790","demoFragen_Seite_1","{""Alter"":""25""}","","","","","","","","","","","",""
"survey-multi-choice","5","25345","0.0-5.0","","11053","demoFragen_Seite_2","{""handedneß"":"" rechtshändig "",""sex"":"" weiblich "",""firstlanguage"":"" ja "",""ethnic"":"" Weiß ""}","[0,1,2,3]","","","","","","","","","","",""
"survey-multi-choice","6","36882","0.0-6.0","","11534.000000000007","demoFragen_Seite_3","{""legasthenie"":"" nein "",""dyskalkulie"":"" nein "",""student"":"" ja "",""beschäftigung"":"" teilzeitbeschäftigt""}","[0,1,2,3]","","","","","","","","","","",""
"survey-multi-choice","7","59537","0.0-7.0","","22653","demoFragen_Seite_4","{""bildung"":"" Fachhoch-/Hochschulreife "",""educationmath"":"" mittel (z.B. Wirtschaft, Management, Medizin, Psychologie, Biologie, Chemie) "",""workmath"":"" mittel (z.B. Wirtschaft, Management, Medizin, Psychologie, Biologie, Chemie) ""}","[0,1,2]","","","","","","","","","","",""
"instructions","8","63373","0.0-8.0","[{""page_index"":0,""viewing_time"":3835.0000000000073}]","3835.0000000000073","Instruktion_GAD","","","","","","","","","","","","",""
"survey-likert","9","89334","0.0-9.0","","25955.999999999993","GAD","{""GADa"":1,""GADb"":1,""GADc"":1,""GADd"":1,""GADe"":0,""GADf"":1,""GADg"":0}","[0,1,2,3,4,5,6]","","","","","","","","","","",""
"instructions","10","90801","0.0-10.0","[{""page_index"":0,""viewing_time"":1466}]","1466","Instruktion_STAI","","","","","","","","","","","","",""
"survey-likert","11","106200","0.0-11.0","","15394","STAI","{""STAI1"":1,""STAI2"":0,""STAI3"":1,""STAI4"":1,""STAI5"":0}","[0,1,2,3,4]","","","","","","","","","","",""
"instructions","12","107619","0.0-12.0","[{""page_index"":0,""viewing_time"":1418.0000000000146}]","1418.0000000000146","Instruktion_AMAS","","","","","","","","","","","","",""
"survey-likert","13","136381","0.0-13.0","","28756.999999999985","AMAS","{""AMAS1"":0,""AMAS2"":0,""AMAS3"":0,""AMAS4"":0,""AMAS5"":0,""AMAS6"":0,""AMAS7"":2,""AMAS8"":2,""AMAS9"":0}","[0,1,2,3,4,5,6,7,8]","","","","","","","","","","",""
"instructions","14","156798","0.0-14.0","[{""page_index"":0,""viewing_time"":20415.00000000003}]","20415.00000000003","Instruktion_TEXT","","","","","","","","","","","","",""
"instructions","15","162287","0.0-15.0","[{""page_index"":0,""viewing_time"":5488}]","5489","Instruktion_TEXT_Beispiel","","","","","","","","","","","","",""
"html-keyboard-response","16","163291","0.0-16.0-0.0","","null","","","","","+","null","","","","","","","",""
"html-keyboard-response","17","174983","0.0-16.0-1.0","","11689.99999999997","textaufgaben","","","","<p>Ein M&auml;dchen sammelt B&uuml;cher.</p> <p>Sie hat 35 B&uuml;cher erhalten.</p> <p>Das M&auml;dchen hatte davor 54 B&uuml;cher.</p> <p>Wie viele B&uuml;cher hat sie am Ende?</p>","56","54 + 35","nc","1","A","C","89","4",""
"html-keyboard-response","18","175069","0.0-16.0-2.0","","85.9999999999709","textaufgaben","","","","<p>Ein M&auml;dchen sammelt B&uuml;cher.</p> <p>Sie hat 35 B&uuml;cher erhalten.</p> <p>Das M&auml;dchen hatte davor 54 B&uuml;cher.</p> <p>Wie viele B&uuml;cher hat sie am Ende?</p>","57","54 + 35","nc","1","A","C","89","4",""
"html-keyboard-response","19","176071","0.0-16.0-0.1","","null","","","","","+","null","","","","","","","",""
"html-keyboard-response","20","196294","0.0-16.0-1.1","","20220.99999999997","textaufgaben","","","","<p>Eine Tennisspielerin spielt Turniere.</p> <p>Sie hat 16 Spiele in dieser Saison gewonnen.</p> <p>Sie hat vor dieser Saison 25 Spiele gewonnen.</p> <p>Wie viele Spiele hat sie in ihrer Karriere gewonnen?</p>","51","25 + 16","c","2","A","C","41","10",""
"html-keyboard-response","21","196380","0.0-16.0-2.1","","83","textaufgaben","","","","<p>Eine Tennisspielerin spielt Turniere.</p> <p>Sie hat 16 Spiele in dieser Saison gewonnen.</p> <p>Sie hat vor dieser Saison 25 Spiele gewonnen.</p> <p>Wie viele Spiele hat sie in ihrer Karriere gewonnen?</p>","49","25 + 16","c","2","A","C","41","10",""
"html-keyboard-response","22","197381","0.0-16.0-0.2","","null","","","","","+","null","","","","","","","",""
"html-keyboard-response","23","206874","0.0-16.0-1.2","","9489.99999999997","textaufgaben","","","","<p>Eine Marktfrau verkauft &Auml;pfel auf dem Markt.</p> <p>Die Marktfrau verkauft 13 &Auml;pfel.</p> <p>Sie hatte 25 &Auml;pfel mitgebracht.</p> <p>Wie viele &Auml;pfel hat sie am Ende?</p>","49","25 - 13","nc","3","S","C","12","13",""
"html-keyboard-response","24","206953","0.0-16.0-2.2","","77","textaufgaben","","","","<p>Eine Marktfrau verkauft &Auml;pfel auf dem Markt.</p> <p>Die Marktfrau verkauft 13 &Auml;pfel.</p> <p>Sie hatte 25 &Auml;pfel mitgebracht.</p> <p>Wie viele &Auml;pfel hat sie am Ende?</p>","50","25 - 13","nc","3","S","C","12","13",""
"html-keyboard-response","25","207955","0.0-16.0-0.3","","null","","","","","+","null","","","","","","","",""
"html-keyboard-response","26","216895","0.0-16.0-1.3","","8939.00000000003","textaufgaben","","","","<p>Ein M&auml;dchen sammelt B&uuml;cher.</p> <p>Das M&auml;dchen verschenkt 17 B&uuml;cher.</p> <p>Sie hatte 46 B&uuml;cher  mitgebracht.</p> <p>Wie viele B&uuml;cher hat sie am Ende?</p>","50","46 - 17","c","4","S","C","29","22",""
"html-keyboard-response","27","218897","0.0-16.0-2.3","","null","textaufgaben","","","","<p>Ein M&auml;dchen sammelt B&uuml;cher.</p> <p>Das M&auml;dchen verschenkt 17 B&uuml;cher.</p> <p>Sie hatte 46 B&uuml;cher  mitgebracht.</p> <p>Wie viele B&uuml;cher hat sie am Ende?</p>","null","46 - 17","c","4","S","C","29","22",""
"html-keyboard-response","28","219898","0.0-16.0-0.4","","null","","","","","+","null","","","","","","","",""
"html-keyboard-response","29","247967","0.0-16.0-1.4","","28068.00000000003","textaufgaben","","","","<p>Einige Leute wurden zur Party eingeladen.</p> <p>72 Leute haben die Party verlassen.</p> <p>Es blieben danach 26 Leute.</p> <p>Wie viele Leute waren zur Party gekommen?</p>","57","72 + 26","nc","5","A","I","98","27",""
"html-keyboard-response","30","247998","0.0-16.0-2.4","","30","textaufgaben","","","","<p>Einige Leute wurden zur Party eingeladen.</p> <p>72 Leute haben die Party verlassen.</p> <p>Es blieben danach 26 Leute.</p> <p>Wie viele Leute waren zur Party gekommen?</p>","56","72 + 26","nc","5","A","I","98","27",""
"html-keyboard-response","31","249000","0.0-16.0-0.5","","null","","","","","+","null","","","","","","","",""
"html-keyboard-response","32","259619","0.0-16.0-1.5","","10617","textaufgaben","","","","<p>Ein Mann spart Geld f&uuml;r einige Anschaffungen.</p> <p>Er gibt 19 Euro aus.</p> <p>Er hat jetzt 27 Euro.</p> <p>Wie viel Geld hatte der Mann?</p>","52","27 + 19","c","6","A","I","42","31",""
"html-keyboard-response","33","259660","0.0-16.0-2.5","","39.999999999970896","textaufgaben","","","","<p>Ein Mann spart Geld f&uuml;r einige Anschaffungen.</p> <p>Er gibt 19 Euro aus.</p> <p>Er hat jetzt 27 Euro.</p> <p>Wie viel Geld hatte der Mann?</p>","54","27 + 19","c","6","A","I","42","31",""
"html-keyboard-response","34","260662","0.0-16.0-0.6","","null","","","","","+","null","","","","","","","",""
"html-keyboard-response","35","271251","0.0-16.0-1.6","","10588.00000000003","textaufgaben","","","","<p>Eine Studentin muss W&ouml;rter lernen.</p> <p>Die Studentin hat 42 W&ouml;rter gelernt.</p> <p>Sie kennt jetzt 68 W&ouml;rter.</p> <p>Wie viele W&ouml;rter hatte sie am Anfang gekonnt?</p>","50","68 - 42","nc","7","S","I","26","40",""
"html-keyboard-response","36","271384","0.0-16.0-2.6","","132","textaufgaben","","","","<p>Eine Studentin muss W&ouml;rter lernen.</p> <p>Die Studentin hat 42 W&ouml;rter gelernt.</p> <p>Sie kennt jetzt 68 W&ouml;rter.</p> <p>Wie viele W&ouml;rter hatte sie am Anfang gekonnt?</p>","54","68 - 42","nc","7","S","I","26","40",""
"html-keyboard-response","37","272386","0.0-16.0-0.7","","null","","","","","+","null","","","","","","","",""
"html-keyboard-response","38","290522","0.0-16.0-1.7","","18135","textaufgaben","","","","<p>Ein Dieb hat einer Frau einige Diamanten gestohlen.</p> <p>Der Dieb hatte ihr 54 Diamanten gestohlen.</p> <p>Die Polizei findet 28 Diamanten wieder.</p> <p>Wie viele Diamanten muss die Polizei noch finden?</p>","50","54 - 28","c","8","S","I","26","46",""
"html-keyboard-response","39","290551","0.0-16.0-2.7","","27","textaufgaben","","","","<p>Ein Dieb hat einer Frau einige Diamanten gestohlen.</p> <p>Der Dieb hatte ihr 54 Diamanten gestohlen.</p> <p>Die Polizei findet 28 Diamanten wieder.</p> <p>Wie viele Diamanten muss die Polizei noch finden?</p>","54","54 - 28","c","8","S","I","26","46",""
"html-keyboard-response","40","291553","0.0-16.0-0.8","","null","","","","","+","null","","","","","","","",""
"html-keyboard-response","41","307050","0.0-16.0-1.8","","15495","textaufgaben","","","","<p>Ein Dieb hat einer Frau einige Diamanten gestohlen.</p> <p>Nach dem Diebstahl hatte sie 23 Diamanten.</p> <p>Die Polizei findet 15 Diamanten wieder.</p> <p>Wie viele Diamanten hat die Frau am Ende?</p>","51","23 + 15","nc","1","A","C","38","5",""
"html-keyboard-response","42","307110","0.0-16.0-2.8","","58.00000000005821","textaufgaben","","","","<p>Ein Dieb hat einer Frau einige Diamanten gestohlen.</p> <p>Nach dem Diebstahl hatte sie 23 Diamanten.</p> <p>Die Polizei findet 15 Diamanten wieder.</p> <p>Wie viele Diamanten hat die Frau am Ende?</p>","56","23 + 15","nc","1","A","C","38","5",""
"html-keyboard-response","43","308112","0.0-16.0-0.9","","null","","","","","+","null","","","","","","","",""
"html-keyboard-response","44","321150","0.0-16.0-1.9","","13036","textaufgaben","","","","<p>Ein paar Freunde suchen Pilze im Wald.</p> <p>Sie hatten 67 Pilze.</p> <p>Sie sammeln 15 Pilzen.</p> <p>Wie viele Pilze haben sie am Ende?</p>","56","67 + 15","c","2","A","C","82","9",""
"html-keyboard-response","45","321458","0.0-16.0-2.9","","306","textaufgaben","","","","<p>Ein paar Freunde suchen Pilze im Wald.</p> <p>Sie hatten 67 Pilze.</p> <p>Sie sammeln 15 Pilzen.</p> <p>Wie viele Pilze haben sie am Ende?</p>","50","67 + 15","c","2","A","C","82","9",""
"html-keyboard-response","46","322460","0.0-16.0-0.10","","null","","","","","+","null","","","","","","","",""
"html-keyboard-response","47","329116","0.0-16.0-1.10","","6654","textaufgaben","","","","<p>Ein M&auml;dchen sammelt B&uuml;cher.</p> <p>Das M&auml;dchen hat 28 B&uuml;cher.</p> <p>Sie verschenkt 13 B&uuml;cher an ihre Freunde.</p> <p>Wie viele B&uuml;cher hat sie am Ende?</p>","49","28 - 13","nc","3","S","C","15","17",""
"html-keyboard-response","48","329179","0.0-16.0-2.10","","63","textaufgaben","","","","<p>Ein M&auml;dchen sammelt B&uuml;cher.</p> <p>Das M&auml;dchen hat 28 B&uuml;cher.</p> <p>Sie verschenkt 13 B&uuml;cher an ihre Freunde.</p> <p>Wie viele B&uuml;cher hat sie am Ende?</p>","53","28 - 13","nc","3","S","C","15","17",""
"html-keyboard-response","49","330181","0.0-16.0-0.11","","null","","","","","+","null","","","","","","","",""
"html-keyboard-response","50","339456","0.0-16.0-1.11","","9273.000000000058","textaufgaben","","","","<p>Eine Marktfrau verkauft &Auml;pfel auf dem Markt.</p> <p>Die Marktfrau kam mit 37 &Auml;pfeln.</p> <p>Sie verkauft 19 &Auml;pfel.</p> <p>Wie viele &Auml;pfel hat sie am Ende?</p>","49","37 - 19","c","4","S","C","18","20",""
"html-keyboard-response","51","339755","0.0-16.0-2.11","","297","textaufgaben","","","","<p>Eine Marktfrau verkauft &Auml;pfel auf dem Markt.</p> <p>Die Marktfrau kam mit 37 &Auml;pfeln.</p> <p>Sie verkauft 19 &Auml;pfel.</p> <p>Wie viele &Auml;pfel hat sie am Ende?</p>","56","37 - 19","c","4","S","C","18","20",""
"html-keyboard-response","52","340757","0.0-16.0-0.12","","null","","","","","+","null","","","","","","","",""
"html-keyboard-response","53","351071","0.0-16.0-1.12","","10312","textaufgaben","","","","<p>Ein Mann spart Geld f&uuml;r einige Anschaffungen.</p> <p>Er hat jetzt 13 Euro.</p> <p>Er hat davor 65 Euro ausgegeben.</p> <p>Wie viel Geld hatte der Mann?</p>","55","65 + 13","nc","5","A","I","78","30",""
"html-keyboard-response","54","351139","0.0-16.0-2.12","","66","textaufgaben","","","","<p>Ein Mann spart Geld f&uuml;r einige Anschaffungen.</p> <p>Er hat jetzt 13 Euro.</p> <p>Er hat davor 65 Euro ausgegeben.</p> <p>Wie viel Geld hatte der Mann?</p>","56","65 + 13","nc","5","A","I","78","30",""
"html-keyboard-response","55","352141","0.0-16.0-0.13","","null","","","","","+","null","","","","","","","",""
"html-keyboard-response","56","363641","0.0-16.0-1.13","","11498","textaufgaben","","","","<p>Eine Marktfrau verkauft &Auml;pfel auf dem Markt.</p> <p>Sie hat jetzt 38 &Auml;pfel.</p> <p>Die Marktfrau hatte davor 26 &Auml;pfel verkauft.</p> <p>Wie viele &Auml;pfel hatte sie am Anfang?</p>","54","38 + 26","c","6","A","I","64","35",""
"html-keyboard-response","57","363760","0.0-16.0-2.13","","118.00000000005821","textaufgaben","","","","<p>Eine Marktfrau verkauft &Auml;pfel auf dem Markt.</p> <p>Sie hat jetzt 38 &Auml;pfel.</p> <p>Die Marktfrau hatte davor 26 &Auml;pfel verkauft.</p> <p>Wie viele &Auml;pfel hatte sie am Anfang?</p>","52","38 + 26","c","6","A","I","64","35",""
"html-keyboard-response","58","364762","0.0-16.0-0.14","","null","","","","","+","null","","","","","","","",""
"html-keyboard-response","59","380003","0.0-16.0-1.14","","15238","textaufgaben","","","","<p>Eine Tennisspielerin spielt Turniere.</p> <p>Sie hat in dieser Saison 29 Spiele gespielt.</p> <p>Sie gewann 13 Spiele.</p> <p>Wie viele Spiele hatte sie verloren?</p>","49","29 - 13","nc","7","S","I","16","39",""
"html-keyboard-response","60","380224","0.0-16.0-2.14","","220.0000000000582","textaufgaben","","","","<p>Eine Tennisspielerin spielt Turniere.</p> <p>Sie hat in dieser Saison 29 Spiele gespielt.</p> <p>Sie gewann 13 Spiele.</p> <p>Wie viele Spiele hatte sie verloren?</p>","54","29 - 13","nc","7","S","I","16","39",""
"html-keyboard-response","61","381226","0.0-16.0-0.15","","null","","","","","+","null","","","","","","","",""
"html-keyboard-response","62","390017","0.0-16.0-1.15","","8789","textaufgaben","","","","<p>Ein M&auml;dchen sammelt B&uuml;cher.</p> <p>Das M&auml;dchen erh&auml;lt 45 B&uuml;cher.</p> <p>Sie hat danach 74 B&uuml;cher.</p> <p>Wie viele B&uuml;cher hatte sie am Anfang?</p>","50","74 - 45","c","8","S","I","29","48",""
"html-keyboard-response","63","390313","0.0-16.0-2.15","","295","textaufgaben","","","","<p>Ein M&auml;dchen sammelt B&uuml;cher.</p> <p>Das M&auml;dchen erh&auml;lt 45 B&uuml;cher.</p> <p>Sie hat danach 74 B&uuml;cher.</p> <p>Wie viele B&uuml;cher hatte sie am Anfang?</p>","57","74 - 45","c","8","S","I","29","48",""
"html-keyboard-response","64","391315","0.0-16.0-0.16","","null","","","","","+","null","","","","","","","",""
"html-keyboard-response","65","399062","0.0-16.0-1.16","","7746","textaufgaben","","","","<p>Ein Mann spart Geld f&uuml;r einige Anschaffungen.</p> <p>Er hatte 21 Euro.</p> <p>Er verdient 13 Euro.</p> <p>Wie viel Geld hat der Mann jetzt?</p>","51","21 + 13","nc","1","A","C","34","1",""
"html-keyboard-response","66","399087","0.0-16.0-2.16","","24","textaufgaben","","","","<p>Ein Mann spart Geld f&uuml;r einige Anschaffungen.</p> <p>Er hatte 21 Euro.</p> <p>Er verdient 13 Euro.</p> <p>Wie viel Geld hat der Mann jetzt?</p>","52","21 + 13","nc","1","A","C","34","1",""
"html-keyboard-response","67","400089","0.0-16.0-0.17","","null","","","","","+","null","","","","","","","",""
"html-keyboard-response","68","411404","0.0-16.0-1.17","","11312","textaufgaben","","","","<p>Eine Marktfrau verkauft &Auml;pfel auf dem Markt.</p> <p>Die Marktfrau kam mit 56 &Auml;pfeln.</p> <p>Sie hat 27 &Auml;pfel geliefert bekommen.</p> <p>Wie viele &Auml;pfel hat sie am Ende?</p>","56","56 + 27","c","2","A","C","83","12",""
"html-keyboard-response","69","411776","0.0-16.0-2.17","","371","textaufgaben","","","","<p>Eine Marktfrau verkauft &Auml;pfel auf dem Markt.</p> <p>Die Marktfrau kam mit 56 &Auml;pfeln.</p> <p>Sie hat 27 &Auml;pfel geliefert bekommen.</p> <p>Wie viele &Auml;pfel hat sie am Ende?</p>","51","56 + 27","c","2","A","C","83","12",""
"html-keyboard-response","70","412778","0.0-16.0-0.18","","null","","","","","+","null","","","","","","","",""
"html-keyboard-response","71","420674","0.0-16.0-1.18","","7894","textaufgaben","","","","<p>Eine Studentin muss W&ouml;rter lernen.</p> <p>Die Studentin vergisst 12 W&ouml;rter.</p> <p>Sie hat am Anfang 58 W&ouml;rter gelernt.</p> <p>Wie viele W&ouml;rter hat sie richtig gelernt?</p>","52","58 - 12","nc","3","S","C","46","14",""
"html-keyboard-response","72","420713","0.0-16.0-2.18","","38.00000000005821","textaufgaben","","","","<p>Eine Studentin muss W&ouml;rter lernen.</p> <p>Die Studentin vergisst 12 W&ouml;rter.</p> <p>Sie hat am Anfang 58 W&ouml;rter gelernt.</p> <p>Wie viele W&ouml;rter hat sie richtig gelernt?</p>","54","58 - 12","nc","3","S","C","46","14",""
"html-keyboard-response","73","421716","0.0-16.0-0.19","","null","","","","","+","null","","","","","","","",""
"html-keyboard-response","74","432589","0.0-16.0-1.19","","10872","textaufgaben","","","","<p>Ein Dieb hat einer Frau einige Diamanten gestohlen.</p> <p>Der Dieb hat ihr 16 Diamanten gestohlen.</p> <p>Sie hatte am Anfang 41 Diamanten gehabt.</p> <p>Wie viele Diamanten hat sie jetzt?</p>","50","41 - 16","c","4","S","C","25","19",""
"html-keyboard-response","75","432638","0.0-16.0-2.19","","47","textaufgaben","","","","<p>Ein Dieb hat einer Frau einige Diamanten gestohlen.</p> <p>Der Dieb hat ihr 16 Diamanten gestohlen.</p> <p>Sie hatte am Anfang 41 Diamanten gehabt.</p> <p>Wie viele Diamanten hat sie jetzt?</p>","53","41 - 16","c","4","S","C","25","19",""
"html-keyboard-response","76","433637","0.0-16.0-0.20","","null","","","","","+","null","","","","","","","",""
"html-keyboard-response","77","442181","0.0-16.0-1.20","","8554","textaufgaben","","","","<p>Ein Dieb hat einer Frau einige Diamanten gestohlen.</p> <p>Sie hat jetzt 34 Diamanten.</p> <p>Der Dieb hatte ihr 25 Diamanten gestohlen.</p> <p>Wie viele Diamanten hatte die Frau?</p>","53","34 + 25","nc","5","A","I","59","29",""
"html-keyboard-response","78","442360","0.0-16.0-2.20","","178","textaufgaben","","","","<p>Ein Dieb hat einer Frau einige Diamanten gestohlen.</p> <p>Sie hat jetzt 34 Diamanten.</p> <p>Der Dieb hatte ihr 25 Diamanten gestohlen.</p> <p>Wie viele Diamanten hatte die Frau?</p>","57","34 + 25","nc","5","A","I","59","29",""
"html-keyboard-response","79","443361","0.0-16.0-0.21","","null","","","","","+","null","","","","","","","",""
"html-keyboard-response","80","459323","0.0-16.0-1.21","","15971","textaufgaben","","","","<p>Eine Tennisspielerin spielt Turniere.</p> <p>Sie hat in dieser Saison 17 Spiele verloren.</p> <p>Sie hatte fr&uuml;her 76 Spiele verloren.</p> <p>Wie viele Spiele hat sie in ihrer Karriere verloren?</p>","57","76 + 17","c","6","A","I","93","36",""
"html-keyboard-response","81","459740","0.0-16.0-2.21","","415","textaufgaben","","","","<p>Eine Tennisspielerin spielt Turniere.</p> <p>Sie hat in dieser Saison 17 Spiele verloren.</p> <p>Sie hatte fr&uuml;her 76 Spiele verloren.</p> <p>Wie viele Spiele hat sie in ihrer Karriere verloren?</p>","51","76 + 17","c","6","A","I","93","36",""
"html-keyboard-response","82","460742","0.0-16.0-0.22","","null","","","","","+","null","","","","","","","",""
"html-keyboard-response","83","472648","0.0-16.0-1.22","","11907","textaufgaben","","","","<p>Eine Marktfrau verkauft &Auml;pfel auf dem Markt.</p> <p>Sie hatte vorher 21 &Auml;pfel geliefert bekommen.</p> <p>Die Marktfrau hat 64 &Auml;pfel.</p> <p>Wie viele &Auml;pfel hatte sie am Anfang?</p>","52","64 - 21","nc","7","S","I","43","42",""
"html-keyboard-response","84","472733","0.0-16.0-2.22","","84","textaufgaben","","","","<p>Eine Marktfrau verkauft &Auml;pfel auf dem Markt.</p> <p>Sie hatte vorher 21 &Auml;pfel geliefert bekommen.</p> <p>Die Marktfrau hat 64 &Auml;pfel.</p> <p>Wie viele &Auml;pfel hatte sie am Anfang?</p>","51","64 - 21","nc","7","S","I","43","42",""
"html-keyboard-response","85","473735","0.0-16.0-0.23","","null","","","","","+","null","","","","","","","",""
"html-keyboard-response","86","499044","0.0-16.0-1.23","","25309","textaufgaben","","","","<p>Einige Leute wurden zur Party eingeladen.</p> <p>Am Ende sind 41 Leute auf der Party.</p> <p>18 Leute sind davor zur Party gekommen.</p> <p>Wie viele Leute waren am Anfang auf der Party?</p>","50","41 - 18","c","8","S","I","23","47",""
"html-keyboard-response","87","499105","0.0-16.0-2.23","","58.99999999994179","textaufgaben","","","","<p>Einige Leute wurden zur Party eingeladen.</p> <p>Am Ende sind 41 Leute auf der Party.</p> <p>18 Leute sind davor zur Party gekommen.</p> <p>Wie viele Leute waren am Anfang auf der Party?</p>","51","41 - 18","c","8","S","I","23","47",""
"html-keyboard-response","88","500107","0.0-16.0-0.24","","null","","","","","+","null","","","","","","","",""
"html-keyboard-response","89","506875","0.0-16.0-1.24","","6766.000000000058","textaufgaben","","","","<p>Ein paar Freunde suchen Pilze im Wald.</p> <p>Sie sammeln gerade 13 Pilze.</p> <p>Sie hatten 36 Pilze davor.</p> <p>Wie viele Pilze haben sie am Ende?</p>","52","36 + 13","nc","1","A","C","49","2",""
"html-keyboard-response","90","507151","0.0-16.0-2.24","","275","textaufgaben","","","","<p>Ein paar Freunde suchen Pilze im Wald.</p> <p>Sie sammeln gerade 13 Pilze.</p> <p>Sie hatten 36 Pilze davor.</p> <p>Wie viele Pilze haben sie am Ende?</p>","57","36 + 13","nc","1","A","C","49","2",""
"html-keyboard-response","91","508153","0.0-16.0-0.25","","null","","","","","+","null","","","","","","","",""
"html-keyboard-response","92","515288","0.0-16.0-1.25","","7133","textaufgaben","","","","<p>Eine Studentin muss W&ouml;rter lernen.</p> <p>Die Studentin kannte 43 W&ouml;rter.</p> <p>Sie hat gerade 19 W&ouml;rter gelernt.</p> <p>Wie viele W&ouml;rter kennt die Studentin am Ende?</p>","54","43 + 19","c","2","A","C","62","7",""
"html-keyboard-response","93","515517","0.0-16.0-2.25","","228.00000000011642","textaufgaben","","","","<p>Eine Studentin muss W&ouml;rter lernen.</p> <p>Die Studentin kannte 43 W&ouml;rter.</p> <p>Sie hat gerade 19 W&ouml;rter gelernt.</p> <p>Wie viele W&ouml;rter kennt die Studentin am Ende?</p>","50","43 + 19","c","2","A","C","62","7",""
"html-keyboard-response","94","516519","0.0-16.0-0.26","","null","","","","","+","null","","","","","","","",""
"html-keyboard-response","95","528144","0.0-16.0-1.26","","11623.000000000058","textaufgaben","","","","<p>Eine Tennisspielerin spielt Turniere.</p> <p>Sie hat in dieser Saison 59 Spiele gespielt.</p> <p>Sie hat 41 Spiele verloren.</p> <p>Wie viele Spiele hat sie gewonnen?</p>","49","59 - 41","nc","3","S","C","18","16",""
"html-keyboard-response","96","528532","0.0-16.0-2.26","","387","textaufgaben","","","","<p>Eine Tennisspielerin spielt Turniere.</p> <p>Sie hat in dieser Saison 59 Spiele gespielt.</p> <p>Sie hat 41 Spiele verloren.</p> <p>Wie viele Spiele hat sie gewonnen?</p>","56","59 - 41","nc","3","S","C","18","16",""
"html-keyboard-response","97","529535","0.0-16.0-0.27","","null","","","","","+","null","","","","","","","",""
"html-keyboard-response","98","539577","0.0-16.0-1.27","","10040","textaufgaben","","","","<p>Einige Leute wurden zur Party eingeladen.</p> <p>41 Leute sind zur Party gekommen.</p> <p>25 Leute haben die Party fr&uuml;her verlassen.</p> <p>Wie viele Leute sind jetzt auf der Party?</p>","49","41 - 25","c","4","S","C","16","23",""
"html-keyboard-response","99","539690","0.0-16.0-2.27","","112.00000000011642","textaufgaben","","","","<p>Einige Leute wurden zur Party eingeladen.</p> <p>41 Leute sind zur Party gekommen.</p> <p>25 Leute haben die Party fr&uuml;her verlassen.</p> <p>Wie viele Leute sind jetzt auf der Party?</p>","54","41 - 25","c","4","S","C","16","23",""
"html-keyboard-response","100","540693","0.0-16.0-0.28","","null","","","","","+","null","","","","","","","",""
"html-keyboard-response","101","547137","0.0-16.0-1.28","","6443.000000000116","textaufgaben","","","","<p>Ein paar Freunde suchen Pilze im Wald.</p> <p>Sie werfen gerade 23 giftige Pilze weg.</p> <p>Sie haben 31 Pilze &uuml;brig.</p> <p>Wie viele Pilze hatten sie fr&uuml;her?</p>","53","31 + 23","nc","5","A","I","54","25",""
"html-keyboard-response","102","547202","0.0-16.0-2.28","","63","textaufgaben","","","","<p>Ein paar Freunde suchen Pilze im Wald.</p> <p>Sie werfen gerade 23 giftige Pilze weg.</p> <p>Sie haben 31 Pilze &uuml;brig.</p> <p>Wie viele Pilze hatten sie fr&uuml;her?</p>","52","31 + 23","nc","5","A","I","54","25",""
"html-keyboard-response","103","548204","0.0-16.0-0.29","","null","","","","","+","null","","","","","","","",""
"html-keyboard-response","104","557578","0.0-16.0-1.29","","9373","textaufgaben","","","","<p>Ein M&auml;dchen sammelt B&uuml;cher.</p> <p>Das M&auml;dchen verschenkt 25 B&uuml;cher.</p> <p>Sie hat danach 17 B&uuml;cher.</p> <p>Wie viele B&uuml;cher hatte sie am Anfang?</p>","52","25 + 17","c","6","A","I","42","34",""
"html-keyboard-response","105","557699","0.0-16.0-2.29","","120","textaufgaben","","","","<p>Ein M&auml;dchen sammelt B&uuml;cher.</p> <p>Das M&auml;dchen verschenkt 25 B&uuml;cher.</p> <p>Sie hat danach 17 B&uuml;cher.</p> <p>Wie viele B&uuml;cher hatte sie am Anfang?</p>","50","25 + 17","c","6","A","I","42","34",""
"html-keyboard-response","106","558700","0.0-16.0-0.30","","null","","","","","+","null","","","","","","","",""
"html-keyboard-response","107","571615","0.0-16.0-1.30","","12914","textaufgaben","","","","<p>Ein Dieb hat einer Frau einige Diamanten gestohlen.</p> <p>Die Polizei hat 13 Diamanten wiedergefunden.</p> <p>Der Dieb hatte ihr 37 Diamanten gestohlen.</p> <p>Wie viele Diamanten muss die Polizei noch finden?</p>","50","37 - 13","nc","7","S","I","14","38",""
"html-keyboard-response","108","571691","0.0-16.0-2.30","","74.00000000011642","textaufgaben","","","","<p>Ein Dieb hat einer Frau einige Diamanten gestohlen.</p> <p>Die Polizei hat 13 Diamanten wiedergefunden.</p> <p>Der Dieb hatte ihr 37 Diamanten gestohlen.</p> <p>Wie viele Diamanten muss die Polizei noch finden?</p>","53","37 - 13","nc","7","S","I","14","38",""
"html-keyboard-response","109","572692","0.0-16.0-0.31","","null","","","","","+","null","","","","","","","",""
"html-keyboard-response","110","580583","0.0-16.0-1.31","","7890","textaufgaben","","","","<p>Ein Mann spart Geld f&uuml;r einige Anschaffungen.</p> <p>Er verdient heute 19 Euro.</p> <p>Er hat jetzt 37 Euro.</p> <p>Wie viel Geld hatte er am Anfang?</p>","49","37 - 19","c","8","S","I","18","44",""
"html-keyboard-response","111","580819","0.0-16.0-2.31","","233.99999999988358","textaufgaben","","","","<p>Ein Mann spart Geld f&uuml;r einige Anschaffungen.</p> <p>Er verdient heute 19 Euro.</p> <p>Er hat jetzt 37 Euro.</p> <p>Wie viel Geld hatte er am Anfang?</p>","56","37 - 19","c","8","S","I","18","44",""
"html-keyboard-response","112","581822","0.0-16.0-0.32","","null","","","","","+","null","","","","","","","",""
"html-keyboard-response","113","588166","0.0-16.0-1.32","","6343","textaufgaben","","","","<p>Eine Studentin muss W&ouml;rter lernen.</p> <p>Die Studentin kannte 52 W&ouml;rter.</p> <p>Sie lernte gerade 26 W&ouml;rter.</p> <p>Wie viele W&ouml;rter kennt die Studentin am Ende?</p>","55","52 + 26","nc","1","A","C","78","3",""
"html-keyboard-response","114","588343","0.0-16.0-2.32","","176","textaufgaben","","","","<p>Eine Studentin muss W&ouml;rter lernen.</p> <p>Die Studentin kannte 52 W&ouml;rter.</p> <p>Sie lernte gerade 26 W&ouml;rter.</p> <p>Wie viele W&ouml;rter kennt die Studentin am Ende?</p>","56","52 + 26","nc","1","A","C","78","3",""
"html-keyboard-response","115","589344","0.0-16.0-0.33","","null","","","","","+","null","","","","","","","",""
"html-keyboard-response","116","599659","0.0-16.0-1.33","","10313","textaufgaben","","","","<p>Einige Leute wurden zur Party eingeladen.</p> <p>19 Leute sind sp&auml;ter gekommen.</p> <p>Es waren anfangs 24 Leute auf der Party.</p> <p>Wie viele Leute waren am Ende auf der Party?</p>","52","24 + 19","c","2","A","C","43","8",""
"html-keyboard-response","117","599737","0.0-16.0-2.33","","76","textaufgaben","","","","<p>Einige Leute wurden zur Party eingeladen.</p> <p>19 Leute sind sp&auml;ter gekommen.</p> <p>Es waren anfangs 24 Leute auf der Party.</p> <p>Wie viele Leute waren am Ende auf der Party?</p>","51","24 + 19","c","2","A","C","43","8",""
"html-keyboard-response","118","600738","0.0-16.0-0.34","","null","","","","","+","null","","","","","","","",""
"html-keyboard-response","119","604888","0.0-16.0-1.34","","4147.999999999884","textaufgaben","","","","<p>Ein Mann spart Geld f&uuml;r einige Anschaffungen.</p> <p>Er hatte 37 Euro gehabt.</p> <p>Er hat 14 Euro ausgegeben.</p> <p>Wie viel Geld hat er am Ende?</p>","50","37 - 14","nc","3","S","C","23","25",""
"html-keyboard-response","120","604930","0.0-16.0-2.34","","40.999999999883585","textaufgaben","","","","<p>Ein Mann spart Geld f&uuml;r einige Anschaffungen.</p> <p>Er hatte 37 Euro gehabt.</p> <p>Er hat 14 Euro ausgegeben.</p> <p>Wie viel Geld hat er am Ende?</p>","51","37 - 14","nc","3","S","C","23","25",""
"html-keyboard-response","121","605932","0.0-16.0-0.35","","null","","","","","+","null","","","","","","","",""
"html-keyboard-response","122","622767","0.0-16.0-1.35","","16833","textaufgaben","","","","<p>Eine Tennisspielerin spielt Turniere.</p> <p>Sie verlor 18 Spiele.</p> <p>Sie hat in dieser Saison 34 Spiele gespielt.</p> <p>Wie viele Spiele hat sie gewonnen?</p>","49","34 - 18","c","4","S","C","16","21",""
"html-keyboard-response","123","623137","0.0-16.0-2.35","","369","textaufgaben","","","","<p>Eine Tennisspielerin spielt Turniere.</p> <p>Sie verlor 18 Spiele.</p> <p>Sie hat in dieser Saison 34 Spiele gespielt.</p> <p>Wie viele Spiele hat sie gewonnen?</p>","54","34 - 18","c","4","S","C","16","21",""
"html-keyboard-response","124","624139","0.0-16.0-0.36","","null","","","","","+","null","","","","","","","",""
"html-keyboard-response","125","630391","0.0-16.0-1.36","","6250","textaufgaben","","","","<p>Eine Marktfrau verkauft &Auml;pfel auf dem Markt.</p> <p>Die Marktfrau verkauft 13 &Auml;pfel.</p> <p>Sie hat danach 36 &Auml;pfel.</p> <p>Wie viele &Auml;pfel hatte sie am Anfang?</p>","52","36 + 13","nc","5","A","I","49","26",""
"html-keyboard-response","126","630503","0.0-16.0-2.36","","112","textaufgaben","","","","<p>Eine Marktfrau verkauft &Auml;pfel auf dem Markt.</p> <p>Die Marktfrau verkauft 13 &Auml;pfel.</p> <p>Sie hat danach 36 &Auml;pfel.</p> <p>Wie viele &Auml;pfel hatte sie am Anfang?</p>","57","36 + 13","nc","5","A","I","49","26",""
"html-keyboard-response","127","631505","0.0-16.0-0.37","","null","","","","","+","null","","","","","","","",""
"html-keyboard-response","128","639543","0.0-16.0-1.37","","8037","textaufgaben","","","","<p>Ein paar Freunde suchen Pilze im Wald.</p> <p>Sie werfen gerade 19 giftige Pilze weg.</p> <p>Sie haben 45 Pilze.</p> <p>Wie viele Pilze hatten sie davor?</p>","54","45 + 19","c","6","A","I","64","32",""
"html-keyboard-response","129","639655","0.0-16.0-2.37","","110","textaufgaben","","","","<p>Ein paar Freunde suchen Pilze im Wald.</p> <p>Sie werfen gerade 19 giftige Pilze weg.</p> <p>Sie haben 45 Pilze.</p> <p>Wie viele Pilze hatten sie davor?</p>","52","45 + 19","c","6","A","I","64","32",""
"html-keyboard-response","130","640657","0.0-16.0-0.38","","null","","","","","+","null","","","","","","","",""
"html-keyboard-response","131","646166","0.0-16.0-1.38","","5508","textaufgaben","","","","<p>Einige Leute wurden zur Party eingeladen.</p> <p>Es sind 25 Leute auf der Party.</p> <p>12 Leute sind sp&auml;ter gekommen.</p> <p>Wie viele Leute waren am Anfang auf der Party?</p>","49","25 - 12","nc","7","S","I","13","37",""
"html-keyboard-response","132","646267","0.0-16.0-2.38","","100","textaufgaben","","","","<p>Einige Leute wurden zur Party eingeladen.</p> <p>Es sind 25 Leute auf der Party.</p> <p>12 Leute sind sp&auml;ter gekommen.</p> <p>Wie viele Leute waren am Anfang auf der Party?</p>","51","25 - 12","nc","7","S","I","13","37",""
"html-keyboard-response","133","647269","0.0-16.0-0.39","","null","","","","","+","null","","","","","","","",""
"html-keyboard-response","134","652569","0.0-16.0-1.39","","5299","textaufgaben","","","","<p>Eine Studentin muss W&ouml;rter lernen.</p> <p>Die Studentin hat 13 W&ouml;rter gelernt.</p> <p>Sie kennt jetzt 31 W&ouml;rter.</p> <p>Wie viele W&ouml;rter hatte sie am Anfang gekonnt?</p>","49","31 - 13","c","8","S","I","18","45",""
"html-keyboard-response","135","652975","0.0-16.0-2.39","","405","textaufgaben","","","","<p>Eine Studentin muss W&ouml;rter lernen.</p> <p>Die Studentin hat 13 W&ouml;rter gelernt.</p> <p>Sie kennt jetzt 31 W&ouml;rter.</p> <p>Wie viele W&ouml;rter hatte sie am Anfang gekonnt?</p>","56","31 - 13","c","8","S","I","18","45",""
"html-keyboard-response","136","653977","0.0-16.0-0.40","","null","","","","","+","null","","","","","","","",""
"html-keyboard-response","137","661891","0.0-16.0-1.40","","7915","textaufgaben","","","","<p>Einige Leute wurden zur Party eingeladen.</p> <p>12 Leute sind sp&auml;ter gekommen.</p> <p>Es waren davor 75 Leute auf der Party.</p> <p>Wie viele Leute waren am Ende auf der Party?</p>","56","75 + 12","nc","1","A","C","87","6",""
"html-keyboard-response","138","661987","0.0-16.0-2.40","","96.00000000011642","textaufgaben","","","","<p>Einige Leute wurden zur Party eingeladen.</p> <p>12 Leute sind sp&auml;ter gekommen.</p> <p>Es waren davor 75 Leute auf der Party.</p> <p>Wie viele Leute waren am Ende auf der Party?</p>","55","75 + 12","nc","1","A","C","87","6",""
"html-keyboard-response","139","662988","0.0-16.0-0.41","","null","","","","","+","null","","","","","","","",""
"html-keyboard-response","140","677641","0.0-16.0-1.41","","14665.000000000116","textaufgaben","","","","<p>Ein M&auml;dchen sammelt B&uuml;cher.</p> <p>Sie erh&auml;lt 18 B&uuml;cher.</p> <p>Das M&auml;dchen hatte am Anfang 46 B&uuml;cher gehabt.</p> <p>Wie viele B&uuml;cher hat sie am Ende?</p>","54","46 + 18","c","2","A","C","64","11",""
"html-keyboard-response","141","677742","0.0-16.0-2.41","","99.00000000011642","textaufgaben","","","","<p>Ein M&auml;dchen sammelt B&uuml;cher.</p> <p>Sie erh&auml;lt 18 B&uuml;cher.</p> <p>Das M&auml;dchen hatte am Anfang 46 B&uuml;cher gehabt.</p> <p>Wie viele B&uuml;cher hat sie am Ende?</p>","52","46 + 18","c","2","A","C","64","11",""
"html-keyboard-response","142","678744","0.0-16.0-0.42","","null","","","","","+","null","","","","","","","",""
"html-keyboard-response","143","684767","0.0-16.0-1.42","","6024","textaufgaben","","","","<p>Ein Dieb hat einer Frau einige Diamanten gestohlen.</p> <p>Ihr wurden 32 Diamanten gestohlen.</p> <p>Die Frau hatte 53 Diamanten gehabt.</p> <p>Wie viele Diamanten hat sie jetzt?</p>","50","53 - 32","nc","3","S","C","21","18",""
"html-keyboard-response","144","684816","0.0-16.0-2.42","","48","textaufgaben","","","","<p>Ein Dieb hat einer Frau einige Diamanten gestohlen.</p> <p>Ihr wurden 32 Diamanten gestohlen.</p> <p>Die Frau hatte 53 Diamanten gehabt.</p> <p>Wie viele Diamanten hat sie jetzt?</p>","49","53 - 32","nc","3","S","C","21","18",""
"html-keyboard-response","145","685817","0.0-16.0-0.43","","null","","","","","+","null","","","","","","","",""
"html-keyboard-response","146","693008","0.0-16.0-1.43","","7191","textaufgaben","","","","<p>Ein paar Freunde suchen Pilze im Wald.</p> <p>Sie haben 65 Pilze gefunden.</p> <p>Sie haben 36 giftige Pilze weggeworfen.</p> <p>Wie viele Pilze haben sie danach?</p>","50","65 - 36","c","4","S","C","29","24",""
"html-keyboard-response","147","693621","0.0-16.0-2.43","","612","textaufgaben","","","","<p>Ein paar Freunde suchen Pilze im Wald.</p> <p>Sie haben 65 Pilze gefunden.</p> <p>Sie haben 36 giftige Pilze weggeworfen.</p> <p>Wie viele Pilze haben sie danach?</p>","57","65 - 36","c","4","S","C","29","24",""
"html-keyboard-response","148","694623","0.0-16.0-0.44","","null","","","","","+","null","","","","","","","",""
"html-keyboard-response","149","704404","0.0-16.0-1.44","","9780","textaufgaben","","","","<p>Eine Tennisspielerin spielt Turniere.</p> <p>Sie hatte fr&uuml;her 23 Spiele verloren.</p> <p>Sie hat 14 Spiele in dieser Saison verloren.</p> <p>Wie viele Spiele hat sie in ihrer Karriere verloren?</p>","51","23 + 14","nc","5","A","I","37","28",""
"html-keyboard-response","150","704862","0.0-16.0-2.44","","457","textaufgaben","","","","<p>Eine Tennisspielerin spielt Turniere.</p> <p>Sie hatte fr&uuml;her 23 Spiele verloren.</p> <p>Sie hat 14 Spiele in dieser Saison verloren.</p> <p>Wie viele Spiele hat sie in ihrer Karriere verloren?</p>","55","23 + 14","nc","5","A","I","37","28",""
"html-keyboard-response","151","705865","0.0-16.0-0.45","","null","","","","","+","null","","","","","","","",""
"html-keyboard-response","152","731239","0.0-16.0-1.45","","25373.999999999884","textaufgaben","","","","<p>Eine Studentin muss W&ouml;rter lernen.</p> <p>Die Studentin hat 53 W&ouml;rtern vergessen.</p> <p>Sie lernt sp&auml;ter 18 andere W&ouml;rter.</p> <p>Wie viele W&ouml;rter m&uuml;sste sie kennen?</p>","55","53 + 18","c","6","A","I","71","33",""
"html-keyboard-response","153","731621","0.0-16.0-2.45","","380.9999999998836","textaufgaben","","","","<p>Eine Studentin muss W&ouml;rter lernen.</p> <p>Die Studentin hat 53 W&ouml;rtern vergessen.</p> <p>Sie lernt sp&auml;ter 18 andere W&ouml;rter.</p> <p>Wie viele W&ouml;rter m&uuml;sste sie kennen?</p>","49","53 + 18","c","6","A","I","71","33",""
"html-keyboard-response","154","732623","0.0-16.0-0.46","","null","","","","","+","null","","","","","","","",""
"html-keyboard-response","155","740430","0.0-16.0-1.46","","7805","textaufgaben","","","","<p>Ein Mann spart Geld f&uuml;r einige Anschaffungen.</p> <p>Er hat jetzt 37 Euro.</p> <p>Er hatte 24 Euro verdient.</p> <p>Wie viel Geld hatte er am Anfang?</p>","49","37 - 24","nc","7","S","I","13","41",""
"html-keyboard-response","156","740490","0.0-16.0-2.46","","59","textaufgaben","","","","<p>Ein Mann spart Geld f&uuml;r einige Anschaffungen.</p> <p>Er hat jetzt 37 Euro.</p> <p>Er hatte 24 Euro verdient.</p> <p>Wie viel Geld hatte er am Anfang?</p>","51","37 - 24","nc","7","S","I","13","41",""
"html-keyboard-response","157","741491","0.0-16.0-0.47","","null","","","","","+","null","","","","","","","",""
"html-keyboard-response","158","746305","0.0-16.0-1.47","","4812","textaufgaben","","","","<p>Ein paar Freunde suchen Pilze im Wald.</p> <p>Sie haben am Ende 31 Pilze.</p> <p>Sie haben davor 12 Pilze gesammelt.</p> <p>Wie viele Pilze hatten sie am Anfang?</p>","49","31 - 12","c","8","S","I","19","43",""
"html-keyboard-response","159","746622","0.0-16.0-2.47","","316","textaufgaben","","","","<p>Ein paar Freunde suchen Pilze im Wald.</p> <p>Sie haben am Ende 31 Pilze.</p> <p>Sie haben davor 12 Pilze gesammelt.</p> <p>Wie viele Pilze hatten sie am Anfang?</p>","57","31 - 12","c","8","S","I","19","43",""
"html-keyboard-response","160","748737","0.0-17.0","","2114","","","","","Die Aufgabe ist vorbei. Bitte dr&uuml;cken Sie eine Taste um fortzufahren!","32","","","","","","","",""
"instructions","161","767724","0.0-18.0","[{""page_index"":0,""viewing_time"":18985}]","18986","instruktion_Rechenaufgaben","","","","","","","","","","","","",""
"survey-time","162","931231","0.0-19.0","","","Additionsaufgaben","","","","","","","","","","","","","Sie haben alle Aufgaben vor Ende der Zeit erledigt!"
