"trial_type","trial_index","time_elapsed","internal_node_id","view_history","rt","test_part","responses","question_order","success","stimulus","key_press","task","type","condition","operation","consistency","correct_response","task_id","status"
"pavlovia","0","28","0.0-0.0","","","","","","","","","","","","","","","",""
"instructions","1","98579","0.0-1.0","[{""page_index"":0,""viewing_time"":76033.77999993972},{""page_index"":1,""viewing_time"":22513.024999992922}]","98548.60499990173","teilnehmerinfo","","","","","","","","","","","","",""
"survey-multi-select","2","108539","0.0-2.0","","9955.055000027642","Einverstaendniserklaerung","{""einverstaendnis;"":[""Ich erkl&auml;re mich damit einverstanden, an der Studie teilzunehmen!""]}","[0]","","","","","","","","","","",""
"fullscreen","3","112459","0.0-3.0","","","","","","true","","","","","","","","","",""
"survey-text","4","114962","0.0-4.0","","2500.0699998345226","demoFragen_Seite_1","{""Alter"":""22""}","","","","","","","","","","","",""
"survey-multi-choice","5","126465","0.0-5.0","","11500.455000204965","demoFragen_Seite_2","{""handedneß"":"" rechtshändig "",""sex"":"" männlich "",""firstlanguage"":"" ja "",""ethnic"":"" Weiß ""}","[0,1,2,3]","","","","","","","","","","",""
"survey-multi-choice","6","140156","0.0-6.0","","13686.730000190437","demoFragen_Seite_3","{""legasthenie"":"" nein "",""dyskalkulie"":"" nein "",""student"":"" ja "",""beschäftigung"":"" vollzeitbeschäftigt ""}","[0,1,2,3]","","","","","","","","","","",""
"survey-multi-choice","7","164479","0.0-7.0","","24319.894999964163","demoFragen_Seite_4","{""bildung"":"" Fachhoch-/Hochschulreife "",""educationmath"":"" viel (z.B. Mathematik, Informatik, Ingenieurwissenschaften, Physik, Technik) "",""workmath"":"" keine Angabe ""}","[0,1,2]","","","","","","","","","","",""
"instructions","8","178796","0.0-8.0","[{""page_index"":0,""viewing_time"":14313.94000002183}]","14314.650000073016","Instruktion_GAD","","","","","","","","","","","","",""
"survey-likert","9","223110","0.0-9.0","","44309.07499999739","GAD","{""GADa"":1,""GADb"":0,""GADc"":1,""GADd"":2,""GADe"":0,""GADf"":0,""GADg"":0}","[0,1,2,3,4,5,6]","","","","","","","","","","",""
"instructions","10","230605","0.0-10.0","[{""page_index"":0,""viewing_time"":7492.5400000065565}]","7493.190000066534","Instruktion_STAI","","","","","","","","","","","","",""
"survey-likert","11","242856","0.0-11.0","","12247.075000079349","STAI","{""STAI1"":1,""STAI2"":0,""STAI3"":1,""STAI4"":1,""STAI5"":0}","[0,1,2,3,4]","","","","","","","","","","",""
"instructions","12","247702","0.0-12.0","[{""page_index"":0,""viewing_time"":4843.654999975115}]","4844.305000035092","Instruktion_AMAS","","","","","","","","","","","","",""
"survey-likert","13","338816","0.0-13.0","","91108.9449999854","AMAS","{""AMAS1"":1,""AMAS2"":4,""AMAS3"":2,""AMAS4"":4,""AMAS5"":3,""AMAS6"":2,""AMAS7"":2,""AMAS8"":4,""AMAS9"":2}","[0,1,2,3,4,5,6,7,8]","","","","","","","","","","",""
"instructions","14","362845","0.0-14.0","[{""page_index"":0,""viewing_time"":24026.989999925718}]","24027.405000058934","Instruktion_TEXT","","","","","","","","","","","","",""
"instructions","15","376119","0.0-15.0","[{""page_index"":0,""viewing_time"":13273.339999839664}]","13273.980000056326","Instruktion_TEXT_Beispiel","","","","","","","","","","","","",""
"html-keyboard-response","16","377129","0.0-16.0-0.0","","null","","","","","+","null","","","","","","","",""
"html-keyboard-response","17","412672","0.0-16.0-1.0","","35539.219999918714","textaufgaben","","","","<p>Ein Mann spart Geld f&uuml;r einige Anschaffungen.</p> <p>Er hatte 21 Euro.</p> <p>Er verdient 13 Euro.</p> <p>Wie viel Geld hat der Mann jetzt?</p>","51","21 + 13","nc","1","A","C","34","1",""
"html-keyboard-response","18","412946","0.0-16.0-2.0","","272.13499997742474","textaufgaben","","","","<p>Ein Mann spart Geld f&uuml;r einige Anschaffungen.</p> <p>Er hatte 21 Euro.</p> <p>Er verdient 13 Euro.</p> <p>Wie viel Geld hat der Mann jetzt?</p>","52","21 + 13","nc","1","A","C","34","1",""
"html-keyboard-response","19","413949","0.0-16.0-0.1","","null","","","","","+","null","","","","","","","",""
"html-keyboard-response","20","425746","0.0-16.0-1.1","","11795.464999973774","textaufgaben","","","","<p>Ein paar Freunde suchen Pilze im Wald.</p> <p>Sie hatten 67 Pilze.</p> <p>Sie sammeln 15 Pilzen.</p> <p>Wie viele Pilze haben sie am Ende?</p>","56","67 + 15","c","2","A","C","82","9",""
"html-keyboard-response","21","426016","0.0-16.0-2.1","","267.8750001359731","textaufgaben","","","","<p>Ein paar Freunde suchen Pilze im Wald.</p> <p>Sie hatten 67 Pilze.</p> <p>Sie sammeln 15 Pilzen.</p> <p>Wie viele Pilze haben sie am Ende?</p>","50","67 + 15","c","2","A","C","82","9",""
"html-keyboard-response","22","427026","0.0-16.0-0.2","","null","","","","","+","null","","","","","","","",""
"html-keyboard-response","23","433111","0.0-16.0-1.2","","6082.270000129938","textaufgaben","","","","<p>Eine Marktfrau verkauft &Auml;pfel auf dem Markt.</p> <p>Die Marktfrau verkauft 13 &Auml;pfel.</p> <p>Sie hatte 25 &Auml;pfel mitgebracht.</p> <p>Wie viele &Auml;pfel hat sie am Ende?</p>","49","25 - 13","nc","3","S","C","12","13",""
"html-keyboard-response","24","433905","0.0-16.0-2.2","","792.0650001615286","textaufgaben","","","","<p>Eine Marktfrau verkauft &Auml;pfel auf dem Markt.</p> <p>Die Marktfrau verkauft 13 &Auml;pfel.</p> <p>Sie hatte 25 &Auml;pfel mitgebracht.</p> <p>Wie viele &Auml;pfel hat sie am Ende?</p>","50","25 - 13","nc","3","S","C","12","13",""
"html-keyboard-response","25","434919","0.0-16.0-0.3","","null","","","","","+","null","","","","","","","",""
"html-keyboard-response","26","447084","0.0-16.0-1.3","","12162.959999870509","textaufgaben","","","","<p>Ein Dieb hat einer Frau einige Diamanten gestohlen.</p> <p>Der Dieb hat ihr 16 Diamanten gestohlen.</p> <p>Sie hatte am Anfang 41 Diamanten gehabt.</p> <p>Wie viele Diamanten hat sie jetzt?</p>","50","41 - 16","c","4","S","C","25","19",""
"html-keyboard-response","27","448095","0.0-16.0-2.3","","1008.7699999567121","textaufgaben","","","","<p>Ein Dieb hat einer Frau einige Diamanten gestohlen.</p> <p>Der Dieb hat ihr 16 Diamanten gestohlen.</p> <p>Sie hatte am Anfang 41 Diamanten gehabt.</p> <p>Wie viele Diamanten hat sie jetzt?</p>","53","41 - 16","c","4","S","C","25","19",""
"html-keyboard-response","28","449106","0.0-16.0-0.4","","null","","","","","+","null","","","","","","","",""
"html-keyboard-response","29","459039","0.0-16.0-1.4","","9930.404999991879","textaufgaben","","","","<p>Ein Dieb hat einer Frau einige Diamanten gestohlen.</p> <p>Sie hat jetzt 34 Diamanten.</p> <p>Der Dieb hatte ihr 25 Diamanten gestohlen.</p> <p>Wie viele Diamanten hatte die Frau?</p>","53","34 + 25","nc","5","A","I","59","29",""
"html-keyboard-response","30","459366","0.0-16.0-2.4","","325.1849999651313","textaufgaben","","","","<p>Ein Dieb hat einer Frau einige Diamanten gestohlen.</p> <p>Sie hat jetzt 34 Diamanten.</p> <p>Der Dieb hatte ihr 25 Diamanten gestohlen.</p> <p>Wie viele Diamanten hatte die Frau?</p>","57","34 + 25","nc","5","A","I","59","29",""
"html-keyboard-response","31","460367","0.0-16.0-0.5","","null","","","","","+","null","","","","","","","",""
"html-keyboard-response","32","474843","0.0-16.0-1.5","","14473.059999989346","textaufgaben","","","","<p>Ein Mann spart Geld f&uuml;r einige Anschaffungen.</p> <p>Er gibt 19 Euro aus.</p> <p>Er hat jetzt 27 Euro.</p> <p>Wie viel Geld hatte der Mann?</p>","52","27 + 19","c","6","A","I","42","31",""
"html-keyboard-response","33","475025","0.0-16.0-2.5","","180.5000000167638","textaufgaben","","","","<p>Ein Mann spart Geld f&uuml;r einige Anschaffungen.</p> <p>Er gibt 19 Euro aus.</p> <p>Er hat jetzt 27 Euro.</p> <p>Wie viel Geld hatte der Mann?</p>","54","27 + 19","c","6","A","I","42","31",""
"html-keyboard-response","34","476028","0.0-16.0-0.6","","null","","","","","+","null","","","","","","","",""
"html-keyboard-response","35","490471","0.0-16.0-1.6","","14440.670000156388","textaufgaben","","","","<p>Eine Marktfrau verkauft &Auml;pfel auf dem Markt.</p> <p>Sie hatte vorher 21 &Auml;pfel geliefert bekommen.</p> <p>Die Marktfrau hat 64 &Auml;pfel.</p> <p>Wie viele &Auml;pfel hatte sie am Anfang?</p>","52","64 - 21","nc","7","S","I","43","42",""
"html-keyboard-response","36","490686","0.0-16.0-2.6","","213.36499997414649","textaufgaben","","","","<p>Eine Marktfrau verkauft &Auml;pfel auf dem Markt.</p> <p>Sie hatte vorher 21 &Auml;pfel geliefert bekommen.</p> <p>Die Marktfrau hat 64 &Auml;pfel.</p> <p>Wie viele &Auml;pfel hatte sie am Anfang?</p>","51","64 - 21","nc","7","S","I","43","42",""
"html-keyboard-response","37","491692","0.0-16.0-0.7","","null","","","","","+","null","","","","","","","",""
"html-keyboard-response","38","500779","0.0-16.0-1.7","","9084.71000008285","textaufgaben","","","","<p>Ein M&auml;dchen sammelt B&uuml;cher.</p> <p>Das M&auml;dchen erh&auml;lt 45 B&uuml;cher.</p> <p>Sie hat danach 74 B&uuml;cher.</p> <p>Wie viele B&uuml;cher hatte sie am Anfang?</p>","50","74 - 45","c","8","S","I","29","48",""
"html-keyboard-response","39","501418","0.0-16.0-2.7","","637.2100000735372","textaufgaben","","","","<p>Ein M&auml;dchen sammelt B&uuml;cher.</p> <p>Das M&auml;dchen erh&auml;lt 45 B&uuml;cher.</p> <p>Sie hat danach 74 B&uuml;cher.</p> <p>Wie viele B&uuml;cher hatte sie am Anfang?</p>","57","74 - 45","c","8","S","I","29","48",""
"html-keyboard-response","40","502433","0.0-16.0-0.8","","null","","","","","+","null","","","","","","","",""
"html-keyboard-response","41","511102","0.0-16.0-1.8","","8666.720000095665","textaufgaben","","","","<p>Ein paar Freunde suchen Pilze im Wald.</p> <p>Sie sammeln gerade 13 Pilze.</p> <p>Sie hatten 36 Pilze davor.</p> <p>Wie viele Pilze haben sie am Ende?</p>","50","36 + 13","nc","1","A","C","49","2",""
"html-keyboard-response","42","511475","0.0-16.0-2.8","","371.04499991983175","textaufgaben","","","","<p>Ein paar Freunde suchen Pilze im Wald.</p> <p>Sie sammeln gerade 13 Pilze.</p> <p>Sie hatten 36 Pilze davor.</p> <p>Wie viele Pilze haben sie am Ende?</p>","51","36 + 13","nc","1","A","C","49","2",""
"html-keyboard-response","43","512491","0.0-16.0-0.9","","null","","","","","+","null","","","","","","","",""
"html-keyboard-response","44","529063","0.0-16.0-1.9","","16569.554999936372","textaufgaben","","","","<p>Eine Tennisspielerin spielt Turniere.</p> <p>Sie hat 16 Spiele in dieser Saison gewonnen.</p> <p>Sie hat vor dieser Saison 25 Spiele gewonnen.</p> <p>Wie viele Spiele hat sie in ihrer Karriere gewonnen?</p>","52","25 + 16","c","2","A","C","41","10",""
"html-keyboard-response","45","529208","0.0-16.0-2.9","","143.37499998509884","textaufgaben","","","","<p>Eine Tennisspielerin spielt Turniere.</p> <p>Sie hat 16 Spiele in dieser Saison gewonnen.</p> <p>Sie hat vor dieser Saison 25 Spiele gewonnen.</p> <p>Wie viele Spiele hat sie in ihrer Karriere gewonnen?</p>","49","25 + 16","c","2","A","C","41","10",""
"html-keyboard-response","46","530217","0.0-16.0-0.10","","null","","","","","+","null","","","","","","","",""
"html-keyboard-response","47","540946","0.0-16.0-1.10","","10727.334999945015","textaufgaben","","","","<p>Ein Dieb hat einer Frau einige Diamanten gestohlen.</p> <p>Ihr wurden 32 Diamanten gestohlen.</p> <p>Die Frau hatte 53 Diamanten gehabt.</p> <p>Wie viele Diamanten hat sie jetzt?</p>","50","53 - 32","nc","3","S","C","21","18",""
"html-keyboard-response","48","541308","0.0-16.0-2.10","","359.94999995455146","textaufgaben","","","","<p>Ein Dieb hat einer Frau einige Diamanten gestohlen.</p> <p>Ihr wurden 32 Diamanten gestohlen.</p> <p>Die Frau hatte 53 Diamanten gehabt.</p> <p>Wie viele Diamanten hat sie jetzt?</p>","49","53 - 32","nc","3","S","C","21","18",""
"html-keyboard-response","49","542323","0.0-16.0-0.11","","null","","","","","+","null","","","","","","","",""
"html-keyboard-response","50","558027","0.0-16.0-1.11","","15703.260000096634","textaufgaben","","","","<p>Ein paar Freunde suchen Pilze im Wald.</p> <p>Sie haben 65 Pilze gefunden.</p> <p>Sie haben 36 giftige Pilze weggeworfen.</p> <p>Wie viele Pilze haben sie danach?</p>","50","65 - 36","c","4","S","C","29","24",""
"html-keyboard-response","51","558529","0.0-16.0-2.11","","500.2349999267608","textaufgaben","","","","<p>Ein paar Freunde suchen Pilze im Wald.</p> <p>Sie haben 65 Pilze gefunden.</p> <p>Sie haben 36 giftige Pilze weggeworfen.</p> <p>Wie viele Pilze haben sie danach?</p>","57","65 - 36","c","4","S","C","29","24",""
"html-keyboard-response","52","559535","0.0-16.0-0.12","","null","","","","","+","null","","","","","","","",""
"html-keyboard-response","53","566185","0.0-16.0-1.12","","6647.48500008136","textaufgaben","","","","<p>Ein paar Freunde suchen Pilze im Wald.</p> <p>Sie werfen gerade 23 giftige Pilze weg.</p> <p>Sie haben 31 Pilze &uuml;brig.</p> <p>Wie viele Pilze hatten sie fr&uuml;her?</p>","53","31 + 23","nc","5","A","I","54","25",""
"html-keyboard-response","54","566453","0.0-16.0-2.12","","267.2500000335276","textaufgaben","","","","<p>Ein paar Freunde suchen Pilze im Wald.</p> <p>Sie werfen gerade 23 giftige Pilze weg.</p> <p>Sie haben 31 Pilze &uuml;brig.</p> <p>Wie viele Pilze hatten sie fr&uuml;her?</p>","52","31 + 23","nc","5","A","I","54","25",""
"html-keyboard-response","55","567463","0.0-16.0-0.13","","null","","","","","+","null","","","","","","","",""
"html-keyboard-response","56","588014","0.0-16.0-1.13","","20549.484999850392","textaufgaben","","","","<p>Eine Studentin muss W&ouml;rter lernen.</p> <p>Die Studentin hat 53 W&ouml;rtern vergessen.</p> <p>Sie lernt sp&auml;ter 18 andere W&ouml;rter.</p> <p>Wie viele W&ouml;rter m&uuml;sste sie kennen?</p>","55","53 + 18","c","6","A","I","71","33",""
"html-keyboard-response","57","588207","0.0-16.0-2.13","","190.5149999074638","textaufgaben","","","","<p>Eine Studentin muss W&ouml;rter lernen.</p> <p>Die Studentin hat 53 W&ouml;rtern vergessen.</p> <p>Sie lernt sp&auml;ter 18 andere W&ouml;rter.</p> <p>Wie viele W&ouml;rter m&uuml;sste sie kennen?</p>","49","53 + 18","c","6","A","I","71","33",""
"html-keyboard-response","58","589213","0.0-16.0-0.14","","null","","","","","+","null","","","","","","","",""
"html-keyboard-response","59","602654","0.0-16.0-1.14","","13439.444999909028","textaufgaben","","","","<p>Ein Mann spart Geld f&uuml;r einige Anschaffungen.</p> <p>Er hat jetzt 37 Euro.</p> <p>Er hatte 24 Euro verdient.</p> <p>Wie viel Geld hatte er am Anfang?</p>","49","37 - 24","nc","7","S","I","13","41",""
"html-keyboard-response","60","603191","0.0-16.0-2.14","","535.2499999571592","textaufgaben","","","","<p>Ein Mann spart Geld f&uuml;r einige Anschaffungen.</p> <p>Er hat jetzt 37 Euro.</p> <p>Er hatte 24 Euro verdient.</p> <p>Wie viel Geld hatte er am Anfang?</p>","51","37 - 24","nc","7","S","I","13","41",""
"html-keyboard-response","61","604206","0.0-16.0-0.15","","null","","","","","+","null","","","","","","","",""
"html-keyboard-response","62","649228","0.0-16.0-1.15","","45018.875000067055","textaufgaben","","","","<p>Einige Leute wurden zur Party eingeladen.</p> <p>Am Ende sind 41 Leute auf der Party.</p> <p>18 Leute sind davor zur Party gekommen.</p> <p>Wie viele Leute waren am Anfang auf der Party?</p>","53","41 - 18","c","8","S","I","23","47",""
"html-keyboard-response","63","649574","0.0-16.0-2.15","","344.8500002268702","textaufgaben","","","","<p>Einige Leute wurden zur Party eingeladen.</p> <p>Am Ende sind 41 Leute auf der Party.</p> <p>18 Leute sind davor zur Party gekommen.</p> <p>Wie viele Leute waren am Anfang auf der Party?</p>","57","41 - 18","c","8","S","I","23","47",""
"html-keyboard-response","64","650589","0.0-16.0-0.16","","null","","","","","+","null","","","","","","","",""
"html-keyboard-response","65","661912","0.0-16.0-1.16","","11321.134999860078","textaufgaben","","","","<p>Ein M&auml;dchen sammelt B&uuml;cher.</p> <p>Sie hat 35 B&uuml;cher erhalten.</p> <p>Das M&auml;dchen hatte davor 54 B&uuml;cher.</p> <p>Wie viele B&uuml;cher hat sie am Ende?</p>","56","54 + 35","nc","1","A","C","89","4",""
"html-keyboard-response","66","662056","0.0-16.0-2.16","","141.46500010974705","textaufgaben","","","","<p>Ein M&auml;dchen sammelt B&uuml;cher.</p> <p>Sie hat 35 B&uuml;cher erhalten.</p> <p>Das M&auml;dchen hatte davor 54 B&uuml;cher.</p> <p>Wie viele B&uuml;cher hat sie am Ende?</p>","57","54 + 35","nc","1","A","C","89","4",""
"html-keyboard-response","67","663060","0.0-16.0-0.17","","null","","","","","+","null","","","","","","","",""
"html-keyboard-response","68","674251","0.0-16.0-1.17","","11188.540000002831","textaufgaben","","","","<p>Eine Studentin muss W&ouml;rter lernen.</p> <p>Die Studentin kannte 43 W&ouml;rter.</p> <p>Sie hat gerade 19 W&ouml;rter gelernt.</p> <p>Wie viele W&ouml;rter kennt die Studentin am Ende?</p>","54","43 + 19","c","2","A","C","62","7",""
"html-keyboard-response","69","674418","0.0-16.0-2.17","","160.38499982096255","textaufgaben","","","","<p>Eine Studentin muss W&ouml;rter lernen.</p> <p>Die Studentin kannte 43 W&ouml;rter.</p> <p>Sie hat gerade 19 W&ouml;rter gelernt.</p> <p>Wie viele W&ouml;rter kennt die Studentin am Ende?</p>","50","43 + 19","c","2","A","C","62","7",""
"html-keyboard-response","70","675420","0.0-16.0-0.18","","null","","","","","+","null","","","","","","","",""
"html-keyboard-response","71","687598","0.0-16.0-1.18","","12175.894999876618","textaufgaben","","","","<p>Ein Mann spart Geld f&uuml;r einige Anschaffungen.</p> <p>Er hatte 37 Euro gehabt.</p> <p>Er hat 14 Euro ausgegeben.</p> <p>Wie viel Geld hat er am Ende?</p>","50","37 - 14","nc","3","S","C","23","25",""
"html-keyboard-response","72","687777","0.0-16.0-2.18","","176.91499995999038","textaufgaben","","","","<p>Ein Mann spart Geld f&uuml;r einige Anschaffungen.</p> <p>Er hatte 37 Euro gehabt.</p> <p>Er hat 14 Euro ausgegeben.</p> <p>Wie viel Geld hat er am Ende?</p>","51","37 - 14","nc","3","S","C","23","25",""
"html-keyboard-response","73","688788","0.0-16.0-0.19","","null","","","","","+","null","","","","","","","",""
"html-keyboard-response","74","706380","0.0-16.0-1.19","","17589.205000083894","textaufgaben","","","","<p>Eine Marktfrau verkauft &Auml;pfel auf dem Markt.</p> <p>Die Marktfrau kam mit 37 &Auml;pfeln.</p> <p>Sie verkauft 19 &Auml;pfel.</p> <p>Wie viele &Auml;pfel hat sie am Ende?</p>","49","37 - 19","c","4","S","C","18","20",""
"html-keyboard-response","75","706568","0.0-16.0-2.19","","185.910000000149","textaufgaben","","","","<p>Eine Marktfrau verkauft &Auml;pfel auf dem Markt.</p> <p>Die Marktfrau kam mit 37 &Auml;pfeln.</p> <p>Sie verkauft 19 &Auml;pfel.</p> <p>Wie viele &Auml;pfel hat sie am Ende?</p>","56","37 - 19","c","4","S","C","18","20",""
"html-keyboard-response","76","707584","0.0-16.0-0.20","","null","","","","","+","null","","","","","","","",""
"html-keyboard-response","77","715619","0.0-16.0-1.20","","8032.215000130236","textaufgaben","","","","<p>Eine Tennisspielerin spielt Turniere.</p> <p>Sie hatte fr&uuml;her 23 Spiele verloren.</p> <p>Sie hat 14 Spiele in dieser Saison verloren.</p> <p>Wie viele Spiele hat sie in ihrer Karriere verloren?</p>","51","23 + 14","nc","5","A","I","37","28",""
"html-keyboard-response","78","715839","0.0-16.0-2.20","","218.77000015228987","textaufgaben","","","","<p>Eine Tennisspielerin spielt Turniere.</p> <p>Sie hatte fr&uuml;her 23 Spiele verloren.</p> <p>Sie hat 14 Spiele in dieser Saison verloren.</p> <p>Wie viele Spiele hat sie in ihrer Karriere verloren?</p>","55","23 + 14","nc","5","A","I","37","28",""
"html-keyboard-response","79","716845","0.0-16.0-0.21","","null","","","","","+","null","","","","","","","",""
"html-keyboard-response","80","730361","0.0-16.0-1.21","","13514.054999919608","textaufgaben","","","","<p>Eine Marktfrau verkauft &Auml;pfel auf dem Markt.</p> <p>Sie hat jetzt 38 &Auml;pfel.</p> <p>Die Marktfrau hatte davor 26 &Auml;pfel verkauft.</p> <p>Wie viele &Auml;pfel hatte sie am Anfang?</p>","54","38 + 26","c","6","A","I","64","35",""
"html-keyboard-response","81","730543","0.0-16.0-2.21","","180.88999995961785","textaufgaben","","","","<p>Eine Marktfrau verkauft &Auml;pfel auf dem Markt.</p> <p>Sie hat jetzt 38 &Auml;pfel.</p> <p>Die Marktfrau hatte davor 26 &Auml;pfel verkauft.</p> <p>Wie viele &Auml;pfel hatte sie am Anfang?</p>","52","38 + 26","c","6","A","I","64","35",""
"html-keyboard-response","82","731553","0.0-16.0-0.22","","null","","","","","+","null","","","","","","","",""
"html-keyboard-response","83","747408","0.0-16.0-1.22","","15853.800000157207","textaufgaben","","","","<p>Ein Dieb hat einer Frau einige Diamanten gestohlen.</p> <p>Die Polizei hat 13 Diamanten wiedergefunden.</p> <p>Der Dieb hatte ihr 37 Diamanten gestohlen.</p> <p>Wie viele Diamanten muss die Polizei noch finden?</p>","50","37 - 13","nc","7","S","I","14","38",""
"html-keyboard-response","84","747694","0.0-16.0-2.22","","283.9600001461804","textaufgaben","","","","<p>Ein Dieb hat einer Frau einige Diamanten gestohlen.</p> <p>Die Polizei hat 13 Diamanten wiedergefunden.</p> <p>Der Dieb hatte ihr 37 Diamanten gestohlen.</p> <p>Wie viele Diamanten muss die Polizei noch finden?</p>","52","37 - 13","nc","7","S","I","14","38",""
"html-keyboard-response","85","748697","0.0-16.0-0.23","","null","","","","","+","null","","","","","","","",""
"html-keyboard-response","86","761203","0.0-16.0-1.23","","12504.369999980554","textaufgaben","","","","<p>Eine Studentin muss W&ouml;rter lernen.</p> <p>Die Studentin hat 13 W&ouml;rter gelernt.</p> <p>Sie kennt jetzt 31 W&ouml;rter.</p> <p>Wie viele W&ouml;rter hatte sie am Anfang gekonnt?</p>","49","31 - 13","c","8","S","I","18","45",""
"html-keyboard-response","87","761452","0.0-16.0-2.23","","247.28000001050532","textaufgaben","","","","<p>Eine Studentin muss W&ouml;rter lernen.</p> <p>Die Studentin hat 13 W&ouml;rter gelernt.</p> <p>Sie kennt jetzt 31 W&ouml;rter.</p> <p>Wie viele W&ouml;rter hatte sie am Anfang gekonnt?</p>","56","31 - 13","c","8","S","I","18","45",""
"html-keyboard-response","88","762460","0.0-16.0-0.24","","null","","","","","+","null","","","","","","","",""
"html-keyboard-response","89","773088","0.0-16.0-1.24","","10625.345000065863","textaufgaben","","","","<p>Eine Studentin muss W&ouml;rter lernen.</p> <p>Die Studentin kannte 52 W&ouml;rter.</p> <p>Sie lernte gerade 26 W&ouml;rter.</p> <p>Wie viele W&ouml;rter kennt die Studentin am Ende?</p>","55","52 + 26","nc","1","A","C","78","3",""
"html-keyboard-response","90","773116","0.0-16.0-2.24","","26.465000119060278","textaufgaben","","","","<p>Eine Studentin muss W&ouml;rter lernen.</p> <p>Die Studentin kannte 52 W&ouml;rter.</p> <p>Sie lernte gerade 26 W&ouml;rter.</p> <p>Wie viele W&ouml;rter kennt die Studentin am Ende?</p>","56","52 + 26","nc","1","A","C","78","3",""
"html-keyboard-response","91","774128","0.0-16.0-0.25","","null","","","","","+","null","","","","","","","",""
"html-keyboard-response","92","793543","0.0-16.0-1.25","","19413.270000135526","textaufgaben","","","","<p>Einige Leute wurden zur Party eingeladen.</p> <p>19 Leute sind sp&auml;ter gekommen.</p> <p>Es waren anfangs 24 Leute auf der Party.</p> <p>Wie viele Leute waren am Ende auf der Party?</p>","52","24 + 19","c","2","A","C","43","8",""
"html-keyboard-response","93","793662","0.0-16.0-2.25","","117.28000012226403","textaufgaben","","","","<p>Einige Leute wurden zur Party eingeladen.</p> <p>19 Leute sind sp&auml;ter gekommen.</p> <p>Es waren anfangs 24 Leute auf der Party.</p> <p>Wie viele Leute waren am Ende auf der Party?</p>","51","24 + 19","c","2","A","C","43","8",""
"html-keyboard-response","94","794677","0.0-16.0-0.26","","null","","","","","+","null","","","","","","","",""
"html-keyboard-response","95","802427","0.0-16.0-1.26","","7748.394999885932","textaufgaben","","","","<p>Ein M&auml;dchen sammelt B&uuml;cher.</p> <p>Das M&auml;dchen hat 28 B&uuml;cher.</p> <p>Sie verschenkt 13 B&uuml;cher an ihre Freunde.</p> <p>Wie viele B&uuml;cher hat sie am Ende?</p>","49","28 - 13","nc","3","S","C","15","17",""
"html-keyboard-response","96","802875","0.0-16.0-2.26","","445.7050000783056","textaufgaben","","","","<p>Ein M&auml;dchen sammelt B&uuml;cher.</p> <p>Das M&auml;dchen hat 28 B&uuml;cher.</p> <p>Sie verschenkt 13 B&uuml;cher an ihre Freunde.</p> <p>Wie viele B&uuml;cher hat sie am Ende?</p>","53","28 - 13","nc","3","S","C","15","17",""
"html-keyboard-response","97","803879","0.0-16.0-0.27","","null","","","","","+","null","","","","","","","",""
"html-keyboard-response","98","815509","0.0-16.0-1.27","","11627.949999878183","textaufgaben","","","","<p>Einige Leute wurden zur Party eingeladen.</p> <p>41 Leute sind zur Party gekommen.</p> <p>25 Leute haben die Party fr&uuml;her verlassen.</p> <p>Wie viele Leute sind jetzt auf der Party?</p>","49","41 - 25","c","4","S","C","16","23",""
"html-keyboard-response","99","816278","0.0-16.0-2.27","","766.7599997948855","textaufgaben","","","","<p>Einige Leute wurden zur Party eingeladen.</p> <p>41 Leute sind zur Party gekommen.</p> <p>25 Leute haben die Party fr&uuml;her verlassen.</p> <p>Wie viele Leute sind jetzt auf der Party?</p>","54","41 - 25","c","4","S","C","16","23",""
"html-keyboard-response","100","817285","0.0-16.0-0.28","","null","","","","","+","null","","","","","","","",""
"html-keyboard-response","101","830969","0.0-16.0-1.28","","13682.435000082478","textaufgaben","","","","<p>Eine Marktfrau verkauft &Auml;pfel auf dem Markt.</p> <p>Die Marktfrau verkauft 13 &Auml;pfel.</p> <p>Sie hat danach 36 &Auml;pfel.</p> <p>Wie viele &Auml;pfel hatte sie am Anfang?</p>","52","36 + 13","nc","5","A","I","49","26",""
"html-keyboard-response","102","831721","0.0-16.0-2.28","","750.5300000775605","textaufgaben","","","","<p>Eine Marktfrau verkauft &Auml;pfel auf dem Markt.</p> <p>Die Marktfrau verkauft 13 &Auml;pfel.</p> <p>Sie hat danach 36 &Auml;pfel.</p> <p>Wie viele &Auml;pfel hatte sie am Anfang?</p>","57","36 + 13","nc","5","A","I","49","26",""
"html-keyboard-response","103","832733","0.0-16.0-0.29","","null","","","","","+","null","","","","","","","",""
"html-keyboard-response","104","845762","0.0-16.0-1.29","","13026.575000025332","textaufgaben","","","","<p>Ein paar Freunde suchen Pilze im Wald.</p> <p>Sie werfen gerade 19 giftige Pilze weg.</p> <p>Sie haben 45 Pilze.</p> <p>Wie viele Pilze hatten sie davor?</p>","54","45 + 19","c","6","A","I","64","32",""
"html-keyboard-response","105","846297","0.0-16.0-2.29","","532.9050000291318","textaufgaben","","","","<p>Ein paar Freunde suchen Pilze im Wald.</p> <p>Sie werfen gerade 19 giftige Pilze weg.</p> <p>Sie haben 45 Pilze.</p> <p>Wie viele Pilze hatten sie davor?</p>","52","45 + 19","c","6","A","I","64","32",""
"html-keyboard-response","106","847302","0.0-16.0-0.30","","null","","","","","+","null","","","","","","","",""
"html-keyboard-response","107","859974","0.0-16.0-1.30","","12668.704999843612","textaufgaben","","","","<p>Einige Leute wurden zur Party eingeladen.</p> <p>Es sind 25 Leute auf der Party.</p> <p>12 Leute sind sp&auml;ter gekommen.</p> <p>Wie viele Leute waren am Anfang auf der Party?</p>","49","25 - 12","nc","7","S","I","13","37",""
"html-keyboard-response","108","860112","0.0-16.0-2.30","","136.5900000091642","textaufgaben","","","","<p>Einige Leute wurden zur Party eingeladen.</p> <p>Es sind 25 Leute auf der Party.</p> <p>12 Leute sind sp&auml;ter gekommen.</p> <p>Wie viele Leute waren am Anfang auf der Party?</p>","51","25 - 12","nc","7","S","I","13","37",""
"html-keyboard-response","109","861124","0.0-16.0-0.31","","null","","","","","+","null","","","","","","","",""
"html-keyboard-response","110","874911","0.0-16.0-1.31","","13785.625000018626","textaufgaben","","","","<p>Ein Dieb hat einer Frau einige Diamanten gestohlen.</p> <p>Der Dieb hatte ihr 54 Diamanten gestohlen.</p> <p>Die Polizei findet 28 Diamanten wieder.</p> <p>Wie viele Diamanten muss die Polizei noch finden?</p>","50","54 - 28","c","8","S","I","26","46",""
"html-keyboard-response","111","875078","0.0-16.0-2.31","","165.57499999180436","textaufgaben","","","","<p>Ein Dieb hat einer Frau einige Diamanten gestohlen.</p> <p>Der Dieb hatte ihr 54 Diamanten gestohlen.</p> <p>Die Polizei findet 28 Diamanten wieder.</p> <p>Wie viele Diamanten muss die Polizei noch finden?</p>","54","54 - 28","c","8","S","I","26","46",""
"html-keyboard-response","112","876094","0.0-16.0-0.32","","null","","","","","+","null","","","","","","","",""
"html-keyboard-response","113","886538","0.0-16.0-1.32","","10439.625000115484","textaufgaben","","","","<p>Einige Leute wurden zur Party eingeladen.</p> <p>12 Leute sind sp&auml;ter gekommen.</p> <p>Es waren davor 75 Leute auf der Party.</p> <p>Wie viele Leute waren am Ende auf der Party?</p>","56","75 + 12","nc","1","A","C","87","6",""
"html-keyboard-response","114","887298","0.0-16.0-2.32","","759.0300000738353","textaufgaben","","","","<p>Einige Leute wurden zur Party eingeladen.</p> <p>12 Leute sind sp&auml;ter gekommen.</p> <p>Es waren davor 75 Leute auf der Party.</p> <p>Wie viele Leute waren am Ende auf der Party?</p>","55","75 + 12","nc","1","A","C","87","6",""
"html-keyboard-response","115","888310","0.0-16.0-0.33","","null","","","","","+","null","","","","","","","",""
"html-keyboard-response","116","905264","0.0-16.0-1.33","","16952.204999979585","textaufgaben","","","","<p>Eine Marktfrau verkauft &Auml;pfel auf dem Markt.</p> <p>Die Marktfrau kam mit 56 &Auml;pfeln.</p> <p>Sie hat 27 &Auml;pfel geliefert bekommen.</p> <p>Wie viele &Auml;pfel hat sie am Ende?</p>","56","56 + 27","c","2","A","C","83","12",""
"html-keyboard-response","117","905895","0.0-16.0-2.33","","628.8749999366701","textaufgaben","","","","<p>Eine Marktfrau verkauft &Auml;pfel auf dem Markt.</p> <p>Die Marktfrau kam mit 56 &Auml;pfeln.</p> <p>Sie hat 27 &Auml;pfel geliefert bekommen.</p> <p>Wie viele &Auml;pfel hat sie am Ende?</p>","52","56 + 27","c","2","A","C","83","12",""
"html-keyboard-response","118","906907","0.0-16.0-0.34","","null","","","","","+","null","","","","","","","",""
"html-keyboard-response","119","917233","0.0-16.0-1.34","","10324.480000184849","textaufgaben","","","","<p>Eine Studentin muss W&ouml;rter lernen.</p> <p>Die Studentin vergisst 12 W&ouml;rter.</p> <p>Sie hat am Anfang 58 W&ouml;rter gelernt.</p> <p>Wie viele W&ouml;rter hat sie richtig gelernt?</p>","52","58 - 12","nc","3","S","C","46","14",""
"html-keyboard-response","120","917548","0.0-16.0-2.34","","313.15500009804964","textaufgaben","","","","<p>Eine Studentin muss W&ouml;rter lernen.</p> <p>Die Studentin vergisst 12 W&ouml;rter.</p> <p>Sie hat am Anfang 58 W&ouml;rter gelernt.</p> <p>Wie viele W&ouml;rter hat sie richtig gelernt?</p>","54","58 - 12","nc","3","S","C","46","14",""
"html-keyboard-response","121","918554","0.0-16.0-0.35","","null","","","","","+","null","","","","","","","",""
"html-keyboard-response","122","930533","0.0-16.0-1.35","","11976.950000040233","textaufgaben","","","","<p>Eine Tennisspielerin spielt Turniere.</p> <p>Sie verlor 18 Spiele.</p> <p>Sie hat in dieser Saison 34 Spiele gespielt.</p> <p>Wie viele Spiele hat sie gewonnen?</p>","49","34 - 18","c","4","S","C","16","21",""
"html-keyboard-response","123","930728","0.0-16.0-2.35","","193.059999961406","textaufgaben","","","","<p>Eine Tennisspielerin spielt Turniere.</p> <p>Sie verlor 18 Spiele.</p> <p>Sie hat in dieser Saison 34 Spiele gespielt.</p> <p>Wie viele Spiele hat sie gewonnen?</p>","54","34 - 18","c","4","S","C","16","21",""
"html-keyboard-response","124","931732","0.0-16.0-0.36","","null","","","","","+","null","","","","","","","",""
"html-keyboard-response","125","948436","0.0-16.0-1.36","","16703.27499997802","textaufgaben","","","","<p>Einige Leute wurden zur Party eingeladen.</p> <p>72 Leute haben die Party verlassen.</p> <p>Es blieben danach 26 Leute.</p> <p>Wie viele Leute waren zur Party gekommen?</p>","57","72 + 26","nc","5","A","I","98","27",""
"html-keyboard-response","126","948770","0.0-16.0-2.36","","331.5500000026077","textaufgaben","","","","<p>Einige Leute wurden zur Party eingeladen.</p> <p>72 Leute haben die Party verlassen.</p> <p>Es blieben danach 26 Leute.</p> <p>Wie viele Leute waren zur Party gekommen?</p>","56","72 + 26","nc","5","A","I","98","27",""
"html-keyboard-response","127","949781","0.0-16.0-0.37","","null","","","","","+","null","","","","","","","",""
"html-keyboard-response","128","969880","0.0-16.0-1.37","","20096.559999976307","textaufgaben","","","","<p>Eine Tennisspielerin spielt Turniere.</p> <p>Sie hat in dieser Saison 17 Spiele verloren.</p> <p>Sie hatte fr&uuml;her 76 Spiele verloren.</p> <p>Wie viele Spiele hat sie in ihrer Karriere verloren?</p>","57","76 + 17","c","6","A","I","93","36",""
"html-keyboard-response","129","970343","0.0-16.0-2.37","","461.69500006362796","textaufgaben","","","","<p>Eine Tennisspielerin spielt Turniere.</p> <p>Sie hat in dieser Saison 17 Spiele verloren.</p> <p>Sie hatte fr&uuml;her 76 Spiele verloren.</p> <p>Wie viele Spiele hat sie in ihrer Karriere verloren?</p>","51","76 + 17","c","6","A","I","93","36",""
"html-keyboard-response","130","971360","0.0-16.0-0.38","","null","","","","","+","null","","","","","","","",""
"html-keyboard-response","131","986752","0.0-16.0-1.38","","15389.214999973774","textaufgaben","","","","<p>Eine Tennisspielerin spielt Turniere.</p> <p>Sie hat in dieser Saison 29 Spiele gespielt.</p> <p>Sie gewann 13 Spiele.</p> <p>Wie viele Spiele hatte sie verloren?</p>","49","29 - 13","nc","7","S","I","16","39",""
"html-keyboard-response","132","987048","0.0-16.0-2.38","","294.24000019207597","textaufgaben","","","","<p>Eine Tennisspielerin spielt Turniere.</p> <p>Sie hat in dieser Saison 29 Spiele gespielt.</p> <p>Sie gewann 13 Spiele.</p> <p>Wie viele Spiele hatte sie verloren?</p>","54","29 - 13","nc","7","S","I","16","39",""
"html-keyboard-response","133","988050","0.0-16.0-0.39","","null","","","","","+","null","","","","","","","",""
"html-keyboard-response","134","997811","0.0-16.0-1.39","","9757.969999918714","textaufgaben","","","","<p>Ein Mann spart Geld f&uuml;r einige Anschaffungen.</p> <p>Er verdient heute 19 Euro.</p> <p>Er hat jetzt 37 Euro.</p> <p>Wie viel Geld hatte er am Anfang?</p>","49","37 - 19","c","8","S","I","18","44",""
"html-keyboard-response","135","997959","0.0-16.0-2.39","","146.37500001117587","textaufgaben","","","","<p>Ein Mann spart Geld f&uuml;r einige Anschaffungen.</p> <p>Er verdient heute 19 Euro.</p> <p>Er hat jetzt 37 Euro.</p> <p>Wie viel Geld hatte er am Anfang?</p>","56","37 - 19","c","8","S","I","18","44",""
"html-keyboard-response","136","998974","0.0-16.0-0.40","","null","","","","","+","null","","","","","","","",""
"html-keyboard-response","137","1010979","0.0-16.0-1.40","","12003.62000009045","textaufgaben","","","","<p>Ein Dieb hat einer Frau einige Diamanten gestohlen.</p> <p>Nach dem Diebstahl hatte sie 23 Diamanten.</p> <p>Die Polizei findet 15 Diamanten wieder.</p> <p>Wie viele Diamanten hat die Frau am Ende?</p>","51","23 + 15","nc","1","A","C","38","5",""
"html-keyboard-response","138","1011114","0.0-16.0-2.40","","133.05499986745417","textaufgaben","","","","<p>Ein Dieb hat einer Frau einige Diamanten gestohlen.</p> <p>Nach dem Diebstahl hatte sie 23 Diamanten.</p> <p>Die Polizei findet 15 Diamanten wieder.</p> <p>Wie viele Diamanten hat die Frau am Ende?</p>","56","23 + 15","nc","1","A","C","38","5",""
"html-keyboard-response","139","1012131","0.0-16.0-0.41","","null","","","","","+","null","","","","","","","",""
"html-keyboard-response","140","1023930","0.0-16.0-1.41","","11797.529999865219","textaufgaben","","","","<p>Ein M&auml;dchen sammelt B&uuml;cher.</p> <p>Sie erh&auml;lt 18 B&uuml;cher.</p> <p>Das M&auml;dchen hatte am Anfang 46 B&uuml;cher gehabt.</p> <p>Wie viele B&uuml;cher hat sie am Ende?</p>","54","46 + 18","c","2","A","C","64","11",""
"html-keyboard-response","141","1024041","0.0-16.0-2.41","","108.78000012598932","textaufgaben","","","","<p>Ein M&auml;dchen sammelt B&uuml;cher.</p> <p>Sie erh&auml;lt 18 B&uuml;cher.</p> <p>Das M&auml;dchen hatte am Anfang 46 B&uuml;cher gehabt.</p> <p>Wie viele B&uuml;cher hat sie am Ende?</p>","52","46 + 18","c","2","A","C","64","11",""
"html-keyboard-response","142","1025043","0.0-16.0-0.42","","null","","","","","+","null","","","","","","","",""
"html-keyboard-response","143","1031738","0.0-16.0-1.42","","6692.855000030249","textaufgaben","","","","<p>Eine Tennisspielerin spielt Turniere.</p> <p>Sie hat in dieser Saison 59 Spiele gespielt.</p> <p>Sie hat 41 Spiele verloren.</p> <p>Wie viele Spiele hat sie gewonnen?</p>","49","59 - 41","nc","3","S","C","18","16",""
"html-keyboard-response","144","1032496","0.0-16.0-2.42","","756.5500000491738","textaufgaben","","","","<p>Eine Tennisspielerin spielt Turniere.</p> <p>Sie hat in dieser Saison 59 Spiele gespielt.</p> <p>Sie hat 41 Spiele verloren.</p> <p>Wie viele Spiele hat sie gewonnen?</p>","56","59 - 41","nc","3","S","C","18","16",""
"html-keyboard-response","145","1033498","0.0-16.0-0.43","","null","","","","","+","null","","","","","","","",""
"html-keyboard-response","146","1056019","0.0-16.0-1.43","","22518.130000215024","textaufgaben","","","","<p>Ein M&auml;dchen sammelt B&uuml;cher.</p> <p>Das M&auml;dchen verschenkt 17 B&uuml;cher.</p> <p>Sie hatte 46 B&uuml;cher  mitgebracht.</p> <p>Wie viele B&uuml;cher hat sie am Ende?</p>","50","46 - 17","c","4","S","C","29","22",""
"html-keyboard-response","147","1056110","0.0-16.0-2.43","","89.15499993599951","textaufgaben","","","","<p>Ein M&auml;dchen sammelt B&uuml;cher.</p> <p>Das M&auml;dchen verschenkt 17 B&uuml;cher.</p> <p>Sie hatte 46 B&uuml;cher  mitgebracht.</p> <p>Wie viele B&uuml;cher hat sie am Ende?</p>","57","46 - 17","c","4","S","C","29","22",""
"html-keyboard-response","148","1057120","0.0-16.0-0.44","","null","","","","","+","null","","","","","","","",""
"html-keyboard-response","149","1070977","0.0-16.0-1.44","","13854.779999936","textaufgaben","","","","<p>Ein Mann spart Geld f&uuml;r einige Anschaffungen.</p> <p>Er hat jetzt 13 Euro.</p> <p>Er hat davor 65 Euro ausgegeben.</p> <p>Wie viel Geld hatte der Mann?</p>","55","65 + 13","nc","5","A","I","78","30",""
"html-keyboard-response","150","1071103","0.0-16.0-2.44","","124.63500001467764","textaufgaben","","","","<p>Ein Mann spart Geld f&uuml;r einige Anschaffungen.</p> <p>Er hat jetzt 13 Euro.</p> <p>Er hat davor 65 Euro ausgegeben.</p> <p>Wie viel Geld hatte der Mann?</p>","56","65 + 13","nc","5","A","I","78","30",""
"html-keyboard-response","151","1072116","0.0-16.0-0.45","","null","","","","","+","null","","","","","","","",""
"html-keyboard-response","152","1093932","0.0-16.0-1.45","","21815.500000026077","textaufgaben","","","","<p>Ein M&auml;dchen sammelt B&uuml;cher.</p> <p>Das M&auml;dchen verschenkt 25 B&uuml;cher.</p> <p>Sie hat danach 17 B&uuml;cher.</p> <p>Wie viele B&uuml;cher hatte sie am Anfang?</p>","52","25 + 17","c","6","A","I","42","34",""
"html-keyboard-response","153","1094109","0.0-16.0-2.45","","175.28000008314848","textaufgaben","","","","<p>Ein M&auml;dchen sammelt B&uuml;cher.</p> <p>Das M&auml;dchen verschenkt 25 B&uuml;cher.</p> <p>Sie hat danach 17 B&uuml;cher.</p> <p>Wie viele B&uuml;cher hatte sie am Anfang?</p>","50","25 + 17","c","6","A","I","42","34",""
"html-keyboard-response","154","1095123","0.0-16.0-0.46","","null","","","","","+","null","","","","","","","",""
"html-keyboard-response","155","1107446","0.0-16.0-1.46","","12321.405000053346","textaufgaben","","","","<p>Eine Studentin muss W&ouml;rter lernen.</p> <p>Die Studentin hat 42 W&ouml;rter gelernt.</p> <p>Sie kennt jetzt 68 W&ouml;rter.</p> <p>Wie viele W&ouml;rter hatte sie am Anfang gekonnt?</p>","50","68 - 42","nc","7","S","I","26","40",""
"html-keyboard-response","156","1108166","0.0-16.0-2.46","","718.0149999912828","textaufgaben","","","","<p>Eine Studentin muss W&ouml;rter lernen.</p> <p>Die Studentin hat 42 W&ouml;rter gelernt.</p> <p>Sie kennt jetzt 68 W&ouml;rter.</p> <p>Wie viele W&ouml;rter hatte sie am Anfang gekonnt?</p>","54","68 - 42","nc","7","S","I","26","40",""
"html-keyboard-response","157","1109182","0.0-16.0-0.47","","null","","","","","+","null","","","","","","","",""
"html-keyboard-response","158","1124665","0.0-16.0-1.47","","15480.695000151172","textaufgaben","","","","<p>Ein paar Freunde suchen Pilze im Wald.</p> <p>Sie haben am Ende 31 Pilze.</p> <p>Sie haben davor 12 Pilze gesammelt.</p> <p>Wie viele Pilze hatten sie am Anfang?</p>","49","31 - 12","c","8","S","I","19","43",""
"html-keyboard-response","159","1124834","0.0-16.0-2.47","","167.58999996818602","textaufgaben","","","","<p>Ein paar Freunde suchen Pilze im Wald.</p> <p>Sie haben am Ende 31 Pilze.</p> <p>Sie haben davor 12 Pilze gesammelt.</p> <p>Wie viele Pilze hatten sie am Anfang?</p>","57","31 - 12","c","8","S","I","19","43",""
"html-keyboard-response","160","1127549","0.0-17.0","","2713.854999979958","","","","","Die Aufgabe ist vorbei. Bitte dr&uuml;cken Sie eine Taste um fortzufahren!","32","","","","","","","",""
"instructions","161","1145150","0.0-18.0","","","instruktion_Rechenaufgaben","","","","","","","","","","","","","Sie haben alle Aufgaben vor Ende der Zeit erledigt!"
