"trial_type","trial_index","time_elapsed","internal_node_id","view_history","rt","test_part","responses","question_order","success","stimulus","key_press","task","type","condition","operation","consistency","correct_response","task_id","button_pressed","status"
"pavlovia","0","17","0.0-0.0","","","","","","","","","","","","","","","","",""
"instructions","1","41195","0.0-1.0","[{""page_index"":0,""viewing_time"":40046},{""page_index"":1,""viewing_time"":1127}]","41175","teilnehmerinfo","","","","","","","","","","","","","",""
"survey-multi-select","2","85136","0.0-2.0","","43934","Einverstaendniserklaerung","{""einverstaendnis;"":[""Ich erkl&auml;re mich damit einverstanden, an der Studie teilzunehmen!""]}","[0]","","","","","","","","","","","",""
"fullscreen","3","87943","0.0-3.0","","","","","","true","","","","","","","","","","",""
"survey-text","4","91529","0.0-4.0","","3480","demoFragen_Seite_1","{""Alter"":""32""}","","","","","","","","","","","","",""
"survey-multi-choice","5","104308","0.0-5.0","","12773","demoFragen_Seite_2","{""handedneß"":"" rechtshändig "",""sex"":"" weiblich "",""firstlanguage"":"" ja "",""ethnic"":"" Weiß ""}","[0,1,2,3]","","","","","","","","","","","",""
"survey-multi-choice","6","119689","0.0-6.0","","15374","demoFragen_Seite_3","{""legasthenie"":"" nein "",""dyskalkulie"":"" nein "",""student"":"" keine Angabe "",""beschäftigung"":"" keine Angabe ""}","[0,1,2,3]","","","","","","","","","","","",""
"survey-multi-choice","7","136472","0.0-7.0","","16780","demoFragen_Seite_4","{""bildung"":"" keine Angabe "",""educationmath"":"" wenig (z.B. Literatur, Sprachen, Kultur, Medien, Philosophie, Theologie) "",""workmath"":"" wenig (z.B. Literatur, Sprachen, Kultur, Medien, Philosophie, Theologie) ""}","[0,1,2]","","","","","","","","","","","",""
"instructions","8","161653","0.0-8.0","[{""page_index"":0,""viewing_time"":25180}]","25180","Instruktion_GAD","","","","","","","","","","","","","",""
"survey-likert","9","192385","0.0-9.0","","30727","GAD","{""GADa"":1,""GADb"":0,""GADc"":1,""GADd"":1,""GADe"":1,""GADf"":1,""GADg"":0}","[0,1,2,3,4,5,6]","","","","","","","","","","","",""
"instructions","10","194553","0.0-10.0","[{""page_index"":0,""viewing_time"":2166}]","2166","Instruktion_STAI","","","","","","","","","","","","","",""
"survey-likert","11","209657","0.0-11.0","","15099","STAI","{""STAI1"":2,""STAI2"":1,""STAI3"":1,""STAI4"":1,""STAI5"":2}","[0,1,2,3,4]","","","","","","","","","","","",""
"instructions","12","212122","0.0-12.0","[{""page_index"":0,""viewing_time"":2464}]","2464","Instruktion_AMAS","","","","","","","","","","","","","",""
"survey-likert","13","259421","0.0-13.0","","47293","AMAS","{""AMAS1"":2,""AMAS2"":1,""AMAS3"":1,""AMAS4"":1,""AMAS5"":1,""AMAS6"":0,""AMAS7"":0,""AMAS8"":1,""AMAS9"":0}","[0,1,2,3,4,5,6,7,8]","","","","","","","","","","","",""
"instructions","14","260918","0.0-14.0","[{""page_index"":0,""viewing_time"":1495}]","1495","Instruktion_TEXT","","","","","","","","","","","","","",""
"instructions","15","271595","0.0-15.0","[{""page_index"":0,""viewing_time"":10676}]","10676","Instruktion_TEXT_Beispiel","","","","","","","","","","","","","",""
"html-keyboard-response","16","272598","0.0-16.0-0.0","","null","","","","","+","null","","","","","","","","",""
"html-keyboard-response","17","290938","0.0-16.0-1.0","","18338","textaufgaben","","","","<p>Ein M&auml;dchen sammelt B&uuml;cher.</p> <p>Sie hat 35 B&uuml;cher erhalten.</p> <p>Das M&auml;dchen hatte davor 54 B&uuml;cher.</p> <p>Wie viele B&uuml;cher hat sie am Ende?</p>","56","54 + 35","nc","1","A","C","89","4","",""
"html-keyboard-response","18","291531","0.0-16.0-2.0","","590","textaufgaben","","","","<p>Ein M&auml;dchen sammelt B&uuml;cher.</p> <p>Sie hat 35 B&uuml;cher erhalten.</p> <p>Das M&auml;dchen hatte davor 54 B&uuml;cher.</p> <p>Wie viele B&uuml;cher hat sie am Ende?</p>","57","54 + 35","nc","1","A","C","89","4","",""
"html-keyboard-response","19","292538","0.0-16.0-0.1","","null","","","","","+","null","","","","","","","","",""
"html-keyboard-response","20","298884","0.0-16.0-1.1","","6345","textaufgaben","","","","<p>Einige Leute wurden zur Party eingeladen.</p> <p>19 Leute sind sp&auml;ter gekommen.</p> <p>Es waren anfangs 24 Leute auf der Party.</p> <p>Wie viele Leute waren am Ende auf der Party?</p>","52","24 + 19","c","2","A","C","43","8","",""
"html-keyboard-response","21","299089","0.0-16.0-2.1","","203","textaufgaben","","","","<p>Einige Leute wurden zur Party eingeladen.</p> <p>19 Leute sind sp&auml;ter gekommen.</p> <p>Es waren anfangs 24 Leute auf der Party.</p> <p>Wie viele Leute waren am Ende auf der Party?</p>","51","24 + 19","c","2","A","C","43","8","",""
"html-keyboard-response","22","300098","0.0-16.0-0.2","","null","","","","","+","null","","","","","","","","",""
"html-keyboard-response","23","309039","0.0-16.0-1.2","","8940","textaufgaben","","","","<p>Eine Tennisspielerin spielt Turniere.</p> <p>Sie hat in dieser Saison 59 Spiele gespielt.</p> <p>Sie hat 41 Spiele verloren.</p> <p>Wie viele Spiele hat sie gewonnen?</p>","49","59 - 41","nc","3","S","C","18","16","",""
"html-keyboard-response","24","309482","0.0-16.0-2.2","","441","textaufgaben","","","","<p>Eine Tennisspielerin spielt Turniere.</p> <p>Sie hat in dieser Saison 59 Spiele gespielt.</p> <p>Sie hat 41 Spiele verloren.</p> <p>Wie viele Spiele hat sie gewonnen?</p>","56","59 - 41","nc","3","S","C","18","16","",""
"html-keyboard-response","25","310487","0.0-16.0-0.3","","null","","","","","+","null","","","","","","","","",""
"html-keyboard-response","26","318296","0.0-16.0-1.3","","7808","textaufgaben","","","","<p>Ein paar Freunde suchen Pilze im Wald.</p> <p>Sie haben 65 Pilze gefunden.</p> <p>Sie haben 36 giftige Pilze weggeworfen.</p> <p>Wie viele Pilze haben sie danach?</p>","50","65 - 36","c","4","S","C","29","24","",""
"html-keyboard-response","27","318674","0.0-16.0-2.3","","378","textaufgaben","","","","<p>Ein paar Freunde suchen Pilze im Wald.</p> <p>Sie haben 65 Pilze gefunden.</p> <p>Sie haben 36 giftige Pilze weggeworfen.</p> <p>Wie viele Pilze haben sie danach?</p>","57","65 - 36","c","4","S","C","29","24","",""
"html-keyboard-response","28","319676","0.0-16.0-0.4","","null","","","","","+","null","","","","","","","","",""
"html-keyboard-response","29","324649","0.0-16.0-1.4","","4972","textaufgaben","","","","<p>Ein Dieb hat einer Frau einige Diamanten gestohlen.</p> <p>Sie hat jetzt 34 Diamanten.</p> <p>Der Dieb hatte ihr 25 Diamanten gestohlen.</p> <p>Wie viele Diamanten hatte die Frau?</p>","57","34 + 25","nc","5","A","I","59","29","",""
"html-keyboard-response","30","326657","0.0-16.0-2.4","","null","textaufgaben","","","","<p>Ein Dieb hat einer Frau einige Diamanten gestohlen.</p> <p>Sie hat jetzt 34 Diamanten.</p> <p>Der Dieb hatte ihr 25 Diamanten gestohlen.</p> <p>Wie viele Diamanten hatte die Frau?</p>","null","34 + 25","nc","5","A","I","59","29","",""
"html-keyboard-response","31","327667","0.0-16.0-0.5","","null","","","","","+","null","","","","","","","","",""
"html-keyboard-response","32","340168","0.0-16.0-1.5","","12499","textaufgaben","","","","<p>Ein paar Freunde suchen Pilze im Wald.</p> <p>Sie werfen gerade 19 giftige Pilze weg.</p> <p>Sie haben 45 Pilze.</p> <p>Wie viele Pilze hatten sie davor?</p>","54","45 + 19","c","6","A","I","64","32","",""
"html-keyboard-response","33","340522","0.0-16.0-2.5","","354","textaufgaben","","","","<p>Ein paar Freunde suchen Pilze im Wald.</p> <p>Sie werfen gerade 19 giftige Pilze weg.</p> <p>Sie haben 45 Pilze.</p> <p>Wie viele Pilze hatten sie davor?</p>","52","45 + 19","c","6","A","I","64","32","",""
"html-keyboard-response","34","341527","0.0-16.0-0.6","","null","","","","","+","null","","","","","","","","",""
"html-keyboard-response","35","347596","0.0-16.0-1.6","","6068","textaufgaben","","","","<p>Eine Tennisspielerin spielt Turniere.</p> <p>Sie hat in dieser Saison 29 Spiele gespielt.</p> <p>Sie gewann 13 Spiele.</p> <p>Wie viele Spiele hatte sie verloren?</p>","49","29 - 13","nc","7","S","I","16","39","",""
"html-keyboard-response","36","348366","0.0-16.0-2.6","","769","textaufgaben","","","","<p>Eine Tennisspielerin spielt Turniere.</p> <p>Sie hat in dieser Saison 29 Spiele gespielt.</p> <p>Sie gewann 13 Spiele.</p> <p>Wie viele Spiele hatte sie verloren?</p>","54","29 - 13","nc","7","S","I","16","39","",""
"html-keyboard-response","37","349376","0.0-16.0-0.7","","null","","","","","+","null","","","","","","","","",""
"html-keyboard-response","38","359444","0.0-16.0-1.7","","10067","textaufgaben","","","","<p>Eine Studentin muss W&ouml;rter lernen.</p> <p>Die Studentin hat 13 W&ouml;rter gelernt.</p> <p>Sie kennt jetzt 31 W&ouml;rter.</p> <p>Wie viele W&ouml;rter hatte sie am Anfang gekonnt?</p>","49","31 - 13","c","8","S","I","18","45","",""
"html-keyboard-response","39","359758","0.0-16.0-2.7","","313","textaufgaben","","","","<p>Eine Studentin muss W&ouml;rter lernen.</p> <p>Die Studentin hat 13 W&ouml;rter gelernt.</p> <p>Sie kennt jetzt 31 W&ouml;rter.</p> <p>Wie viele W&ouml;rter hatte sie am Anfang gekonnt?</p>","56","31 - 13","c","8","S","I","18","45","",""
"html-keyboard-response","40","360766","0.0-16.0-0.8","","null","","","","","+","null","","","","","","","","",""
"html-keyboard-response","41","367194","0.0-16.0-1.8","","6427","textaufgaben","","","","<p>Ein paar Freunde suchen Pilze im Wald.</p> <p>Sie sammeln gerade 13 Pilze.</p> <p>Sie hatten 36 Pilze davor.</p> <p>Wie viele Pilze haben sie am Ende?</p>","52","36 + 13","nc","1","A","C","49","2","",""
"html-keyboard-response","42","367484","0.0-16.0-2.8","","290","textaufgaben","","","","<p>Ein paar Freunde suchen Pilze im Wald.</p> <p>Sie sammeln gerade 13 Pilze.</p> <p>Sie hatten 36 Pilze davor.</p> <p>Wie viele Pilze haben sie am Ende?</p>","57","36 + 13","nc","1","A","C","49","2","",""
"html-keyboard-response","43","368485","0.0-16.0-0.9","","null","","","","","+","null","","","","","","","","",""
"html-keyboard-response","44","377400","0.0-16.0-1.9","","8913","textaufgaben","","","","<p>Ein paar Freunde suchen Pilze im Wald.</p> <p>Sie hatten 67 Pilze.</p> <p>Sie sammeln 15 Pilzen.</p> <p>Wie viele Pilze haben sie am Ende?</p>","56","67 + 15","c","2","A","C","82","9","",""
"html-keyboard-response","45","377806","0.0-16.0-2.9","","405","textaufgaben","","","","<p>Ein paar Freunde suchen Pilze im Wald.</p> <p>Sie hatten 67 Pilze.</p> <p>Sie sammeln 15 Pilzen.</p> <p>Wie viele Pilze haben sie am Ende?</p>","50","67 + 15","c","2","A","C","82","9","",""
"html-keyboard-response","46","378815","0.0-16.0-0.10","","null","","","","","+","null","","","","","","","","",""
"html-keyboard-response","47","388516","0.0-16.0-1.10","","9699","textaufgaben","","","","<p>Ein Dieb hat einer Frau einige Diamanten gestohlen.</p> <p>Ihr wurden 32 Diamanten gestohlen.</p> <p>Die Frau hatte 53 Diamanten gehabt.</p> <p>Wie viele Diamanten hat sie jetzt?</p>","50","53 - 32","nc","3","S","C","21","18","",""
"html-keyboard-response","48","388984","0.0-16.0-2.10","","469","textaufgaben","","","","<p>Ein Dieb hat einer Frau einige Diamanten gestohlen.</p> <p>Ihr wurden 32 Diamanten gestohlen.</p> <p>Die Frau hatte 53 Diamanten gehabt.</p> <p>Wie viele Diamanten hat sie jetzt?</p>","49","53 - 32","nc","3","S","C","21","18","",""
"html-keyboard-response","49","389995","0.0-16.0-0.11","","null","","","","","+","null","","","","","","","","",""
"html-keyboard-response","50","401406","0.0-16.0-1.11","","11411","textaufgaben","","","","<p>Eine Tennisspielerin spielt Turniere.</p> <p>Sie verlor 18 Spiele.</p> <p>Sie hat in dieser Saison 34 Spiele gespielt.</p> <p>Wie viele Spiele hat sie gewonnen?</p>","49","34 - 18","c","4","S","C","16","21","",""
"html-keyboard-response","51","401707","0.0-16.0-2.11","","299","textaufgaben","","","","<p>Eine Tennisspielerin spielt Turniere.</p> <p>Sie verlor 18 Spiele.</p> <p>Sie hat in dieser Saison 34 Spiele gespielt.</p> <p>Wie viele Spiele hat sie gewonnen?</p>","54","34 - 18","c","4","S","C","16","21","",""
"html-keyboard-response","52","402715","0.0-16.0-0.12","","null","","","","","+","null","","","","","","","","",""
"html-keyboard-response","53","412104","0.0-16.0-1.12","","9389","textaufgaben","","","","<p>Einige Leute wurden zur Party eingeladen.</p> <p>72 Leute haben die Party verlassen.</p> <p>Es blieben danach 26 Leute.</p> <p>Wie viele Leute waren zur Party gekommen?</p>","57","72 + 26","nc","5","A","I","98","27","",""
"html-keyboard-response","54","412296","0.0-16.0-2.12","","193","textaufgaben","","","","<p>Einige Leute wurden zur Party eingeladen.</p> <p>72 Leute haben die Party verlassen.</p> <p>Es blieben danach 26 Leute.</p> <p>Wie viele Leute waren zur Party gekommen?</p>","56","72 + 26","nc","5","A","I","98","27","",""
"html-keyboard-response","55","413299","0.0-16.0-0.13","","null","","","","","+","null","","","","","","","","",""
"html-keyboard-response","56","419751","0.0-16.0-1.13","","6452","textaufgaben","","","","<p>Ein M&auml;dchen sammelt B&uuml;cher.</p> <p>Das M&auml;dchen verschenkt 25 B&uuml;cher.</p> <p>Sie hat danach 17 B&uuml;cher.</p> <p>Wie viele B&uuml;cher hatte sie am Anfang?</p>","52","25 + 17","c","6","A","I","42","34","",""
"html-keyboard-response","57","419911","0.0-16.0-2.13","","159","textaufgaben","","","","<p>Ein M&auml;dchen sammelt B&uuml;cher.</p> <p>Das M&auml;dchen verschenkt 25 B&uuml;cher.</p> <p>Sie hat danach 17 B&uuml;cher.</p> <p>Wie viele B&uuml;cher hatte sie am Anfang?</p>","50","25 + 17","c","6","A","I","42","34","",""
"html-keyboard-response","58","420918","0.0-16.0-0.14","","null","","","","","+","null","","","","","","","","",""
"html-keyboard-response","59","427367","0.0-16.0-1.14","","6449","textaufgaben","","","","<p>Eine Studentin muss W&ouml;rter lernen.</p> <p>Die Studentin hat 42 W&ouml;rter gelernt.</p> <p>Sie kennt jetzt 68 W&ouml;rter.</p> <p>Wie viele W&ouml;rter hatte sie am Anfang gekonnt?</p>","50","68 - 42","nc","7","S","I","26","40","",""
"html-keyboard-response","60","427548","0.0-16.0-2.14","","182","textaufgaben","","","","<p>Eine Studentin muss W&ouml;rter lernen.</p> <p>Die Studentin hat 42 W&ouml;rter gelernt.</p> <p>Sie kennt jetzt 68 W&ouml;rter.</p> <p>Wie viele W&ouml;rter hatte sie am Anfang gekonnt?</p>","50","68 - 42","nc","7","S","I","26","40","",""
"html-keyboard-response","61","428558","0.0-16.0-0.15","","null","","","","","+","null","","","","","","","","",""
"html-keyboard-response","62","445628","0.0-16.0-1.15","","17070","textaufgaben","","","","<p>Ein paar Freunde suchen Pilze im Wald.</p> <p>Sie haben am Ende 31 Pilze.</p> <p>Sie haben davor 12 Pilze gesammelt.</p> <p>Wie viele Pilze hatten sie am Anfang?</p>","49","31 - 12","c","8","S","I","19","43","",""
"html-keyboard-response","63","446021","0.0-16.0-2.15","","392","textaufgaben","","","","<p>Ein paar Freunde suchen Pilze im Wald.</p> <p>Sie haben am Ende 31 Pilze.</p> <p>Sie haben davor 12 Pilze gesammelt.</p> <p>Wie viele Pilze hatten sie am Anfang?</p>","57","31 - 12","c","8","S","I","19","43","",""
"html-keyboard-response","64","447027","0.0-16.0-0.16","","null","","","","","+","null","","","","","","","","",""
"html-keyboard-response","65","454975","0.0-16.0-1.16","","7948","textaufgaben","","","","<p>Einige Leute wurden zur Party eingeladen.</p> <p>12 Leute sind sp&auml;ter gekommen.</p> <p>Es waren davor 75 Leute auf der Party.</p> <p>Wie viele Leute waren am Ende auf der Party?</p>","56","75 + 12","nc","1","A","C","87","6","",""
"html-keyboard-response","66","455101","0.0-16.0-2.16","","126","textaufgaben","","","","<p>Einige Leute wurden zur Party eingeladen.</p> <p>12 Leute sind sp&auml;ter gekommen.</p> <p>Es waren davor 75 Leute auf der Party.</p> <p>Wie viele Leute waren am Ende auf der Party?</p>","55","75 + 12","nc","1","A","C","87","6","",""
"html-keyboard-response","67","456107","0.0-16.0-0.17","","null","","","","","+","null","","","","","","","","",""
"html-keyboard-response","68","462331","0.0-16.0-1.17","","6223","textaufgaben","","","","<p>Eine Studentin muss W&ouml;rter lernen.</p> <p>Die Studentin kannte 43 W&ouml;rter.</p> <p>Sie hat gerade 19 W&ouml;rter gelernt.</p> <p>Wie viele W&ouml;rter kennt die Studentin am Ende?</p>","54","43 + 19","c","2","A","C","62","7","",""
"html-keyboard-response","69","462572","0.0-16.0-2.17","","241","textaufgaben","","","","<p>Eine Studentin muss W&ouml;rter lernen.</p> <p>Die Studentin kannte 43 W&ouml;rter.</p> <p>Sie hat gerade 19 W&ouml;rter gelernt.</p> <p>Wie viele W&ouml;rter kennt die Studentin am Ende?</p>","50","43 + 19","c","2","A","C","62","7","",""
"html-keyboard-response","70","463577","0.0-16.0-0.18","","null","","","","","+","null","","","","","","","","",""
"html-keyboard-response","71","470538","0.0-16.0-1.18","","6961","textaufgaben","","","","<p>Eine Marktfrau verkauft &Auml;pfel auf dem Markt.</p> <p>Die Marktfrau verkauft 13 &Auml;pfel.</p> <p>Sie hatte 25 &Auml;pfel mitgebracht.</p> <p>Wie viele &Auml;pfel hat sie am Ende?</p>","49","25 - 13","nc","3","S","C","12","13","",""
"html-keyboard-response","72","470658","0.0-16.0-2.18","","119","textaufgaben","","","","<p>Eine Marktfrau verkauft &Auml;pfel auf dem Markt.</p> <p>Die Marktfrau verkauft 13 &Auml;pfel.</p> <p>Sie hatte 25 &Auml;pfel mitgebracht.</p> <p>Wie viele &Auml;pfel hat sie am Ende?</p>","50","25 - 13","nc","3","S","C","12","13","",""
"html-keyboard-response","73","471666","0.0-16.0-0.19","","null","","","","","+","null","","","","","","","","",""
"html-keyboard-response","74","479328","0.0-16.0-1.19","","7661","textaufgaben","","","","<p>Ein Dieb hat einer Frau einige Diamanten gestohlen.</p> <p>Der Dieb hat ihr 16 Diamanten gestohlen.</p> <p>Sie hatte am Anfang 41 Diamanten gehabt.</p> <p>Wie viele Diamanten hat sie jetzt?</p>","50","41 - 16","c","4","S","C","25","19","",""
"html-keyboard-response","75","479898","0.0-16.0-2.19","","570","textaufgaben","","","","<p>Ein Dieb hat einer Frau einige Diamanten gestohlen.</p> <p>Der Dieb hat ihr 16 Diamanten gestohlen.</p> <p>Sie hatte am Anfang 41 Diamanten gehabt.</p> <p>Wie viele Diamanten hat sie jetzt?</p>","53","41 - 16","c","4","S","C","25","19","",""
"html-keyboard-response","76","480907","0.0-16.0-0.20","","null","","","","","+","null","","","","","","","","",""
"html-keyboard-response","77","490835","0.0-16.0-1.20","","9928","textaufgaben","","","","<p>Eine Tennisspielerin spielt Turniere.</p> <p>Sie hatte fr&uuml;her 23 Spiele verloren.</p> <p>Sie hat 14 Spiele in dieser Saison verloren.</p> <p>Wie viele Spiele hat sie in ihrer Karriere verloren?</p>","51","23 + 14","nc","5","A","I","37","28","",""
"html-keyboard-response","78","490967","0.0-16.0-2.20","","131","textaufgaben","","","","<p>Eine Tennisspielerin spielt Turniere.</p> <p>Sie hatte fr&uuml;her 23 Spiele verloren.</p> <p>Sie hat 14 Spiele in dieser Saison verloren.</p> <p>Wie viele Spiele hat sie in ihrer Karriere verloren?</p>","55","23 + 14","nc","5","A","I","37","28","",""
"html-keyboard-response","79","491976","0.0-16.0-0.21","","null","","","","","+","null","","","","","","","","",""
"html-keyboard-response","80","507602","0.0-16.0-1.21","","15625","textaufgaben","","","","<p>Eine Studentin muss W&ouml;rter lernen.</p> <p>Die Studentin hat 53 W&ouml;rtern vergessen.</p> <p>Sie lernt sp&auml;ter 18 andere W&ouml;rter.</p> <p>Wie viele W&ouml;rter m&uuml;sste sie kennen?</p>","49","53 + 18","c","6","A","I","71","33","",""
"html-keyboard-response","81","508010","0.0-16.0-2.21","","407","textaufgaben","","","","<p>Eine Studentin muss W&ouml;rter lernen.</p> <p>Die Studentin hat 53 W&ouml;rtern vergessen.</p> <p>Sie lernt sp&auml;ter 18 andere W&ouml;rter.</p> <p>Wie viele W&ouml;rter m&uuml;sste sie kennen?</p>","56","53 + 18","c","6","A","I","71","33","",""
"html-keyboard-response","82","509016","0.0-16.0-0.22","","null","","","","","+","null","","","","","","","","",""
"html-keyboard-response","83","520912","0.0-16.0-1.22","","11895","textaufgaben","","","","<p>Ein Dieb hat einer Frau einige Diamanten gestohlen.</p> <p>Die Polizei hat 13 Diamanten wiedergefunden.</p> <p>Der Dieb hatte ihr 37 Diamanten gestohlen.</p> <p>Wie viele Diamanten muss die Polizei noch finden?</p>","50","37 - 13","nc","7","S","I","14","38","",""
"html-keyboard-response","84","521083","0.0-16.0-2.22","","171","textaufgaben","","","","<p>Ein Dieb hat einer Frau einige Diamanten gestohlen.</p> <p>Die Polizei hat 13 Diamanten wiedergefunden.</p> <p>Der Dieb hatte ihr 37 Diamanten gestohlen.</p> <p>Wie viele Diamanten muss die Polizei noch finden?</p>","52","37 - 13","nc","7","S","I","14","38","",""
"html-keyboard-response","85","522085","0.0-16.0-0.23","","null","","","","","+","null","","","","","","","","",""
"html-keyboard-response","86","532588","0.0-16.0-1.23","","10503","textaufgaben","","","","<p>Ein M&auml;dchen sammelt B&uuml;cher.</p> <p>Das M&auml;dchen erh&auml;lt 45 B&uuml;cher.</p> <p>Sie hat danach 74 B&uuml;cher.</p> <p>Wie viele B&uuml;cher hatte sie am Anfang?</p>","50","74 - 45","c","8","S","I","29","48","",""
"html-keyboard-response","87","533127","0.0-16.0-2.23","","538","textaufgaben","","","","<p>Ein M&auml;dchen sammelt B&uuml;cher.</p> <p>Das M&auml;dchen erh&auml;lt 45 B&uuml;cher.</p> <p>Sie hat danach 74 B&uuml;cher.</p> <p>Wie viele B&uuml;cher hatte sie am Anfang?</p>","57","74 - 45","c","8","S","I","29","48","",""
"html-keyboard-response","88","534135","0.0-16.0-0.24","","null","","","","","+","null","","","","","","","","",""
"html-keyboard-response","89","541604","0.0-16.0-1.24","","7467","textaufgaben","","","","<p>Eine Studentin muss W&ouml;rter lernen.</p> <p>Die Studentin kannte 52 W&ouml;rter.</p> <p>Sie lernte gerade 26 W&ouml;rter.</p> <p>Wie viele W&ouml;rter kennt die Studentin am Ende?</p>","55","52 + 26","nc","1","A","C","78","3","",""
"html-keyboard-response","90","541857","0.0-16.0-2.24","","252","textaufgaben","","","","<p>Eine Studentin muss W&ouml;rter lernen.</p> <p>Die Studentin kannte 52 W&ouml;rter.</p> <p>Sie lernte gerade 26 W&ouml;rter.</p> <p>Wie viele W&ouml;rter kennt die Studentin am Ende?</p>","56","52 + 26","nc","1","A","C","78","3","",""
"html-keyboard-response","91","542865","0.0-16.0-0.25","","null","","","","","+","null","","","","","","","","",""
"html-keyboard-response","92","549491","0.0-16.0-1.25","","6623","textaufgaben","","","","<p>Eine Tennisspielerin spielt Turniere.</p> <p>Sie hat 16 Spiele in dieser Saison gewonnen.</p> <p>Sie hat vor dieser Saison 25 Spiele gewonnen.</p> <p>Wie viele Spiele hat sie in ihrer Karriere gewonnen?</p>","52","25 + 16","c","2","A","C","41","10","",""
"html-keyboard-response","93","549709","0.0-16.0-2.25","","217","textaufgaben","","","","<p>Eine Tennisspielerin spielt Turniere.</p> <p>Sie hat 16 Spiele in dieser Saison gewonnen.</p> <p>Sie hat vor dieser Saison 25 Spiele gewonnen.</p> <p>Wie viele Spiele hat sie in ihrer Karriere gewonnen?</p>","49","25 + 16","c","2","A","C","41","10","",""
"html-keyboard-response","94","550715","0.0-16.0-0.26","","null","","","","","+","null","","","","","","","","",""
"html-keyboard-response","95","558255","0.0-16.0-1.26","","7539","textaufgaben","","","","<p>Ein M&auml;dchen sammelt B&uuml;cher.</p> <p>Das M&auml;dchen hat 28 B&uuml;cher.</p> <p>Sie verschenkt 13 B&uuml;cher an ihre Freunde.</p> <p>Wie viele B&uuml;cher hat sie am Ende?</p>","49","28 - 13","nc","3","S","C","15","17","",""
"html-keyboard-response","96","558418","0.0-16.0-2.26","","162","textaufgaben","","","","<p>Ein M&auml;dchen sammelt B&uuml;cher.</p> <p>Das M&auml;dchen hat 28 B&uuml;cher.</p> <p>Sie verschenkt 13 B&uuml;cher an ihre Freunde.</p> <p>Wie viele B&uuml;cher hat sie am Ende?</p>","53","28 - 13","nc","3","S","C","15","17","",""
"html-keyboard-response","97","559424","0.0-16.0-0.27","","null","","","","","+","null","","","","","","","","",""
"html-keyboard-response","98","567395","0.0-16.0-1.27","","7968","textaufgaben","","","","<p>Einige Leute wurden zur Party eingeladen.</p> <p>41 Leute sind zur Party gekommen.</p> <p>25 Leute haben die Party fr&uuml;her verlassen.</p> <p>Wie viele Leute sind jetzt auf der Party?</p>","49","41 - 25","c","4","S","C","16","23","",""
"html-keyboard-response","99","567609","0.0-16.0-2.27","","213","textaufgaben","","","","<p>Einige Leute wurden zur Party eingeladen.</p> <p>41 Leute sind zur Party gekommen.</p> <p>25 Leute haben die Party fr&uuml;her verlassen.</p> <p>Wie viele Leute sind jetzt auf der Party?</p>","54","41 - 25","c","4","S","C","16","23","",""
"html-keyboard-response","100","568614","0.0-16.0-0.28","","null","","","","","+","null","","","","","","","","",""
"html-keyboard-response","101","574254","0.0-16.0-1.28","","5639","textaufgaben","","","","<p>Ein Mann spart Geld f&uuml;r einige Anschaffungen.</p> <p>Er hat jetzt 13 Euro.</p> <p>Er hat davor 65 Euro ausgegeben.</p> <p>Wie viel Geld hatte der Mann?</p>","55","65 + 13","nc","5","A","I","78","30","",""
"html-keyboard-response","102","574648","0.0-16.0-2.28","","393","textaufgaben","","","","<p>Ein Mann spart Geld f&uuml;r einige Anschaffungen.</p> <p>Er hat jetzt 13 Euro.</p> <p>Er hat davor 65 Euro ausgegeben.</p> <p>Wie viel Geld hatte der Mann?</p>","57","65 + 13","nc","5","A","I","78","30","",""
"html-keyboard-response","103","575654","0.0-16.0-0.29","","null","","","","","+","null","","","","","","","","",""
"html-keyboard-response","104","581900","0.0-16.0-1.29","","6245","textaufgaben","","","","<p>Eine Tennisspielerin spielt Turniere.</p> <p>Sie hat in dieser Saison 17 Spiele verloren.</p> <p>Sie hatte fr&uuml;her 76 Spiele verloren.</p> <p>Wie viele Spiele hat sie in ihrer Karriere verloren?</p>","57","76 + 17","c","6","A","I","93","36","",""
"html-keyboard-response","105","582435","0.0-16.0-2.29","","534","textaufgaben","","","","<p>Eine Tennisspielerin spielt Turniere.</p> <p>Sie hat in dieser Saison 17 Spiele verloren.</p> <p>Sie hatte fr&uuml;her 76 Spiele verloren.</p> <p>Wie viele Spiele hat sie in ihrer Karriere verloren?</p>","51","76 + 17","c","6","A","I","93","36","",""
"html-keyboard-response","106","583444","0.0-16.0-0.30","","null","","","","","+","null","","","","","","","","",""
"html-keyboard-response","107","589082","0.0-16.0-1.30","","5638","textaufgaben","","","","<p>Einige Leute wurden zur Party eingeladen.</p> <p>Es sind 25 Leute auf der Party.</p> <p>12 Leute sind sp&auml;ter gekommen.</p> <p>Wie viele Leute waren am Anfang auf der Party?</p>","49","25 - 12","nc","7","S","I","13","37","",""
"html-keyboard-response","108","589212","0.0-16.0-2.30","","129","textaufgaben","","","","<p>Einige Leute wurden zur Party eingeladen.</p> <p>Es sind 25 Leute auf der Party.</p> <p>12 Leute sind sp&auml;ter gekommen.</p> <p>Wie viele Leute waren am Anfang auf der Party?</p>","51","25 - 12","nc","7","S","I","13","37","",""
"html-keyboard-response","109","590214","0.0-16.0-0.31","","null","","","","","+","null","","","","","","","","",""
"html-keyboard-response","110","602398","0.0-16.0-1.31","","12184","textaufgaben","","","","<p>Ein Dieb hat einer Frau einige Diamanten gestohlen.</p> <p>Der Dieb hatte ihr 54 Diamanten gestohlen.</p> <p>Die Polizei findet 28 Diamanten wieder.</p> <p>Wie viele Diamanten muss die Polizei noch finden?</p>","49","54 - 28","c","8","S","I","26","46","",""
"html-keyboard-response","111","602575","0.0-16.0-2.31","","176","textaufgaben","","","","<p>Ein Dieb hat einer Frau einige Diamanten gestohlen.</p> <p>Der Dieb hatte ihr 54 Diamanten gestohlen.</p> <p>Die Polizei findet 28 Diamanten wieder.</p> <p>Wie viele Diamanten muss die Polizei noch finden?</p>","54","54 - 28","c","8","S","I","26","46","",""
"html-keyboard-response","112","603584","0.0-16.0-0.32","","null","","","","","+","null","","","","","","","","",""
"html-keyboard-response","113","610072","0.0-16.0-1.32","","6487","textaufgaben","","","","<p>Ein Mann spart Geld f&uuml;r einige Anschaffungen.</p> <p>Er hatte 21 Euro.</p> <p>Er verdient 13 Euro.</p> <p>Wie viel Geld hat der Mann jetzt?</p>","52","21 + 13","nc","1","A","C","34","1","",""
"html-keyboard-response","114","610251","0.0-16.0-2.32","","179","textaufgaben","","","","<p>Ein Mann spart Geld f&uuml;r einige Anschaffungen.</p> <p>Er hatte 21 Euro.</p> <p>Er verdient 13 Euro.</p> <p>Wie viel Geld hat der Mann jetzt?</p>","52","21 + 13","nc","1","A","C","34","1","",""
"html-keyboard-response","115","611254","0.0-16.0-0.33","","null","","","","","+","null","","","","","","","","",""
"html-keyboard-response","116","630821","0.0-16.0-1.33","","19567","textaufgaben","","","","<p>Eine Marktfrau verkauft &Auml;pfel auf dem Markt.</p> <p>Die Marktfrau kam mit 56 &Auml;pfeln.</p> <p>Sie hat 27 &Auml;pfel geliefert bekommen.</p> <p>Wie viele &Auml;pfel hat sie am Ende?</p>","56","56 + 27","c","2","A","C","83","12","",""
"html-keyboard-response","117","631379","0.0-16.0-2.33","","557","textaufgaben","","","","<p>Eine Marktfrau verkauft &Auml;pfel auf dem Markt.</p> <p>Die Marktfrau kam mit 56 &Auml;pfeln.</p> <p>Sie hat 27 &Auml;pfel geliefert bekommen.</p> <p>Wie viele &Auml;pfel hat sie am Ende?</p>","51","56 + 27","c","2","A","C","83","12","",""
"html-keyboard-response","118","632383","0.0-16.0-0.34","","null","","","","","+","null","","","","","","","","",""
"html-keyboard-response","119","641326","0.0-16.0-1.34","","8942","textaufgaben","","","","<p>Eine Studentin muss W&ouml;rter lernen.</p> <p>Die Studentin vergisst 12 W&ouml;rter.</p> <p>Sie hat am Anfang 58 W&ouml;rter gelernt.</p> <p>Wie viele W&ouml;rter hat sie richtig gelernt?</p>","52","58 - 12","nc","3","S","C","46","14","",""
"html-keyboard-response","120","641646","0.0-16.0-2.34","","319","textaufgaben","","","","<p>Eine Studentin muss W&ouml;rter lernen.</p> <p>Die Studentin vergisst 12 W&ouml;rter.</p> <p>Sie hat am Anfang 58 W&ouml;rter gelernt.</p> <p>Wie viele W&ouml;rter hat sie richtig gelernt?</p>","54","58 - 12","nc","3","S","C","46","14","",""
"html-keyboard-response","121","642653","0.0-16.0-0.35","","null","","","","","+","null","","","","","","","","",""
"html-keyboard-response","122","649666","0.0-16.0-1.35","","7013","textaufgaben","","","","<p>Ein M&auml;dchen sammelt B&uuml;cher.</p> <p>Das M&auml;dchen verschenkt 17 B&uuml;cher.</p> <p>Sie hatte 46 B&uuml;cher  mitgebracht.</p> <p>Wie viele B&uuml;cher hat sie am Ende?</p>","50","46 - 17","c","4","S","C","29","22","",""
"html-keyboard-response","123","650329","0.0-16.0-2.35","","661","textaufgaben","","","","<p>Ein M&auml;dchen sammelt B&uuml;cher.</p> <p>Das M&auml;dchen verschenkt 17 B&uuml;cher.</p> <p>Sie hatte 46 B&uuml;cher  mitgebracht.</p> <p>Wie viele B&uuml;cher hat sie am Ende?</p>","57","46 - 17","c","4","S","C","29","22","",""
"html-keyboard-response","124","651333","0.0-16.0-0.36","","null","","","","","+","null","","","","","","","","",""
"html-keyboard-response","125","658514","0.0-16.0-1.36","","7179","textaufgaben","","","","<p>Ein paar Freunde suchen Pilze im Wald.</p> <p>Sie werfen gerade 23 giftige Pilze weg.</p> <p>Sie haben 31 Pilze &uuml;brig.</p> <p>Wie viele Pilze hatten sie fr&uuml;her?</p>","53","31 + 23","nc","5","A","I","54","25","",""
"html-keyboard-response","126","658692","0.0-16.0-2.36","","178","textaufgaben","","","","<p>Ein paar Freunde suchen Pilze im Wald.</p> <p>Sie werfen gerade 23 giftige Pilze weg.</p> <p>Sie haben 31 Pilze &uuml;brig.</p> <p>Wie viele Pilze hatten sie fr&uuml;her?</p>","52","31 + 23","nc","5","A","I","54","25","",""
"html-keyboard-response","127","659702","0.0-16.0-0.37","","null","","","","","+","null","","","","","","","","",""
"html-keyboard-response","128","671250","0.0-16.0-1.37","","11547","textaufgaben","","","","<p>Eine Marktfrau verkauft &Auml;pfel auf dem Markt.</p> <p>Sie hat jetzt 38 &Auml;pfel.</p> <p>Die Marktfrau hatte davor 26 &Auml;pfel verkauft.</p> <p>Wie viele &Auml;pfel hatte sie am Anfang?</p>","54","38 + 26","c","6","A","I","64","35","",""
"html-keyboard-response","129","671465","0.0-16.0-2.37","","214","textaufgaben","","","","<p>Eine Marktfrau verkauft &Auml;pfel auf dem Markt.</p> <p>Sie hat jetzt 38 &Auml;pfel.</p> <p>Die Marktfrau hatte davor 26 &Auml;pfel verkauft.</p> <p>Wie viele &Auml;pfel hatte sie am Anfang?</p>","52","38 + 26","c","6","A","I","64","35","",""
"html-keyboard-response","130","672471","0.0-16.0-0.38","","null","","","","","+","null","","","","","","","","",""
"html-keyboard-response","131","687659","0.0-16.0-1.38","","15187","textaufgaben","","","","<p>Eine Marktfrau verkauft &Auml;pfel auf dem Markt.</p> <p>Sie hatte vorher 21 &Auml;pfel geliefert bekommen.</p> <p>Die Marktfrau hat 64 &Auml;pfel.</p> <p>Wie viele &Auml;pfel hatte sie am Anfang?</p>","56","64 - 21","nc","7","S","I","43","42","",""
"html-keyboard-response","132","687963","0.0-16.0-2.38","","303","textaufgaben","","","","<p>Eine Marktfrau verkauft &Auml;pfel auf dem Markt.</p> <p>Sie hatte vorher 21 &Auml;pfel geliefert bekommen.</p> <p>Die Marktfrau hat 64 &Auml;pfel.</p> <p>Wie viele &Auml;pfel hatte sie am Anfang?</p>","53","64 - 21","nc","7","S","I","43","42","",""
"html-keyboard-response","133","688971","0.0-16.0-0.39","","null","","","","","+","null","","","","","","","","",""
"html-keyboard-response","134","695789","0.0-16.0-1.39","","6817","textaufgaben","","","","<p>Einige Leute wurden zur Party eingeladen.</p> <p>Am Ende sind 41 Leute auf der Party.</p> <p>18 Leute sind davor zur Party gekommen.</p> <p>Wie viele Leute waren am Anfang auf der Party?</p>","49","41 - 18","c","8","S","I","23","47","",""
"html-keyboard-response","135","696693","0.0-16.0-2.39","","902","textaufgaben","","","","<p>Einige Leute wurden zur Party eingeladen.</p> <p>Am Ende sind 41 Leute auf der Party.</p> <p>18 Leute sind davor zur Party gekommen.</p> <p>Wie viele Leute waren am Anfang auf der Party?</p>","56","41 - 18","c","8","S","I","23","47","",""
"html-keyboard-response","136","697701","0.0-16.0-0.40","","null","","","","","+","null","","","","","","","","",""
"html-keyboard-response","137","709624","0.0-16.0-1.40","","11922","textaufgaben","","","","<p>Ein Dieb hat einer Frau einige Diamanten gestohlen.</p> <p>Nach dem Diebstahl hatte sie 23 Diamanten.</p> <p>Die Polizei findet 15 Diamanten wieder.</p> <p>Wie viele Diamanten hat die Frau am Ende?</p>","51","23 + 15","nc","1","A","C","38","5","",""
"html-keyboard-response","138","710318","0.0-16.0-2.40","","694","textaufgaben","","","","<p>Ein Dieb hat einer Frau einige Diamanten gestohlen.</p> <p>Nach dem Diebstahl hatte sie 23 Diamanten.</p> <p>Die Polizei findet 15 Diamanten wieder.</p> <p>Wie viele Diamanten hat die Frau am Ende?</p>","56","23 + 15","nc","1","A","C","38","5","",""
"html-keyboard-response","139","711320","0.0-16.0-0.41","","null","","","","","+","null","","","","","","","","",""
"html-keyboard-response","140","719229","0.0-16.0-1.41","","7908","textaufgaben","","","","<p>Ein M&auml;dchen sammelt B&uuml;cher.</p> <p>Sie erh&auml;lt 18 B&uuml;cher.</p> <p>Das M&auml;dchen hatte am Anfang 46 B&uuml;cher gehabt.</p> <p>Wie viele B&uuml;cher hat sie am Ende?</p>","54","46 + 18","c","2","A","C","64","11","",""
"html-keyboard-response","141","719457","0.0-16.0-2.41","","227","textaufgaben","","","","<p>Ein M&auml;dchen sammelt B&uuml;cher.</p> <p>Sie erh&auml;lt 18 B&uuml;cher.</p> <p>Das M&auml;dchen hatte am Anfang 46 B&uuml;cher gehabt.</p> <p>Wie viele B&uuml;cher hat sie am Ende?</p>","52","46 + 18","c","2","A","C","64","11","",""
"html-keyboard-response","142","720461","0.0-16.0-0.42","","null","","","","","+","null","","","","","","","","",""
"html-keyboard-response","143","724132","0.0-16.0-1.42","","3671","textaufgaben","","","","<p>Ein Mann spart Geld f&uuml;r einige Anschaffungen.</p> <p>Er hatte 37 Euro gehabt.</p> <p>Er hat 14 Euro ausgegeben.</p> <p>Wie viel Geld hat er am Ende?</p>","50","37 - 14","nc","3","S","C","23","25","",""
"html-keyboard-response","144","724327","0.0-16.0-2.42","","194","textaufgaben","","","","<p>Ein Mann spart Geld f&uuml;r einige Anschaffungen.</p> <p>Er hatte 37 Euro gehabt.</p> <p>Er hat 14 Euro ausgegeben.</p> <p>Wie viel Geld hat er am Ende?</p>","51","37 - 14","nc","3","S","C","23","25","",""
"html-keyboard-response","145","725327","0.0-16.0-0.43","","null","","","","","+","null","","","","","","","","",""
"html-keyboard-response","146","731782","0.0-16.0-1.43","","6455","textaufgaben","","","","<p>Eine Marktfrau verkauft &Auml;pfel auf dem Markt.</p> <p>Die Marktfrau kam mit 37 &Auml;pfeln.</p> <p>Sie verkauft 19 &Auml;pfel.</p> <p>Wie viele &Auml;pfel hat sie am Ende?</p>","49","37 - 19","c","4","S","C","18","20","",""
"html-keyboard-response","147","732223","0.0-16.0-2.43","","440","textaufgaben","","","","<p>Eine Marktfrau verkauft &Auml;pfel auf dem Markt.</p> <p>Die Marktfrau kam mit 37 &Auml;pfeln.</p> <p>Sie verkauft 19 &Auml;pfel.</p> <p>Wie viele &Auml;pfel hat sie am Ende?</p>","56","37 - 19","c","4","S","C","18","20","",""
"html-keyboard-response","148","733232","0.0-16.0-0.44","","null","","","","","+","null","","","","","","","","",""
"html-keyboard-response","149","739542","0.0-16.0-1.44","","6308","textaufgaben","","","","<p>Eine Marktfrau verkauft &Auml;pfel auf dem Markt.</p> <p>Die Marktfrau verkauft 13 &Auml;pfel.</p> <p>Sie hat danach 36 &Auml;pfel.</p> <p>Wie viele &Auml;pfel hatte sie am Anfang?</p>","52","36 + 13","nc","5","A","I","49","26","",""
"html-keyboard-response","150","740071","0.0-16.0-2.44","","529","textaufgaben","","","","<p>Eine Marktfrau verkauft &Auml;pfel auf dem Markt.</p> <p>Die Marktfrau verkauft 13 &Auml;pfel.</p> <p>Sie hat danach 36 &Auml;pfel.</p> <p>Wie viele &Auml;pfel hatte sie am Anfang?</p>","57","36 + 13","nc","5","A","I","49","26","",""
"html-keyboard-response","151","741073","0.0-16.0-0.45","","null","","","","","+","null","","","","","","","","",""
"html-keyboard-response","152","746263","0.0-16.0-1.45","","5188","textaufgaben","","","","<p>Ein Mann spart Geld f&uuml;r einige Anschaffungen.</p> <p>Er gibt 19 Euro aus.</p> <p>Er hat jetzt 27 Euro.</p> <p>Wie viel Geld hatte der Mann?</p>","52","27 + 19","c","6","A","I","42","31","",""
"html-keyboard-response","153","747250","0.0-16.0-2.45","","986","textaufgaben","","","","<p>Ein Mann spart Geld f&uuml;r einige Anschaffungen.</p> <p>Er gibt 19 Euro aus.</p> <p>Er hat jetzt 27 Euro.</p> <p>Wie viel Geld hatte der Mann?</p>","54","27 + 19","c","6","A","I","42","31","",""
"html-keyboard-response","154","748253","0.0-16.0-0.46","","null","","","","","+","null","","","","","","","","",""
"html-keyboard-response","155","760280","0.0-16.0-1.46","","12025","textaufgaben","","","","<p>Ein Mann spart Geld f&uuml;r einige Anschaffungen.</p> <p>Er hat jetzt 37 Euro.</p> <p>Er hatte 24 Euro verdient.</p> <p>Wie viel Geld hatte er am Anfang?</p>","49","37 - 24","nc","7","S","I","13","41","",""
"html-keyboard-response","156","760517","0.0-16.0-2.46","","236","textaufgaben","","","","<p>Ein Mann spart Geld f&uuml;r einige Anschaffungen.</p> <p>Er hat jetzt 37 Euro.</p> <p>Er hatte 24 Euro verdient.</p> <p>Wie viel Geld hatte er am Anfang?</p>","51","37 - 24","nc","7","S","I","13","41","",""
"html-keyboard-response","157","761523","0.0-16.0-0.47","","null","","","","","+","null","","","","","","","","",""
"html-keyboard-response","158","772419","0.0-16.0-1.47","","10895","textaufgaben","","","","<p>Ein Mann spart Geld f&uuml;r einige Anschaffungen.</p> <p>Er verdient heute 19 Euro.</p> <p>Er hat jetzt 37 Euro.</p> <p>Wie viel Geld hatte er am Anfang?</p>","49","37 - 19","c","8","S","I","18","44","",""
"html-keyboard-response","159","773065","0.0-16.0-2.47","","645","textaufgaben","","","","<p>Ein Mann spart Geld f&uuml;r einige Anschaffungen.</p> <p>Er verdient heute 19 Euro.</p> <p>Er hat jetzt 37 Euro.</p> <p>Wie viel Geld hatte er am Anfang?</p>","56","37 - 19","c","8","S","I","18","44","",""
"html-keyboard-response","160","775767","0.0-17.0","","2701","","","","","Die Aufgabe ist vorbei. Bitte dr&uuml;cken Sie eine Taste um fortzufahren!","32","","","","","","","","",""
"instructions","161","797812","0.0-18.0","[{""page_index"":0,""viewing_time"":22045}]","22045","instruktion_Rechenaufgaben","","","","","","","","","","","","","",""
"survey-time","162","857847","0.0-19.0","","60011","Additionsaufgaben","{""RT02_01"":""41"",""RT02_02"":""73"",""RT02_03"":""46"",""RT02_04"":""98"",""RT02_05"":""91"",""RT02_06"":""53"",""RT02_07"":""74"",""RT02_08"":""38"",""RT02_09"":""95"",""RT02_10"":""73"",""RT02_11"":"""",""RT02_12"":"""",""RT02_13"":"""",""RT02_14"":"""",""RT02_15"":"""",""RT02_16"":"""",""RT02_17"":"""",""RT02_18"":"""",""RT02_19"":"""",""RT02_20"":"""",""RT02_21"":"""",""RT02_22"":"""",""RT02_23"":"""",""RT02_24"":"""",""RT02_25"":"""",""RT02_26"":"""",""RT02_27"":"""",""RT02_28"":""""}","","","","","","","","","","","","",""
"instructions","163","860487","0.0-20.0","[{""page_index"":0,""viewing_time"":2638}]","2639","instruktion_Rechenaufgaben2","","","","","","","","","","","","","",""
"survey-time","164","920497","0.0-21.0","","59989","Subtraktionsaufgaben","{""RT03_01"":""17"",""RT03_02"":""63"",""RT03_03"":""12"",""RT03_04"":""28"",""RT03_05"":""28"",""RT03_06"":""18"",""RT03_07"":""35"",""RT03_08"":""41"",""RT03_09"":""53"",""RT03_10"":"""",""RT03_11"":"""",""RT03_12"":"""",""RT03_13"":"""",""RT03_14"":"""",""RT03_15"":"""",""RT03_16"":"""",""RT03_17"":"""",""RT03_18"":"""",""RT03_19"":"""",""RT03_20"":"""",""RT03_21"":"""",""RT03_22"":"""",""RT03_23"":"""",""RT03_24"":"""",""RT03_25"":"""",""RT03_26"":"""",""RT03_27"":"""",""RT03_28"":""""}","","","","","","","","","","","","",""
"instructions","165","924547","0.0-22.0","[{""page_index"":0,""viewing_time"":4047}]","4048","Instruktion_READ","","","","","","","","","","","","","",""
"html-button-response","166","926598","0.0-23.0-0.0","","2047","readingtest","","","","Hunde bellen.","","","read","","","","Richtig","","0",""
"html-button-response","167","928167","0.0-23.0-0.1","","1566","readingtest","","","","Regen ist trocken.","","","read","","","","Falsch","","1",""
"html-button-response","168","929894","0.0-23.0-0.2","","1725","readingtest","","","","Im Sommer f&auml;llt Schnee.","","","read","","","","Falsch","","1",""
"html-button-response","169","931250","0.0-23.0-0.3","","1353","readingtest","","","","Im Winter ist es warm.","","","read","","","","Falsch","","1",""
"html-button-response","170","932677","0.0-23.0-0.4","","1424","readingtest","","","","Die Erde ist rund.","","","read","","","","Richtig","","1",""
"html-button-response","171","934047","0.0-23.0-0.5","","1368","readingtest","","","","Ein Fu&szlig;ball ist rund.","","","as","","","","Richtig","","0",""
"html-button-response","172","935102","0.0-23.0-0.6","","1051","readingtest","","","","Der Himmel ist blau.","","","read","","","","Richtig","","0",""
"html-button-response","173","936642","0.0-23.0-0.7","","1537","readingtest","","","","Pferde legen Eier.","","","read","","","","Falsch","","1",""
"html-button-response","174","940217","0.0-23.0-0.8","","3571","readingtest","","","","Katzen haben Schn&auml;bel.","","","read","","","","Falsch","","1",""
"html-button-response","175","941846","0.0-23.0-0.9","","1627","readingtest","","","","B&auml;ren m&ouml;gen Honig.","","","read","","","","Richtig","","0",""
"html-button-response","176","943905","0.0-23.0-0.10","","2057","readingtest","","","","Fr&ouml;sche essen Fliegen.","","","read","","","","Richtig","","0",""
"html-button-response","177","946230","0.0-23.0-0.11","","2323","readingtest","","","","Steine kann man essen.","","","read","","","","Falsch","","1",""
"html-button-response","178","947952","0.0-23.0-0.12","","1720","readingtest","","","","Fische k&ouml;nnen schwimmen.","","","read","","","","Richtig","","0",""
"html-button-response","179","949618","0.0-23.0-0.13","","1663","readingtest","","","","Pferde haben Hufen.","","","read","","","","Richtig","","0",""
"html-button-response","180","951266","0.0-23.0-0.14","","1645","readingtest","","","","Betten stehen in der K&uuml;che.","","","read","","","","Falsch","","1",""
"html-button-response","181","953442","0.0-23.0-0.15","","2174","readingtest","","","","&Auml;pfel wachsen auf B&auml;umen.","","","read","","","","Richtig","","0",""
"html-button-response","182","956090","0.0-23.0-0.16","","2644","readingtest","","","","Hunde schl&uuml;pfen aus Eiern.","","","read","","","","Falsch","","1",""
"html-button-response","183","958353","0.0-23.0-0.17","","2259","readingtest","","","","Mit den Augen kann man h&ouml;ren.","","","read","","","","Falsch","","1",""
"html-button-response","184","960347","0.0-23.0-0.18","","1992","readingtest","","","","In einem See leben Fische.","","","read","","","","Richtig","","0",""
"html-button-response","185","962780","0.0-23.0-0.19","","2430","readingtest","","","","Der K&uuml;hlschrank steht im Wohnzimmer.","","","read","","","","Falsch","","1",""
"html-button-response","186","964367","0.0-23.0-0.20","","1585","readingtest","","","","In der B&auml;ckerei gibt es Brot.","","","read","","","","Richtig","","0",""
"html-button-response","187","966614","0.0-23.0-0.21","","2244","readingtest","","","","Mit der Nase k&ouml;nnen wir sehen.","","","read","","","","Falsch","","1",""
"html-button-response","188","970420","0.0-23.0-0.22","","3804","readingtest","","","","Ein Quadrat ist so rund wie ein Kreis.","","","read","","","","Falsch","","1",""
"html-button-response","189","972791","0.0-23.0-0.23","","2368","readingtest","","","","S&uuml;&szlig;igkeiten sind gut f&uuml;r die Z&auml;hne.","","","read","","","","Falsch","","1",""
"html-button-response","190","975209","0.0-23.0-0.24","","2415","readingtest","","","","Dinosaurier finden wir im Zoo.","","","read","","","","Falsch","","1",""
"html-button-response","191","976785","0.0-23.0-0.25","","1574","readingtest","","","","Der dritte Monat im Jahr ist der M&auml;rz.","","","read","","","","Richtig","","0",""
"html-button-response","192","979363","0.0-23.0-0.26","","2577","readingtest","","","","Wer traurig ist, hat viel zu lachen.","","","read","","","","Falsch","","1",""
"html-button-response","193","981910","0.0-23.0-0.27","","2544","readingtest","","","","Im Winter muss man sich warm anziehen.","","","read","","","","Richtig","","0",""
"html-button-response","194","984253","0.0-23.0-0.28","","2341","readingtest","","","","In der Eisdiele gibt es Gem&uuml;se.","","","read","","","","Falsch","","1",""
"html-button-response","195","984559","0.0-23.0-0.29","","","readingtest","","","","","","","read","","","","Richtig","","","Sie haben alle Aufgaben vor Ende der Zeit erledigt!"
"html-keyboard-response","196","985654","0.0-24.0","","1095","","","","","Die Zeit ist abgelaufen. Bitte dr&uuml;cken Sie eine Taste um fortzufahren!","32","","","","","","","","",""
"survey-multi-select","197","1001270","0.0-25.0","","15604","Quali_Fragen","{""ernsthaft"":["" ja ""],""Umgebung"":["" einigerma&szlig;en leise ""],""Gerät"":["" Laptop ""]}","[0,1,2]","","","","","","","","","","","",""
"fullscreen","198","1002279","0.0-26.0","","","","","","true","","","","","","","","","","",""
"html-button-response","199","1006923","0.0-27.0","","4643","","","","","<p><strong>Vielen Dank f&uuml;r Ihre Teilnahme!</strong></p><p>Falls Sie an der Verlosung der Amazon Gutscheine im Wert von je 10 Euro teilnehmen m&ouml;chten, dann<br>klicken Sie bitte jetzt auf &#8222;<u>An Verlosung teilnehmen</u>&#8220;. Wenn Sie an der Versuchspersonstunde interessiert sind,dann klicken Sie bitte jetzt auf &#8222;<u>Versuchspersonstunde beantragen</u>&#8220;, ansonsten klicken Sie bitte auf &#8222;<u>Experiment beenden</u>&#8220;.<br>Dann wird das Experiment abgeschlossen und Ihre Daten werden anonym gespeichert.</p><p><strong>Wir bedanken uns f&uuml;r Ihre Unterst&uuml;tzung!</strong></p>","","","","","","","","","0",""
