"trial_type","trial_index","time_elapsed","internal_node_id","view_history","rt","test_part","responses","question_order","success","stimulus","key_press","task","type","condition","operation","consistency","correct_response","task_id"
"pavlovia","0","15","0.0-0.0","","","","","","","","","","","","","","",""
"instructions","1","40388","0.0-1.0","[{""page_index"":0,""viewing_time"":9498.679999960586},{""page_index"":1,""viewing_time"":30870.520000113174}]","40371.705000055954","teilnehmerinfo","","","","","","","","","","","",""
"survey-multi-select","2","53987","0.0-2.0","","13594.544999999925","Einverstaendniserklaerung","{""einverstaendnis;"":[""Ich erkl&auml;re mich damit einverstanden, an der Studie teilzunehmen!""]}","[0]","","","","","","","","","",""
"fullscreen","3","56510","0.0-3.0","","","","","","true","","","","","","","","",""
"survey-text","4","60445","0.0-4.0","","3924.05500006862","demoFragen_Seite_1","{""Alter"":""21""}","","","","","","","","","","",""
"survey-multi-choice","5","75469","0.0-5.0","","15018.05999991484","demoFragen_Seite_2","{""handedneß"":"" rechtshändig "",""sex"":"" weiblich "",""firstlanguage"":"" ja "",""ethnic"":"" Weiß ""}","[0,1,2,3]","","","","","","","","","",""
"survey-multi-choice","6","94146","0.0-6.0","","18672.18999983743","demoFragen_Seite_3","{""legasthenie"":"" nein "",""dyskalkulie"":"" nein "",""student"":"" ja "",""beschäftigung"":""""}","[0,1,2,3]","","","","","","","","","",""
"survey-multi-choice","7","116474","0.0-7.0","","22324.01499990374","demoFragen_Seite_4","{""bildung"":"" Hochschulabschluss "",""educationmath"":"" mittel (z.B. Wirtschaft, Management, Medizin, Psychologie, Biologie, Chemie) "",""workmath"":""""}","[0,1,2]","","","","","","","","","",""
"instructions","8","129986","0.0-8.0","[{""page_index"":0,""viewing_time"":13509.594999952242}]","13510.364999994636","Instruktion_GAD","","","","","","","","","","","",""
"survey-likert","9","154113","0.0-9.0","","24121.06500007212","GAD","{""GADa"":1,""GADb"":1,""GADc"":1,""GADd"":1,""GADe"":0,""GADf"":0,""GADg"":0}","[0,1,2,3,4,5,6]","","","","","","","","","",""
"instructions","10","156668","0.0-10.0","[{""page_index"":0,""viewing_time"":2552.3349998984486}]","2553.129999898374","Instruktion_STAI","","","","","","","","","","","",""
"survey-likert","11","167915","0.0-11.0","","11242.644999874756","STAI","{""STAI1"":1,""STAI2"":1,""STAI3"":1,""STAI4"":1,""STAI5"":1}","[0,1,2,3,4]","","","","","","","","","",""
"instructions","12","169715","0.0-12.0","[{""page_index"":0,""viewing_time"":1796.7449999414384}]","1797.9650001507252","Instruktion_AMAS","","","","","","","","","","","",""
"survey-likert","13","195812","0.0-13.0","","26092.595000052825","AMAS","{""AMAS1"":1,""AMAS2"":1,""AMAS3"":0,""AMAS4"":0,""AMAS5"":0,""AMAS6"":0,""AMAS7"":0,""AMAS8"":1,""AMAS9"":0}","[0,1,2,3,4,5,6,7,8]","","","","","","","","","",""
"instructions","14","205528","0.0-14.0","[{""page_index"":0,""viewing_time"":9712.77999994345}]","9713.174999924377","Instruktion_TEXT","","","","","","","","","","","",""
"instructions","15","214710","0.0-15.0","[{""page_index"":0,""viewing_time"":9180.595000041649}]","9181.335000088438","Instruktion_TEXT_Beispiel","","","","","","","","","","","",""
"html-keyboard-response","16","215718","0.0-16.0-0.0","","null","","","","","+","null","","","","","","",""
"html-keyboard-response","17","268088","0.0-16.0-1.0","","52367.00499989092","textaufgaben","","","","<p>Ein Dieb hat einer Frau einige Diamanten gestohlen.</p> <p>Nach dem Diebstahl hatte sie 23 Diamanten.</p> <p>Die Polizei findet 15 Diamanten wieder.</p> <p>Wie viele Diamanten hat die Frau am Ende?</p>","53","23 + 15","nc","1","A","C","38","5"
"html-keyboard-response","18","268898","0.0-16.0-2.0","","806.6600000020117","textaufgaben","","","","<p>Ein Dieb hat einer Frau einige Diamanten gestohlen.</p> <p>Nach dem Diebstahl hatte sie 23 Diamanten.</p> <p>Die Polizei findet 15 Diamanten wieder.</p> <p>Wie viele Diamanten hat die Frau am Ende?</p>","51","23 + 15","nc","1","A","C","38","5"
"html-keyboard-response","19","269909","0.0-16.0-0.1","","null","","","","","+","null","","","","","","",""
"html-keyboard-response","20","294808","0.0-16.0-1.1","","24896.70000015758","textaufgaben","","","","<p>Ein paar Freunde suchen Pilze im Wald.</p> <p>Sie hatten 67 Pilze.</p> <p>Sie sammeln 15 Pilzen.</p> <p>Wie viele Pilze haben sie am Ende?</p>","56","67 + 15","c","2","A","C","82","9"
"html-keyboard-response","21","295412","0.0-16.0-2.1","","601.5099999494851","textaufgaben","","","","<p>Ein paar Freunde suchen Pilze im Wald.</p> <p>Sie hatten 67 Pilze.</p> <p>Sie sammeln 15 Pilzen.</p> <p>Wie viele Pilze haben sie am Ende?</p>","50","67 + 15","c","2","A","C","82","9"
"html-keyboard-response","22","296420","0.0-16.0-0.2","","null","","","","","+","null","","","","","","",""
"html-keyboard-response","23","311953","0.0-16.0-1.2","","15530.675000045449","textaufgaben","","","","<p>Ein Dieb hat einer Frau einige Diamanten gestohlen.</p> <p>Ihr wurden 32 Diamanten gestohlen.</p> <p>Die Frau hatte 53 Diamanten gehabt.</p> <p>Wie viele Diamanten hat sie jetzt?</p>","50","53 - 32","nc","3","S","C","21","18"
"html-keyboard-response","24","312144","0.0-16.0-2.2","","189.0650000423193","textaufgaben","","","","<p>Ein Dieb hat einer Frau einige Diamanten gestohlen.</p> <p>Ihr wurden 32 Diamanten gestohlen.</p> <p>Die Frau hatte 53 Diamanten gehabt.</p> <p>Wie viele Diamanten hat sie jetzt?</p>","49","53 - 32","nc","3","S","C","21","18"
"html-keyboard-response","25","313156","0.0-16.0-0.3","","null","","","","","+","null","","","","","","",""
"html-keyboard-response","26","325200","0.0-16.0-1.3","","12041.58000019379","textaufgaben","","","","<p>Eine Marktfrau verkauft &Auml;pfel auf dem Markt.</p> <p>Die Marktfrau kam mit 37 &Auml;pfeln.</p> <p>Sie verkauft 19 &Auml;pfel.</p> <p>Wie viele &Auml;pfel hat sie am Ende?</p>","50","37 - 19","c","4","S","C","18","20"
"html-keyboard-response","27","326055","0.0-16.0-2.3","","853.1249999068677","textaufgaben","","","","<p>Eine Marktfrau verkauft &Auml;pfel auf dem Markt.</p> <p>Die Marktfrau kam mit 37 &Auml;pfeln.</p> <p>Sie verkauft 19 &Auml;pfel.</p> <p>Wie viele &Auml;pfel hat sie am Ende?</p>","56","37 - 19","c","4","S","C","18","20"
"html-keyboard-response","28","327058","0.0-16.0-0.4","","null","","","","","+","null","","","","","","",""
"html-keyboard-response","29","345576","0.0-16.0-1.4","","18515.885000117123","textaufgaben","","","","<p>Ein Mann spart Geld f&uuml;r einige Anschaffungen.</p> <p>Er hat jetzt 13 Euro.</p> <p>Er hat davor 65 Euro ausgegeben.</p> <p>Wie viel Geld hatte der Mann?</p>","55","65 + 13","nc","5","A","I","78","30"
"html-keyboard-response","30","345915","0.0-16.0-2.4","","336.8199998512864","textaufgaben","","","","<p>Ein Mann spart Geld f&uuml;r einige Anschaffungen.</p> <p>Er hat jetzt 13 Euro.</p> <p>Er hat davor 65 Euro ausgegeben.</p> <p>Wie viel Geld hatte der Mann?</p>","56","65 + 13","nc","5","A","I","78","30"
"html-keyboard-response","31","346917","0.0-16.0-0.5","","null","","","","","+","null","","","","","","",""
"html-keyboard-response","32","357382","0.0-16.0-1.5","","10462.765000062063","textaufgaben","","","","<p>Ein Mann spart Geld f&uuml;r einige Anschaffungen.</p> <p>Er gibt 19 Euro aus.</p> <p>Er hat jetzt 27 Euro.</p> <p>Wie viel Geld hatte der Mann?</p>","52","27 + 19","c","6","A","I","42","31"
"html-keyboard-response","33","357835","0.0-16.0-2.5","","451.00999996066093","textaufgaben","","","","<p>Ein Mann spart Geld f&uuml;r einige Anschaffungen.</p> <p>Er gibt 19 Euro aus.</p> <p>Er hat jetzt 27 Euro.</p> <p>Wie viel Geld hatte der Mann?</p>","54","27 + 19","c","6","A","I","42","31"
"html-keyboard-response","34","358842","0.0-16.0-0.6","","null","","","","","+","null","","","","","","",""
"html-keyboard-response","35","367176","0.0-16.0-1.6","","8332.029999932274","textaufgaben","","","","<p>Eine Marktfrau verkauft &Auml;pfel auf dem Markt.</p> <p>Sie hatte vorher 21 &Auml;pfel geliefert bekommen.</p> <p>Die Marktfrau hat 64 &Auml;pfel.</p> <p>Wie viele &Auml;pfel hatte sie am Anfang?</p>","52","64 - 21","nc","7","S","I","43","42"
"html-keyboard-response","36","367374","0.0-16.0-2.6","","196.3199998717755","textaufgaben","","","","<p>Eine Marktfrau verkauft &Auml;pfel auf dem Markt.</p> <p>Sie hatte vorher 21 &Auml;pfel geliefert bekommen.</p> <p>Die Marktfrau hat 64 &Auml;pfel.</p> <p>Wie viele &Auml;pfel hatte sie am Anfang?</p>","51","64 - 21","nc","7","S","I","43","42"
"html-keyboard-response","37","368376","0.0-16.0-0.7","","null","","","","","+","null","","","","","","",""
"html-keyboard-response","38","377417","0.0-16.0-1.7","","9037.504999898374","textaufgaben","","","","<p>Ein paar Freunde suchen Pilze im Wald.</p> <p>Sie haben am Ende 31 Pilze.</p> <p>Sie haben davor 12 Pilze gesammelt.</p> <p>Wie viele Pilze hatten sie am Anfang?</p>","49","31 - 12","c","8","S","I","19","43"
"html-keyboard-response","39","378087","0.0-16.0-2.7","","667.4999999813735","textaufgaben","","","","<p>Ein paar Freunde suchen Pilze im Wald.</p> <p>Sie haben am Ende 31 Pilze.</p> <p>Sie haben davor 12 Pilze gesammelt.</p> <p>Wie viele Pilze hatten sie am Anfang?</p>","57","31 - 12","c","8","S","I","19","43"
"html-keyboard-response","40","379088","0.0-16.0-0.8","","null","","","","","+","null","","","","","","",""
"html-keyboard-response","41","388087","0.0-16.0-1.8","","8996.769999852404","textaufgaben","","","","<p>Eine Studentin muss W&ouml;rter lernen.</p> <p>Die Studentin kannte 52 W&ouml;rter.</p> <p>Sie lernte gerade 26 W&ouml;rter.</p> <p>Wie viele W&ouml;rter kennt die Studentin am Ende?</p>","55","52 + 26","nc","1","A","C","78","3"
"html-keyboard-response","42","388284","0.0-16.0-2.8","","194.06000012531877","textaufgaben","","","","<p>Eine Studentin muss W&ouml;rter lernen.</p> <p>Die Studentin kannte 52 W&ouml;rter.</p> <p>Sie lernte gerade 26 W&ouml;rter.</p> <p>Wie viele W&ouml;rter kennt die Studentin am Ende?</p>","56","52 + 26","nc","1","A","C","78","3"
"html-keyboard-response","43","389286","0.0-16.0-0.9","","null","","","","","+","null","","","","","","",""
"html-keyboard-response","44","402074","0.0-16.0-1.9","","12786.095000104979","textaufgaben","","","","<p>Eine Marktfrau verkauft &Auml;pfel auf dem Markt.</p> <p>Die Marktfrau kam mit 56 &Auml;pfeln.</p> <p>Sie hat 27 &Auml;pfel geliefert bekommen.</p> <p>Wie viele &Auml;pfel hat sie am Ende?</p>","56","56 + 27","c","2","A","C","83","12"
"html-keyboard-response","45","402527","0.0-16.0-2.9","","450.60999994166195","textaufgaben","","","","<p>Eine Marktfrau verkauft &Auml;pfel auf dem Markt.</p> <p>Die Marktfrau kam mit 56 &Auml;pfeln.</p> <p>Sie hat 27 &Auml;pfel geliefert bekommen.</p> <p>Wie viele &Auml;pfel hat sie am Ende?</p>","51","56 + 27","c","2","A","C","83","12"
"html-keyboard-response","46","403533","0.0-16.0-0.10","","null","","","","","+","null","","","","","","",""
"html-keyboard-response","47","410163","0.0-16.0-1.10","","6627.075000200421","textaufgaben","","","","<p>Eine Tennisspielerin spielt Turniere.</p> <p>Sie hat in dieser Saison 59 Spiele gespielt.</p> <p>Sie hat 41 Spiele verloren.</p> <p>Wie viele Spiele hat sie gewonnen?</p>","49","59 - 41","nc","3","S","C","18","16"
"html-keyboard-response","48","410789","0.0-16.0-2.10","","624.4950001128018","textaufgaben","","","","<p>Eine Tennisspielerin spielt Turniere.</p> <p>Sie hat in dieser Saison 59 Spiele gespielt.</p> <p>Sie hat 41 Spiele verloren.</p> <p>Wie viele Spiele hat sie gewonnen?</p>","56","59 - 41","nc","3","S","C","18","16"
"html-keyboard-response","49","411797","0.0-16.0-0.11","","null","","","","","+","null","","","","","","",""
"html-keyboard-response","50","422076","0.0-16.0-1.11","","10277.329999953508","textaufgaben","","","","<p>Ein paar Freunde suchen Pilze im Wald.</p> <p>Sie haben 65 Pilze gefunden.</p> <p>Sie haben 36 giftige Pilze weggeworfen.</p> <p>Wie viele Pilze haben sie danach?</p>","50","65 - 36","c","4","S","C","29","24"
"html-keyboard-response","51","422665","0.0-16.0-2.11","","586.4450000226498","textaufgaben","","","","<p>Ein paar Freunde suchen Pilze im Wald.</p> <p>Sie haben 65 Pilze gefunden.</p> <p>Sie haben 36 giftige Pilze weggeworfen.</p> <p>Wie viele Pilze haben sie danach?</p>","57","65 - 36","c","4","S","C","29","24"
"html-keyboard-response","52","423667","0.0-16.0-0.12","","null","","","","","+","null","","","","","","",""
"html-keyboard-response","53","450119","0.0-16.0-1.12","","26450.579999946058","textaufgaben","","","","<p>Eine Marktfrau verkauft &Auml;pfel auf dem Markt.</p> <p>Die Marktfrau verkauft 13 &Auml;pfel.</p> <p>Sie hat danach 36 &Auml;pfel.</p> <p>Wie viele &Auml;pfel hatte sie am Anfang?</p>","52","36 + 13","nc","5","A","I","49","26"
"html-keyboard-response","54","450649","0.0-16.0-2.12","","528.0899999197572","textaufgaben","","","","<p>Eine Marktfrau verkauft &Auml;pfel auf dem Markt.</p> <p>Die Marktfrau verkauft 13 &Auml;pfel.</p> <p>Sie hat danach 36 &Auml;pfel.</p> <p>Wie viele &Auml;pfel hatte sie am Anfang?</p>","57","36 + 13","nc","5","A","I","49","26"
"html-keyboard-response","55","451659","0.0-16.0-0.13","","null","","","","","+","null","","","","","","",""
"html-keyboard-response","56","459813","0.0-16.0-1.13","","8152.484999969602","textaufgaben","","","","<p>Ein paar Freunde suchen Pilze im Wald.</p> <p>Sie werfen gerade 19 giftige Pilze weg.</p> <p>Sie haben 45 Pilze.</p> <p>Wie viele Pilze hatten sie davor?</p>","54","45 + 19","c","6","A","I","64","32"
"html-keyboard-response","57","460224","0.0-16.0-2.13","","409.27500021643937","textaufgaben","","","","<p>Ein paar Freunde suchen Pilze im Wald.</p> <p>Sie werfen gerade 19 giftige Pilze weg.</p> <p>Sie haben 45 Pilze.</p> <p>Wie viele Pilze hatten sie davor?</p>","52","45 + 19","c","6","A","I","64","32"
"html-keyboard-response","58","461234","0.0-16.0-0.14","","null","","","","","+","null","","","","","","",""
"html-keyboard-response","59","467839","0.0-16.0-1.14","","6603.344999952242","textaufgaben","","","","<p>Eine Studentin muss W&ouml;rter lernen.</p> <p>Die Studentin hat 42 W&ouml;rter gelernt.</p> <p>Sie kennt jetzt 68 W&ouml;rter.</p> <p>Wie viele W&ouml;rter hatte sie am Anfang gekonnt?</p>","50","68 - 42","nc","7","S","I","26","40"
"html-keyboard-response","60","468589","0.0-16.0-2.14","","747.6299998816103","textaufgaben","","","","<p>Eine Studentin muss W&ouml;rter lernen.</p> <p>Die Studentin hat 42 W&ouml;rter gelernt.</p> <p>Sie kennt jetzt 68 W&ouml;rter.</p> <p>Wie viele W&ouml;rter hatte sie am Anfang gekonnt?</p>","54","68 - 42","nc","7","S","I","26","40"
"html-keyboard-response","61","469593","0.0-16.0-0.15","","null","","","","","+","null","","","","","","",""
"html-keyboard-response","62","480041","0.0-16.0-1.15","","10445.880000013858","textaufgaben","","","","<p>Ein Dieb hat einer Frau einige Diamanten gestohlen.</p> <p>Der Dieb hatte ihr 54 Diamanten gestohlen.</p> <p>Die Polizei findet 28 Diamanten wieder.</p> <p>Wie viele Diamanten muss die Polizei noch finden?</p>","50","54 - 28","c","8","S","I","26","46"
"html-keyboard-response","63","480744","0.0-16.0-2.15","","700.694999890402","textaufgaben","","","","<p>Ein Dieb hat einer Frau einige Diamanten gestohlen.</p> <p>Der Dieb hatte ihr 54 Diamanten gestohlen.</p> <p>Die Polizei findet 28 Diamanten wieder.</p> <p>Wie viele Diamanten muss die Polizei noch finden?</p>","54","54 - 28","c","8","S","I","26","46"
"html-keyboard-response","64","481747","0.0-16.0-0.16","","null","","","","","+","null","","","","","","",""
"html-keyboard-response","65","499701","0.0-16.0-1.16","","17951.945000095293","textaufgaben","","","","<p>Ein M&auml;dchen sammelt B&uuml;cher.</p> <p>Sie hat 35 B&uuml;cher erhalten.</p> <p>Das M&auml;dchen hatte davor 54 B&uuml;cher.</p> <p>Wie viele B&uuml;cher hat sie am Ende?</p>","56","54 + 35","nc","1","A","C","89","4"
"html-keyboard-response","66","499988","0.0-16.0-2.16","","284.4899999909103","textaufgaben","","","","<p>Ein M&auml;dchen sammelt B&uuml;cher.</p> <p>Sie hat 35 B&uuml;cher erhalten.</p> <p>Das M&auml;dchen hatte davor 54 B&uuml;cher.</p> <p>Wie viele B&uuml;cher hat sie am Ende?</p>","57","54 + 35","nc","1","A","C","89","4"
"html-keyboard-response","67","500990","0.0-16.0-0.17","","null","","","","","+","null","","","","","","",""
"html-keyboard-response","68","508537","0.0-16.0-1.17","","7544.900000095367","textaufgaben","","","","<p>Einige Leute wurden zur Party eingeladen.</p> <p>19 Leute sind sp&auml;ter gekommen.</p> <p>Es waren anfangs 24 Leute auf der Party.</p> <p>Wie viele Leute waren am Ende auf der Party?</p>","52","24 + 19","c","2","A","C","43","8"
"html-keyboard-response","69","508727","0.0-16.0-2.17","","182.7599999960512","textaufgaben","","","","<p>Einige Leute wurden zur Party eingeladen.</p> <p>19 Leute sind sp&auml;ter gekommen.</p> <p>Es waren anfangs 24 Leute auf der Party.</p> <p>Wie viele Leute waren am Ende auf der Party?</p>","51","24 + 19","c","2","A","C","43","8"
"html-keyboard-response","70","509732","0.0-16.0-0.18","","null","","","","","+","null","","","","","","",""
"html-keyboard-response","71","522623","0.0-16.0-1.18","","12887.860000133514","textaufgaben","","","","<p>Ein Mann spart Geld f&uuml;r einige Anschaffungen.</p> <p>Er hatte 37 Euro gehabt.</p> <p>Er hat 14 Euro ausgegeben.</p> <p>Wie viel Geld hat er am Ende?</p>","50","37 - 14","nc","3","S","C","23","25"
"html-keyboard-response","72","523209","0.0-16.0-2.18","","583.4550000727177","textaufgaben","","","","<p>Ein Mann spart Geld f&uuml;r einige Anschaffungen.</p> <p>Er hatte 37 Euro gehabt.</p> <p>Er hat 14 Euro ausgegeben.</p> <p>Wie viel Geld hat er am Ende?</p>","51","37 - 14","nc","3","S","C","23","25"
"html-keyboard-response","73","524217","0.0-16.0-0.19","","null","","","","","+","null","","","","","","",""
"html-keyboard-response","74","529978","0.0-16.0-1.19","","5758.720000041649","textaufgaben","","","","<p>Ein Dieb hat einer Frau einige Diamanten gestohlen.</p> <p>Der Dieb hat ihr 16 Diamanten gestohlen.</p> <p>Sie hatte am Anfang 41 Diamanten gehabt.</p> <p>Wie viele Diamanten hat sie jetzt?</p>","50","41 - 16","c","4","S","C","25","19"
"html-keyboard-response","75","530437","0.0-16.0-2.19","","456.60499995574355","textaufgaben","","","","<p>Ein Dieb hat einer Frau einige Diamanten gestohlen.</p> <p>Der Dieb hat ihr 16 Diamanten gestohlen.</p> <p>Sie hatte am Anfang 41 Diamanten gehabt.</p> <p>Wie viele Diamanten hat sie jetzt?</p>","53","41 - 16","c","4","S","C","25","19"
"html-keyboard-response","76","531442","0.0-16.0-0.20","","null","","","","","+","null","","","","","","",""
"html-keyboard-response","77","544687","0.0-16.0-1.20","","13243.475000141189","textaufgaben","","","","<p>Eine Tennisspielerin spielt Turniere.</p> <p>Sie hatte fr&uuml;her 23 Spiele verloren.</p> <p>Sie hat 14 Spiele in dieser Saison verloren.</p> <p>Wie viele Spiele hat sie in ihrer Karriere verloren?</p>","51","23 + 14","nc","5","A","I","37","28"
"html-keyboard-response","78","544908","0.0-16.0-2.20","","218.86999998241663","textaufgaben","","","","<p>Eine Tennisspielerin spielt Turniere.</p> <p>Sie hatte fr&uuml;her 23 Spiele verloren.</p> <p>Sie hat 14 Spiele in dieser Saison verloren.</p> <p>Wie viele Spiele hat sie in ihrer Karriere verloren?</p>","55","23 + 14","nc","5","A","I","37","28"
"html-keyboard-response","79","545910","0.0-16.0-0.21","","null","","","","","+","null","","","","","","",""
"html-keyboard-response","80","553633","0.0-16.0-1.21","","7720.680000027642","textaufgaben","","","","<p>Ein M&auml;dchen sammelt B&uuml;cher.</p> <p>Das M&auml;dchen verschenkt 25 B&uuml;cher.</p> <p>Sie hat danach 17 B&uuml;cher.</p> <p>Wie viele B&uuml;cher hatte sie am Anfang?</p>","52","25 + 17","c","6","A","I","42","34"
"html-keyboard-response","81","554076","0.0-16.0-2.21","","440.2350001037121","textaufgaben","","","","<p>Ein M&auml;dchen sammelt B&uuml;cher.</p> <p>Das M&auml;dchen verschenkt 25 B&uuml;cher.</p> <p>Sie hat danach 17 B&uuml;cher.</p> <p>Wie viele B&uuml;cher hatte sie am Anfang?</p>","50","25 + 17","c","6","A","I","42","34"
"html-keyboard-response","82","555077","0.0-16.0-0.22","","null","","","","","+","null","","","","","","",""
"html-keyboard-response","83","562010","0.0-16.0-1.22","","6930.5249999742955","textaufgaben","","","","<p>Einige Leute wurden zur Party eingeladen.</p> <p>Es sind 25 Leute auf der Party.</p> <p>12 Leute sind sp&auml;ter gekommen.</p> <p>Wie viele Leute waren am Anfang auf der Party?</p>","49","25 - 12","nc","7","S","I","13","37"
"html-keyboard-response","84","562221","0.0-16.0-2.22","","208.70999991893768","textaufgaben","","","","<p>Einige Leute wurden zur Party eingeladen.</p> <p>Es sind 25 Leute auf der Party.</p> <p>12 Leute sind sp&auml;ter gekommen.</p> <p>Wie viele Leute waren am Anfang auf der Party?</p>","51","25 - 12","nc","7","S","I","13","37"
"html-keyboard-response","85","563224","0.0-16.0-0.23","","null","","","","","+","null","","","","","","",""
"html-keyboard-response","86","570141","0.0-16.0-1.23","","6915.065000066534","textaufgaben","","","","<p>Eine Studentin muss W&ouml;rter lernen.</p> <p>Die Studentin hat 13 W&ouml;rter gelernt.</p> <p>Sie kennt jetzt 31 W&ouml;rter.</p> <p>Wie viele W&ouml;rter hatte sie am Anfang gekonnt?</p>","49","31 - 13","c","8","S","I","18","45"
"html-keyboard-response","87","570313","0.0-16.0-2.23","","169.80999987572432","textaufgaben","","","","<p>Eine Studentin muss W&ouml;rter lernen.</p> <p>Die Studentin hat 13 W&ouml;rter gelernt.</p> <p>Sie kennt jetzt 31 W&ouml;rter.</p> <p>Wie viele W&ouml;rter hatte sie am Anfang gekonnt?</p>","56","31 - 13","c","8","S","I","18","45"
"html-keyboard-response","88","571315","0.0-16.0-0.24","","null","","","","","+","null","","","","","","",""
"html-keyboard-response","89","585005","0.0-16.0-1.24","","13688.534999964759","textaufgaben","","","","<p>Ein paar Freunde suchen Pilze im Wald.</p> <p>Sie sammeln gerade 13 Pilze.</p> <p>Sie hatten 36 Pilze davor.</p> <p>Wie viele Pilze haben sie am Ende?</p>","52","36 + 13","nc","1","A","C","49","2"
"html-keyboard-response","90","585150","0.0-16.0-2.24","","142.5650001037866","textaufgaben","","","","<p>Ein paar Freunde suchen Pilze im Wald.</p> <p>Sie sammeln gerade 13 Pilze.</p> <p>Sie hatten 36 Pilze davor.</p> <p>Wie viele Pilze haben sie am Ende?</p>","57","36 + 13","nc","1","A","C","49","2"
"html-keyboard-response","91","586157","0.0-16.0-0.25","","null","","","","","+","null","","","","","","",""
"html-keyboard-response","92","594735","0.0-16.0-1.25","","8575.979999965057","textaufgaben","","","","<p>Eine Studentin muss W&ouml;rter lernen.</p> <p>Die Studentin kannte 43 W&ouml;rter.</p> <p>Sie hat gerade 19 W&ouml;rter gelernt.</p> <p>Wie viele W&ouml;rter kennt die Studentin am Ende?</p>","54","43 + 19","c","2","A","C","62","7"
"html-keyboard-response","93","594930","0.0-16.0-2.25","","192.52499984577298","textaufgaben","","","","<p>Eine Studentin muss W&ouml;rter lernen.</p> <p>Die Studentin kannte 43 W&ouml;rter.</p> <p>Sie hat gerade 19 W&ouml;rter gelernt.</p> <p>Wie viele W&ouml;rter kennt die Studentin am Ende?</p>","50","43 + 19","c","2","A","C","62","7"
"html-keyboard-response","94","595937","0.0-16.0-0.26","","null","","","","","+","null","","","","","","",""
"html-keyboard-response","95","601057","0.0-16.0-1.26","","5117.4550000578165","textaufgaben","","","","<p>Eine Marktfrau verkauft &Auml;pfel auf dem Markt.</p> <p>Die Marktfrau verkauft 13 &Auml;pfel.</p> <p>Sie hatte 25 &Auml;pfel mitgebracht.</p> <p>Wie viele &Auml;pfel hat sie am Ende?</p>","49","25 - 13","nc","3","S","C","12","13"
"html-keyboard-response","96","601223","0.0-16.0-2.26","","163.90000004321337","textaufgaben","","","","<p>Eine Marktfrau verkauft &Auml;pfel auf dem Markt.</p> <p>Die Marktfrau verkauft 13 &Auml;pfel.</p> <p>Sie hatte 25 &Auml;pfel mitgebracht.</p> <p>Wie viele &Auml;pfel hat sie am Ende?</p>","50","25 - 13","nc","3","S","C","12","13"
"html-keyboard-response","97","602224","0.0-16.0-0.27","","null","","","","","+","null","","","","","","",""
"html-keyboard-response","98","611876","0.0-16.0-1.27","","9649.590000044554","textaufgaben","","","","<p>Ein M&auml;dchen sammelt B&uuml;cher.</p> <p>Das M&auml;dchen verschenkt 17 B&uuml;cher.</p> <p>Sie hatte 46 B&uuml;cher  mitgebracht.</p> <p>Wie viele B&uuml;cher hat sie am Ende?</p>","50","46 - 17","c","4","S","C","29","22"
"html-keyboard-response","99","612443","0.0-16.0-2.27","","564.8499999660999","textaufgaben","","","","<p>Ein M&auml;dchen sammelt B&uuml;cher.</p> <p>Das M&auml;dchen verschenkt 17 B&uuml;cher.</p> <p>Sie hatte 46 B&uuml;cher  mitgebracht.</p> <p>Wie viele B&uuml;cher hat sie am Ende?</p>","57","46 - 17","c","4","S","C","29","22"
"html-keyboard-response","100","613449","0.0-16.0-0.28","","null","","","","","+","null","","","","","","",""
"html-keyboard-response","101","631756","0.0-16.0-1.28","","18305.159999988973","textaufgaben","","","","<p>Ein paar Freunde suchen Pilze im Wald.</p> <p>Sie werfen gerade 23 giftige Pilze weg.</p> <p>Sie haben 31 Pilze &uuml;brig.</p> <p>Wie viele Pilze hatten sie fr&uuml;her?</p>","53","31 + 23","nc","5","A","I","54","25"
"html-keyboard-response","102","631953","0.0-16.0-2.28","","194.92999999783933","textaufgaben","","","","<p>Ein paar Freunde suchen Pilze im Wald.</p> <p>Sie werfen gerade 23 giftige Pilze weg.</p> <p>Sie haben 31 Pilze &uuml;brig.</p> <p>Wie viele Pilze hatten sie fr&uuml;her?</p>","52","31 + 23","nc","5","A","I","54","25"
"html-keyboard-response","103","632963","0.0-16.0-0.29","","null","","","","","+","null","","","","","","",""
"html-keyboard-response","104","644733","0.0-16.0-1.29","","11768.14500009641","textaufgaben","","","","<p>Eine Tennisspielerin spielt Turniere.</p> <p>Sie hat in dieser Saison 17 Spiele verloren.</p> <p>Sie hatte fr&uuml;her 76 Spiele verloren.</p> <p>Wie viele Spiele hat sie in ihrer Karriere verloren?</p>","57","76 + 17","c","6","A","I","93","36"
"html-keyboard-response","105","645387","0.0-16.0-2.29","","647.995000006631","textaufgaben","","","","<p>Eine Tennisspielerin spielt Turniere.</p> <p>Sie hat in dieser Saison 17 Spiele verloren.</p> <p>Sie hatte fr&uuml;her 76 Spiele verloren.</p> <p>Wie viele Spiele hat sie in ihrer Karriere verloren?</p>","51","76 + 17","c","6","A","I","93","36"
"html-keyboard-response","106","646389","0.0-16.0-0.30","","null","","","","","+","null","","","","","","",""
"html-keyboard-response","107","653273","0.0-16.0-1.30","","6882.1449999231845","textaufgaben","","","","<p>Ein Mann spart Geld f&uuml;r einige Anschaffungen.</p> <p>Er hat jetzt 37 Euro.</p> <p>Er hatte 24 Euro verdient.</p> <p>Wie viel Geld hatte er am Anfang?</p>","49","37 - 24","nc","7","S","I","13","41"
"html-keyboard-response","108","653531","0.0-16.0-2.30","","254.7950001899153","textaufgaben","","","","<p>Ein Mann spart Geld f&uuml;r einige Anschaffungen.</p> <p>Er hat jetzt 37 Euro.</p> <p>Er hatte 24 Euro verdient.</p> <p>Wie viel Geld hatte er am Anfang?</p>","51","37 - 24","nc","7","S","I","13","41"
"html-keyboard-response","109","654533","0.0-16.0-0.31","","null","","","","","+","null","","","","","","",""
"html-keyboard-response","110","668516","0.0-16.0-1.31","","13980.50000006333","textaufgaben","","","","<p>Ein M&auml;dchen sammelt B&uuml;cher.</p> <p>Das M&auml;dchen erh&auml;lt 45 B&uuml;cher.</p> <p>Sie hat danach 74 B&uuml;cher.</p> <p>Wie viele B&uuml;cher hatte sie am Anfang?</p>","50","74 - 45","c","8","S","I","29","48"
"html-keyboard-response","111","668765","0.0-16.0-2.31","","247.23000009544194","textaufgaben","","","","<p>Ein M&auml;dchen sammelt B&uuml;cher.</p> <p>Das M&auml;dchen erh&auml;lt 45 B&uuml;cher.</p> <p>Sie hat danach 74 B&uuml;cher.</p> <p>Wie viele B&uuml;cher hatte sie am Anfang?</p>","57","74 - 45","c","8","S","I","29","48"
"html-keyboard-response","112","669775","0.0-16.0-0.32","","null","","","","","+","null","","","","","","",""
"html-keyboard-response","113","675127","0.0-16.0-1.32","","5349.519999930635","textaufgaben","","","","<p>Einige Leute wurden zur Party eingeladen.</p> <p>12 Leute sind sp&auml;ter gekommen.</p> <p>Es waren davor 75 Leute auf der Party.</p> <p>Wie viele Leute waren am Ende auf der Party?</p>","56","75 + 12","nc","1","A","C","87","6"
"html-keyboard-response","114","675310","0.0-16.0-2.32","","180.665000109002","textaufgaben","","","","<p>Einige Leute wurden zur Party eingeladen.</p> <p>12 Leute sind sp&auml;ter gekommen.</p> <p>Es waren davor 75 Leute auf der Party.</p> <p>Wie viele Leute waren am Ende auf der Party?</p>","55","75 + 12","nc","1","A","C","87","6"
"html-keyboard-response","115","676312","0.0-16.0-0.33","","null","","","","","+","null","","","","","","",""
"html-keyboard-response","116","688910","0.0-16.0-1.33","","12594.690000172704","textaufgaben","","","","<p>Ein M&auml;dchen sammelt B&uuml;cher.</p> <p>Sie erh&auml;lt 18 B&uuml;cher.</p> <p>Das M&auml;dchen hatte am Anfang 46 B&uuml;cher gehabt.</p> <p>Wie viele B&uuml;cher hat sie am Ende?</p>","54","46 + 18","c","2","A","C","64","11"
"html-keyboard-response","117","689084","0.0-16.0-2.33","","171.74499994143844","textaufgaben","","","","<p>Ein M&auml;dchen sammelt B&uuml;cher.</p> <p>Sie erh&auml;lt 18 B&uuml;cher.</p> <p>Das M&auml;dchen hatte am Anfang 46 B&uuml;cher gehabt.</p> <p>Wie viele B&uuml;cher hat sie am Ende?</p>","52","46 + 18","c","2","A","C","64","11"
"html-keyboard-response","118","690086","0.0-16.0-0.34","","null","","","","","+","null","","","","","","",""
"html-keyboard-response","119","697169","0.0-16.0-1.34","","7080.079999985173","textaufgaben","","","","<p>Eine Studentin muss W&ouml;rter lernen.</p> <p>Die Studentin vergisst 12 W&ouml;rter.</p> <p>Sie hat am Anfang 58 W&ouml;rter gelernt.</p> <p>Wie viele W&ouml;rter hat sie richtig gelernt?</p>","52","58 - 12","nc","3","S","C","46","14"
"html-keyboard-response","120","698883","0.0-16.0-2.34","","1711.7149999830872","textaufgaben","","","","<p>Eine Studentin muss W&ouml;rter lernen.</p> <p>Die Studentin vergisst 12 W&ouml;rter.</p> <p>Sie hat am Anfang 58 W&ouml;rter gelernt.</p> <p>Wie viele W&ouml;rter hat sie richtig gelernt?</p>","54","58 - 12","nc","3","S","C","46","14"
"html-keyboard-response","121","699887","0.0-16.0-0.35","","null","","","","","+","null","","","","","","",""
"html-keyboard-response","122","715023","0.0-16.0-1.35","","15133.559999987483","textaufgaben","","","","<p>Eine Tennisspielerin spielt Turniere.</p> <p>Sie verlor 18 Spiele.</p> <p>Sie hat in dieser Saison 34 Spiele gespielt.</p> <p>Wie viele Spiele hat sie gewonnen?</p>","49","34 - 18","c","4","S","C","16","21"
"html-keyboard-response","123","715636","0.0-16.0-2.35","","611.2450000364333","textaufgaben","","","","<p>Eine Tennisspielerin spielt Turniere.</p> <p>Sie verlor 18 Spiele.</p> <p>Sie hat in dieser Saison 34 Spiele gespielt.</p> <p>Wie viele Spiele hat sie gewonnen?</p>","54","34 - 18","c","4","S","C","16","21"
"html-keyboard-response","124","716643","0.0-16.0-0.36","","null","","","","","+","null","","","","","","",""
"html-keyboard-response","125","727005","0.0-16.0-1.36","","10358.720000134781","textaufgaben","","","","<p>Einige Leute wurden zur Party eingeladen.</p> <p>72 Leute haben die Party verlassen.</p> <p>Es blieben danach 26 Leute.</p> <p>Wie viele Leute waren zur Party gekommen?</p>","57","72 + 26","nc","5","A","I","98","27"
"html-keyboard-response","126","727187","0.0-16.0-2.36","","179.44000009447336","textaufgaben","","","","<p>Einige Leute wurden zur Party eingeladen.</p> <p>72 Leute haben die Party verlassen.</p> <p>Es blieben danach 26 Leute.</p> <p>Wie viele Leute waren zur Party gekommen?</p>","56","72 + 26","nc","5","A","I","98","27"
"html-keyboard-response","127","728189","0.0-16.0-0.37","","null","","","","","+","null","","","","","","",""
"html-keyboard-response","128","742236","0.0-16.0-1.37","","14041.990000056103","textaufgaben","","","","<p>Eine Studentin muss W&ouml;rter lernen.</p> <p>Die Studentin hat 53 W&ouml;rtern vergessen.</p> <p>Sie lernt sp&auml;ter 18 andere W&ouml;rter.</p> <p>Wie viele W&ouml;rter m&uuml;sste sie kennen?</p>","49","53 + 18","c","6","A","I","71","33"
"html-keyboard-response","129","742376","0.0-16.0-2.37","","137.0749999769032","textaufgaben","","","","<p>Eine Studentin muss W&ouml;rter lernen.</p> <p>Die Studentin hat 53 W&ouml;rtern vergessen.</p> <p>Sie lernt sp&auml;ter 18 andere W&ouml;rter.</p> <p>Wie viele W&ouml;rter m&uuml;sste sie kennen?</p>","56","53 + 18","c","6","A","I","71","33"
"html-keyboard-response","130","743384","0.0-16.0-0.38","","null","","","","","+","null","","","","","","",""
"html-keyboard-response","131","751150","0.0-16.0-1.38","","7762.679999927059","textaufgaben","","","","<p>Eine Tennisspielerin spielt Turniere.</p> <p>Sie hat in dieser Saison 29 Spiele gespielt.</p> <p>Sie gewann 13 Spiele.</p> <p>Wie viele Spiele hatte sie verloren?</p>","49","29 - 13","nc","7","S","I","16","39"
"html-keyboard-response","132","751236","0.0-16.0-2.38","","84.35499994084239","textaufgaben","","","","<p>Eine Tennisspielerin spielt Turniere.</p> <p>Sie hat in dieser Saison 29 Spiele gespielt.</p> <p>Sie gewann 13 Spiele.</p> <p>Wie viele Spiele hatte sie verloren?</p>","54","29 - 13","nc","7","S","I","16","39"
"html-keyboard-response","133","752238","0.0-16.0-0.39","","null","","","","","+","null","","","","","","",""
"html-keyboard-response","134","768903","0.0-16.0-1.39","","16662.745000096038","textaufgaben","","","","<p>Ein Mann spart Geld f&uuml;r einige Anschaffungen.</p> <p>Er verdient heute 19 Euro.</p> <p>Er hat jetzt 37 Euro.</p> <p>Wie viel Geld hatte er am Anfang?</p>","49","37 - 19","c","8","S","I","18","44"
"html-keyboard-response","135","769107","0.0-16.0-2.39","","201.36000006459653","textaufgaben","","","","<p>Ein Mann spart Geld f&uuml;r einige Anschaffungen.</p> <p>Er verdient heute 19 Euro.</p> <p>Er hat jetzt 37 Euro.</p> <p>Wie viel Geld hatte er am Anfang?</p>","56","37 - 19","c","8","S","I","18","44"
"html-keyboard-response","136","770108","0.0-16.0-0.40","","null","","","","","+","null","","","","","","",""
"html-keyboard-response","137","775306","0.0-16.0-1.40","","5194.224999984726","textaufgaben","","","","<p>Ein Mann spart Geld f&uuml;r einige Anschaffungen.</p> <p>Er hatte 21 Euro.</p> <p>Er verdient 13 Euro.</p> <p>Wie viel Geld hat der Mann jetzt?</p>","51","21 + 13","nc","1","A","C","34","1"
"html-keyboard-response","138","775528","0.0-16.0-2.40","","220.47999990172684","textaufgaben","","","","<p>Ein Mann spart Geld f&uuml;r einige Anschaffungen.</p> <p>Er hatte 21 Euro.</p> <p>Er verdient 13 Euro.</p> <p>Wie viel Geld hat der Mann jetzt?</p>","52","21 + 13","nc","1","A","C","34","1"
"html-keyboard-response","139","776531","0.0-16.0-0.41","","null","","","","","+","null","","","","","","",""
"html-keyboard-response","140","797494","0.0-16.0-1.41","","20960.949999978766","textaufgaben","","","","<p>Eine Tennisspielerin spielt Turniere.</p> <p>Sie hat 16 Spiele in dieser Saison gewonnen.</p> <p>Sie hat vor dieser Saison 25 Spiele gewonnen.</p> <p>Wie viele Spiele hat sie in ihrer Karriere gewonnen?</p>","52","25 + 16","c","2","A","C","41","10"
"html-keyboard-response","141","797821","0.0-16.0-2.41","","324.90499992854893","textaufgaben","","","","<p>Eine Tennisspielerin spielt Turniere.</p> <p>Sie hat 16 Spiele in dieser Saison gewonnen.</p> <p>Sie hat vor dieser Saison 25 Spiele gewonnen.</p> <p>Wie viele Spiele hat sie in ihrer Karriere gewonnen?</p>","49","25 + 16","c","2","A","C","41","10"
"html-keyboard-response","142","798829","0.0-16.0-0.42","","null","","","","","+","null","","","","","","",""
"html-keyboard-response","143","801815","0.0-16.0-1.42","","2983.8250000029802","textaufgaben","","","","<p>Ein M&auml;dchen sammelt B&uuml;cher.</p> <p>Das M&auml;dchen hat 28 B&uuml;cher.</p> <p>Sie verschenkt 13 B&uuml;cher an ihre Freunde.</p> <p>Wie viele B&uuml;cher hat sie am Ende?</p>","49","28 - 13","nc","3","S","C","15","17"
"html-keyboard-response","144","802363","0.0-16.0-2.42","","546.2050000205636","textaufgaben","","","","<p>Ein M&auml;dchen sammelt B&uuml;cher.</p> <p>Das M&auml;dchen hat 28 B&uuml;cher.</p> <p>Sie verschenkt 13 B&uuml;cher an ihre Freunde.</p> <p>Wie viele B&uuml;cher hat sie am Ende?</p>","53","28 - 13","nc","3","S","C","15","17"
"html-keyboard-response","145","803368","0.0-16.0-0.43","","null","","","","","+","null","","","","","","",""
"html-keyboard-response","146","817351","0.0-16.0-1.43","","13981.189999962226","textaufgaben","","","","<p>Einige Leute wurden zur Party eingeladen.</p> <p>41 Leute sind zur Party gekommen.</p> <p>25 Leute haben die Party fr&uuml;her verlassen.</p> <p>Wie viele Leute sind jetzt auf der Party?</p>","49","41 - 25","c","4","S","C","16","23"
"html-keyboard-response","147","817425","0.0-16.0-2.43","","72.10999983362854","textaufgaben","","","","<p>Einige Leute wurden zur Party eingeladen.</p> <p>41 Leute sind zur Party gekommen.</p> <p>25 Leute haben die Party fr&uuml;her verlassen.</p> <p>Wie viele Leute sind jetzt auf der Party?</p>","54","41 - 25","c","4","S","C","16","23"
"html-keyboard-response","148","818433","0.0-16.0-0.44","","null","","","","","+","null","","","","","","",""
"html-keyboard-response","149","824637","0.0-16.0-1.44","","6202.114999992773","textaufgaben","","","","<p>Ein Dieb hat einer Frau einige Diamanten gestohlen.</p> <p>Sie hat jetzt 34 Diamanten.</p> <p>Der Dieb hatte ihr 25 Diamanten gestohlen.</p> <p>Wie viele Diamanten hatte die Frau?</p>","53","34 + 25","nc","5","A","I","59","29"
"html-keyboard-response","150","824705","0.0-16.0-2.44","","65.63500012271106","textaufgaben","","","","<p>Ein Dieb hat einer Frau einige Diamanten gestohlen.</p> <p>Sie hat jetzt 34 Diamanten.</p> <p>Der Dieb hatte ihr 25 Diamanten gestohlen.</p> <p>Wie viele Diamanten hatte die Frau?</p>","57","34 + 25","nc","5","A","I","59","29"
"html-keyboard-response","151","825708","0.0-16.0-0.45","","null","","","","","+","null","","","","","","",""
"html-keyboard-response","152","835072","0.0-16.0-1.45","","9361.800000071526","textaufgaben","","","","<p>Eine Marktfrau verkauft &Auml;pfel auf dem Markt.</p> <p>Sie hat jetzt 38 &Auml;pfel.</p> <p>Die Marktfrau hatte davor 26 &Auml;pfel verkauft.</p> <p>Wie viele &Auml;pfel hatte sie am Anfang?</p>","54","38 + 26","c","6","A","I","64","35"
"html-keyboard-response","153","835309","0.0-16.0-2.45","","234.8750000819564","textaufgaben","","","","<p>Eine Marktfrau verkauft &Auml;pfel auf dem Markt.</p> <p>Sie hat jetzt 38 &Auml;pfel.</p> <p>Die Marktfrau hatte davor 26 &Auml;pfel verkauft.</p> <p>Wie viele &Auml;pfel hatte sie am Anfang?</p>","52","38 + 26","c","6","A","I","64","35"
"html-keyboard-response","154","836319","0.0-16.0-0.46","","null","","","","","+","null","","","","","","",""
"html-keyboard-response","155","847058","0.0-16.0-1.46","","10736.359999980778","textaufgaben","","","","<p>Ein Dieb hat einer Frau einige Diamanten gestohlen.</p> <p>Die Polizei hat 13 Diamanten wiedergefunden.</p> <p>Der Dieb hatte ihr 37 Diamanten gestohlen.</p> <p>Wie viele Diamanten muss die Polizei noch finden?</p>","50","37 - 13","nc","7","S","I","14","38"
"html-keyboard-response","156","847333","0.0-16.0-2.46","","272.3050001077354","textaufgaben","","","","<p>Ein Dieb hat einer Frau einige Diamanten gestohlen.</p> <p>Die Polizei hat 13 Diamanten wiedergefunden.</p> <p>Der Dieb hatte ihr 37 Diamanten gestohlen.</p> <p>Wie viele Diamanten muss die Polizei noch finden?</p>","52","37 - 13","nc","7","S","I","14","38"
"html-keyboard-response","157","848337","0.0-16.0-0.47","","null","","","","","+","null","","","","","","",""
