"trial_type","trial_index","time_elapsed","internal_node_id","view_history","rt","test_part","responses","question_order","success","stimulus","key_press","task","type","condition","operation","consistency","correct_response","task_id","button_pressed","status"
"pavlovia","0","5","0.0-0.0","","","","","","","","","","","","","","","","",""
"instructions","1","18764","0.0-1.0","[{""page_index"":0,""viewing_time"":16099.900000001071},{""page_index"":1,""viewing_time"":2657.4600000021746}]","18758.319999993546","teilnehmerinfo","","","","","","","","","","","","","",""
"survey-multi-select","2","23432","0.0-2.0","","4665.9099999960745","Einverstaendniserklaerung","{""einverstaendnis;"":[""Ich erkl&auml;re mich damit einverstanden, an der Studie teilzunehmen!""]}","[0]","","","","","","","","","","","",""
"fullscreen","3","25706","0.0-3.0","","","","","","true","","","","","","","","","","",""
"survey-text","4","28704","0.0-4.0","","2993.7300000019604","demoFragen_Seite_1","{""Alter"":""22""}","","","","","","","","","","","","",""
"survey-multi-choice","5","37500","0.0-5.0","","8793.940000003204","demoFragen_Seite_2","{""handedneß"":"" rechtshändig "",""sex"":"" männlich "",""firstlanguage"":"" ja "",""ethnic"":"" Weiß ""}","[0,1,2,3]","","","","","","","","","","","",""
"survey-multi-choice","6","47700","0.0-6.0","","10198.109999997541","demoFragen_Seite_3","{""legasthenie"":"" ja "",""dyskalkulie"":"" nein "",""student"":"" ja "",""beschäftigung"":"" keine Beschäftigung ""}","[0,1,2,3]","","","","","","","","","","","",""
"survey-multi-choice","7","69468","0.0-7.0","","21766.36999999755","demoFragen_Seite_4","{""bildung"":"" Fachhoch-/Hochschulreife "",""educationmath"":"" mittel (z.B. Wirtschaft, Management, Medizin, Psychologie, Biologie, Chemie) "",""workmath"":"" keine Angabe ""}","[0,1,2]","","","","","","","","","","","",""
"instructions","8","81192","0.0-8.0","[{""page_index"":0,""viewing_time"":11722.255000000587}]","11722.674999997253","Instruktion_GAD","","","","","","","","","","","","","",""
"survey-likert","9","102875","0.0-9.0","","21681.41000000469","GAD","{""GADa"":0,""GADb"":0,""GADc"":1,""GADd"":0,""GADe"":0,""GADf"":0,""GADg"":0}","[0,1,2,3,4,5,6]","","","","","","","","","","","",""
"instructions","10","105451","0.0-10.0","[{""page_index"":0,""viewing_time"":2575.3550000081304}]","2575.7049999956507","Instruktion_STAI","","","","","","","","","","","","","",""
"survey-likert","11","116040","0.0-11.0","","10587.195000000065","STAI","{""STAI1"":0,""STAI2"":0,""STAI3"":1,""STAI4"":0,""STAI5"":0}","[0,1,2,3,4]","","","","","","","","","","","",""
"instructions","12","117805","0.0-12.0","[{""page_index"":0,""viewing_time"":1764.210000008461}]","1764.5350000093458","Instruktion_AMAS","","","","","","","","","","","","","",""
"survey-likert","13","150874","0.0-13.0","","33066.35500000266","AMAS","{""AMAS1"":0,""AMAS2"":0,""AMAS3"":0,""AMAS4"":0,""AMAS5"":0,""AMAS6"":0,""AMAS7"":0,""AMAS8"":0,""AMAS9"":0}","[0,1,2,3,4,5,6,7,8]","","","","","","","","","","","",""
"instructions","14","155404","0.0-14.0","[{""page_index"":0,""viewing_time"":4528.220000007423}]","4528.665000005276","Instruktion_TEXT","","","","","","","","","","","","","",""
"instructions","15","162389","0.0-15.0","[{""page_index"":0,""viewing_time"":6984.729999996489}]","6985.019999992801","Instruktion_TEXT_Beispiel","","","","","","","","","","","","","",""
"html-keyboard-response","16","163392","0.0-16.0-0.0","","null","","","","","+","null","","","","","","","","",""
"html-keyboard-response","17","172106","0.0-16.0-1.0","","8712.759999994887","textaufgaben","","","","<p>Ein Mann spart Geld f&uuml;r einige Anschaffungen.</p> <p>Er hatte 21 Euro.</p> <p>Er verdient 13 Euro.</p> <p>Wie viel Geld hat der Mann jetzt?</p>","51","21 + 13","nc","1","A","C","34","1","",""
"html-keyboard-response","18","172372","0.0-16.0-2.0","","265.3250000003027","textaufgaben","","","","<p>Ein Mann spart Geld f&uuml;r einige Anschaffungen.</p> <p>Er hatte 21 Euro.</p> <p>Er verdient 13 Euro.</p> <p>Wie viel Geld hat der Mann jetzt?</p>","52","21 + 13","nc","1","A","C","34","1","",""
"html-keyboard-response","19","173374","0.0-16.0-0.1","","null","","","","","+","null","","","","","","","","",""
"html-keyboard-response","20","182459","0.0-16.0-1.1","","9083.9399999968","textaufgaben","","","","<p>Eine Tennisspielerin spielt Turniere.</p> <p>Sie hat 16 Spiele in dieser Saison gewonnen.</p> <p>Sie hat vor dieser Saison 25 Spiele gewonnen.</p> <p>Wie viele Spiele hat sie in ihrer Karriere gewonnen?</p>","52","25 + 16","c","2","A","C","41","10","",""
"html-keyboard-response","21","182679","0.0-16.0-2.1","","219.01499999512453","textaufgaben","","","","<p>Eine Tennisspielerin spielt Turniere.</p> <p>Sie hat 16 Spiele in dieser Saison gewonnen.</p> <p>Sie hat vor dieser Saison 25 Spiele gewonnen.</p> <p>Wie viele Spiele hat sie in ihrer Karriere gewonnen?</p>","49","25 + 16","c","2","A","C","41","10","",""
"html-keyboard-response","22","183680","0.0-16.0-0.2","","null","","","","","+","null","","","","","","","","",""
"html-keyboard-response","23","188585","0.0-16.0-1.2","","4903.455000006943","textaufgaben","","","","<p>Ein M&auml;dchen sammelt B&uuml;cher.</p> <p>Das M&auml;dchen hat 28 B&uuml;cher.</p> <p>Sie verschenkt 13 B&uuml;cher an ihre Freunde.</p> <p>Wie viele B&uuml;cher hat sie am Ende?</p>","49","28 - 13","nc","3","S","C","15","17","",""
"html-keyboard-response","24","189074","0.0-16.0-2.2","","488.40000000200234","textaufgaben","","","","<p>Ein M&auml;dchen sammelt B&uuml;cher.</p> <p>Das M&auml;dchen hat 28 B&uuml;cher.</p> <p>Sie verschenkt 13 B&uuml;cher an ihre Freunde.</p> <p>Wie viele B&uuml;cher hat sie am Ende?</p>","53","28 - 13","nc","3","S","C","15","17","",""
"html-keyboard-response","25","190076","0.0-16.0-0.3","","null","","","","","+","null","","","","","","","","",""
"html-keyboard-response","26","202623","0.0-16.0-1.3","","12546.199999997043","textaufgaben","","","","<p>Eine Tennisspielerin spielt Turniere.</p> <p>Sie verlor 18 Spiele.</p> <p>Sie hat in dieser Saison 34 Spiele gespielt.</p> <p>Wie viele Spiele hat sie gewonnen?</p>","49","34 - 18","c","4","S","C","16","21","",""
"html-keyboard-response","27","203138","0.0-16.0-2.3","","513.6249999923166","textaufgaben","","","","<p>Eine Tennisspielerin spielt Turniere.</p> <p>Sie verlor 18 Spiele.</p> <p>Sie hat in dieser Saison 34 Spiele gespielt.</p> <p>Wie viele Spiele hat sie gewonnen?</p>","54","34 - 18","c","4","S","C","16","21","",""
"html-keyboard-response","28","204139","0.0-16.0-0.4","","null","","","","","+","null","","","","","","","","",""
"html-keyboard-response","29","211420","0.0-16.0-1.4","","7280.175000007148","textaufgaben","","","","<p>Ein Dieb hat einer Frau einige Diamanten gestohlen.</p> <p>Sie hat jetzt 34 Diamanten.</p> <p>Der Dieb hatte ihr 25 Diamanten gestohlen.</p> <p>Wie viele Diamanten hatte die Frau?</p>","53","34 + 25","nc","5","A","I","59","29","",""
"html-keyboard-response","30","211652","0.0-16.0-2.4","","230.84499999822583","textaufgaben","","","","<p>Ein Dieb hat einer Frau einige Diamanten gestohlen.</p> <p>Sie hat jetzt 34 Diamanten.</p> <p>Der Dieb hatte ihr 25 Diamanten gestohlen.</p> <p>Wie viele Diamanten hatte die Frau?</p>","57","34 + 25","nc","5","A","I","59","29","",""
"html-keyboard-response","31","212653","0.0-16.0-0.5","","null","","","","","+","null","","","","","","","","",""
"html-keyboard-response","32","222853","0.0-16.0-1.5","","10199.104999992414","textaufgaben","","","","<p>Ein M&auml;dchen sammelt B&uuml;cher.</p> <p>Das M&auml;dchen verschenkt 25 B&uuml;cher.</p> <p>Sie hat danach 17 B&uuml;cher.</p> <p>Wie viele B&uuml;cher hatte sie am Anfang?</p>","52","25 + 17","c","6","A","I","42","34","",""
"html-keyboard-response","33","223261","0.0-16.0-2.5","","407.4550000077579","textaufgaben","","","","<p>Ein M&auml;dchen sammelt B&uuml;cher.</p> <p>Das M&auml;dchen verschenkt 25 B&uuml;cher.</p> <p>Sie hat danach 17 B&uuml;cher.</p> <p>Wie viele B&uuml;cher hatte sie am Anfang?</p>","50","25 + 17","c","6","A","I","42","34","",""
"html-keyboard-response","34","224264","0.0-16.0-0.6","","null","","","","","+","null","","","","","","","","",""
"html-keyboard-response","35","231849","0.0-16.0-1.6","","7584.545000005164","textaufgaben","","","","<p>Ein Mann spart Geld f&uuml;r einige Anschaffungen.</p> <p>Er hat jetzt 37 Euro.</p> <p>Er hatte 24 Euro verdient.</p> <p>Wie viel Geld hatte er am Anfang?</p>","49","37 - 24","nc","7","S","I","13","41","",""
"html-keyboard-response","36","232182","0.0-16.0-2.6","","332.39499999035615","textaufgaben","","","","<p>Ein Mann spart Geld f&uuml;r einige Anschaffungen.</p> <p>Er hat jetzt 37 Euro.</p> <p>Er hatte 24 Euro verdient.</p> <p>Wie viel Geld hatte er am Anfang?</p>","51","37 - 24","nc","7","S","I","13","41","",""
"html-keyboard-response","37","233183","0.0-16.0-0.7","","null","","","","","+","null","","","","","","","","",""
"html-keyboard-response","38","242915","0.0-16.0-1.7","","9730.26499999105","textaufgaben","","","","<p>Ein Dieb hat einer Frau einige Diamanten gestohlen.</p> <p>Der Dieb hatte ihr 54 Diamanten gestohlen.</p> <p>Die Polizei findet 28 Diamanten wieder.</p> <p>Wie viele Diamanten muss die Polizei noch finden?</p>","50","54 - 28","c","8","S","I","26","46","",""
"html-keyboard-response","39","243151","0.0-16.0-2.7","","235.7449999981327","textaufgaben","","","","<p>Ein Dieb hat einer Frau einige Diamanten gestohlen.</p> <p>Der Dieb hatte ihr 54 Diamanten gestohlen.</p> <p>Die Polizei findet 28 Diamanten wieder.</p> <p>Wie viele Diamanten muss die Polizei noch finden?</p>","54","54 - 28","c","8","S","I","26","46","",""
"html-keyboard-response","40","244153","0.0-16.0-0.8","","null","","","","","+","null","","","","","","","","",""
"html-keyboard-response","41","254505","0.0-16.0-1.8","","10351.399999999558","textaufgaben","","","","<p>Ein M&auml;dchen sammelt B&uuml;cher.</p> <p>Sie hat 35 B&uuml;cher erhalten.</p> <p>Das M&auml;dchen hatte davor 54 B&uuml;cher.</p> <p>Wie viele B&uuml;cher hat sie am Ende?</p>","56","54 + 35","nc","1","A","C","89","4","",""
"html-keyboard-response","42","254704","0.0-16.0-2.8","","198.26499999908265","textaufgaben","","","","<p>Ein M&auml;dchen sammelt B&uuml;cher.</p> <p>Sie hat 35 B&uuml;cher erhalten.</p> <p>Das M&auml;dchen hatte davor 54 B&uuml;cher.</p> <p>Wie viele B&uuml;cher hat sie am Ende?</p>","57","54 + 35","nc","1","A","C","89","4","",""
"html-keyboard-response","43","255705","0.0-16.0-0.9","","null","","","","","+","null","","","","","","","","",""
"html-keyboard-response","44","261476","0.0-16.0-1.9","","5769.285000002128","textaufgaben","","","","<p>Ein paar Freunde suchen Pilze im Wald.</p> <p>Sie hatten 67 Pilze.</p> <p>Sie sammeln 15 Pilzen.</p> <p>Wie viele Pilze haben sie am Ende?</p>","56","67 + 15","c","2","A","C","82","9","",""
"html-keyboard-response","45","261874","0.0-16.0-2.9","","397.79999999154825","textaufgaben","","","","<p>Ein paar Freunde suchen Pilze im Wald.</p> <p>Sie hatten 67 Pilze.</p> <p>Sie sammeln 15 Pilzen.</p> <p>Wie viele Pilze haben sie am Ende?</p>","50","67 + 15","c","2","A","C","82","9","",""
"html-keyboard-response","46","262875","0.0-16.0-0.10","","null","","","","","+","null","","","","","","","","",""
"html-keyboard-response","47","273131","0.0-16.0-1.10","","10255.404999988968","textaufgaben","","","","<p>Eine Studentin muss W&ouml;rter lernen.</p> <p>Die Studentin vergisst 12 W&ouml;rter.</p> <p>Sie hat am Anfang 58 W&ouml;rter gelernt.</p> <p>Wie viele W&ouml;rter hat sie richtig gelernt?</p>","52","58 - 12","nc","3","S","C","46","14","",""
"html-keyboard-response","48","273295","0.0-16.0-2.10","","162.29500000190455","textaufgaben","","","","<p>Eine Studentin muss W&ouml;rter lernen.</p> <p>Die Studentin vergisst 12 W&ouml;rter.</p> <p>Sie hat am Anfang 58 W&ouml;rter gelernt.</p> <p>Wie viele W&ouml;rter hat sie richtig gelernt?</p>","54","58 - 12","nc","3","S","C","46","14","",""
"html-keyboard-response","49","274296","0.0-16.0-0.11","","null","","","","","+","null","","","","","","","","",""
"html-keyboard-response","50","285286","0.0-16.0-1.11","","10988.855000003241","textaufgaben","","","","<p>Ein Dieb hat einer Frau einige Diamanten gestohlen.</p> <p>Der Dieb hat ihr 16 Diamanten gestohlen.</p> <p>Sie hatte am Anfang 41 Diamanten gehabt.</p> <p>Wie viele Diamanten hat sie jetzt?</p>","50","41 - 16","c","4","S","C","25","19","",""
"html-keyboard-response","51","285603","0.0-16.0-2.11","","316.0500000085449","textaufgaben","","","","<p>Ein Dieb hat einer Frau einige Diamanten gestohlen.</p> <p>Der Dieb hat ihr 16 Diamanten gestohlen.</p> <p>Sie hatte am Anfang 41 Diamanten gehabt.</p> <p>Wie viele Diamanten hat sie jetzt?</p>","53","41 - 16","c","4","S","C","25","19","",""
"html-keyboard-response","52","286603","0.0-16.0-0.12","","null","","","","","+","null","","","","","","","","",""
"html-keyboard-response","53","297807","0.0-16.0-1.12","","11203.110000002198","textaufgaben","","","","<p>Ein paar Freunde suchen Pilze im Wald.</p> <p>Sie werfen gerade 23 giftige Pilze weg.</p> <p>Sie haben 31 Pilze &uuml;brig.</p> <p>Wie viele Pilze hatten sie fr&uuml;her?</p>","53","31 + 23","nc","5","A","I","54","25","",""
"html-keyboard-response","54","298028","0.0-16.0-2.12","","219.93999999540392","textaufgaben","","","","<p>Ein paar Freunde suchen Pilze im Wald.</p> <p>Sie werfen gerade 23 giftige Pilze weg.</p> <p>Sie haben 31 Pilze &uuml;brig.</p> <p>Wie viele Pilze hatten sie fr&uuml;her?</p>","52","31 + 23","nc","5","A","I","54","25","",""
"html-keyboard-response","55","299030","0.0-16.0-0.13","","null","","","","","+","null","","","","","","","","",""
"html-keyboard-response","56","307218","0.0-16.0-1.13","","8186.81500000821","textaufgaben","","","","<p>Ein paar Freunde suchen Pilze im Wald.</p> <p>Sie werfen gerade 19 giftige Pilze weg.</p> <p>Sie haben 45 Pilze.</p> <p>Wie viele Pilze hatten sie davor?</p>","54","45 + 19","c","6","A","I","64","32","",""
"html-keyboard-response","57","307513","0.0-16.0-2.13","","294.11000000254717","textaufgaben","","","","<p>Ein paar Freunde suchen Pilze im Wald.</p> <p>Sie werfen gerade 19 giftige Pilze weg.</p> <p>Sie haben 45 Pilze.</p> <p>Wie viele Pilze hatten sie davor?</p>","52","45 + 19","c","6","A","I","64","32","",""
"html-keyboard-response","58","308514","0.0-16.0-0.14","","null","","","","","+","null","","","","","","","","",""
"html-keyboard-response","59","312782","0.0-16.0-1.14","","4267.015000004903","textaufgaben","","","","<p>Eine Tennisspielerin spielt Turniere.</p> <p>Sie hat in dieser Saison 29 Spiele gespielt.</p> <p>Sie gewann 13 Spiele.</p> <p>Wie viele Spiele hatte sie verloren?</p>","49","29 - 13","nc","7","S","I","16","39","",""
"html-keyboard-response","60","313273","0.0-16.0-2.14","","490.56500000006054","textaufgaben","","","","<p>Eine Tennisspielerin spielt Turniere.</p> <p>Sie hat in dieser Saison 29 Spiele gespielt.</p> <p>Sie gewann 13 Spiele.</p> <p>Wie viele Spiele hatte sie verloren?</p>","54","29 - 13","nc","7","S","I","16","39","",""
"html-keyboard-response","61","314275","0.0-16.0-0.15","","null","","","","","+","null","","","","","","","","",""
"html-keyboard-response","62","321513","0.0-16.0-1.15","","7237.309999996796","textaufgaben","","","","<p>Ein Mann spart Geld f&uuml;r einige Anschaffungen.</p> <p>Er verdient heute 19 Euro.</p> <p>Er hat jetzt 37 Euro.</p> <p>Wie viel Geld hatte er am Anfang?</p>","49","37 - 19","c","8","S","I","18","44","",""
"html-keyboard-response","63","321939","0.0-16.0-2.15","","424.70000000321306","textaufgaben","","","","<p>Ein Mann spart Geld f&uuml;r einige Anschaffungen.</p> <p>Er verdient heute 19 Euro.</p> <p>Er hat jetzt 37 Euro.</p> <p>Wie viel Geld hatte er am Anfang?</p>","56","37 - 19","c","8","S","I","18","44","",""
"html-keyboard-response","64","322940","0.0-16.0-0.16","","null","","","","","+","null","","","","","","","","",""
"html-keyboard-response","65","330346","0.0-16.0-1.16","","7405.46500000346","textaufgaben","","","","<p>Einige Leute wurden zur Party eingeladen.</p> <p>12 Leute sind sp&auml;ter gekommen.</p> <p>Es waren davor 75 Leute auf der Party.</p> <p>Wie viele Leute waren am Ende auf der Party?</p>","56","75 + 12","nc","1","A","C","87","6","",""
"html-keyboard-response","66","330621","0.0-16.0-2.16","","273.46500000567175","textaufgaben","","","","<p>Einige Leute wurden zur Party eingeladen.</p> <p>12 Leute sind sp&auml;ter gekommen.</p> <p>Es waren davor 75 Leute auf der Party.</p> <p>Wie viele Leute waren am Ende auf der Party?</p>","55","75 + 12","nc","1","A","C","87","6","",""
"html-keyboard-response","67","331622","0.0-16.0-0.17","","null","","","","","+","null","","","","","","","","",""
"html-keyboard-response","68","338626","0.0-16.0-1.17","","7002.5299999979325","textaufgaben","","","","<p>Einige Leute wurden zur Party eingeladen.</p> <p>19 Leute sind sp&auml;ter gekommen.</p> <p>Es waren anfangs 24 Leute auf der Party.</p> <p>Wie viele Leute waren am Ende auf der Party?</p>","52","24 + 19","c","2","A","C","43","8","",""
"html-keyboard-response","69","338878","0.0-16.0-2.17","","249.71500001265667","textaufgaben","","","","<p>Einige Leute wurden zur Party eingeladen.</p> <p>19 Leute sind sp&auml;ter gekommen.</p> <p>Es waren anfangs 24 Leute auf der Party.</p> <p>Wie viele Leute waren am Ende auf der Party?</p>","51","24 + 19","c","2","A","C","43","8","",""
"html-keyboard-response","70","339878","0.0-16.0-0.18","","null","","","","","+","null","","","","","","","","",""
"html-keyboard-response","71","344415","0.0-16.0-1.18","","4536.074999996345","textaufgaben","","","","<p>Eine Marktfrau verkauft &Auml;pfel auf dem Markt.</p> <p>Die Marktfrau verkauft 13 &Auml;pfel.</p> <p>Sie hatte 25 &Auml;pfel mitgebracht.</p> <p>Wie viele &Auml;pfel hat sie am Ende?</p>","49","25 - 13","nc","3","S","C","12","13","",""
"html-keyboard-response","72","344689","0.0-16.0-2.18","","273.31499999854714","textaufgaben","","","","<p>Eine Marktfrau verkauft &Auml;pfel auf dem Markt.</p> <p>Die Marktfrau verkauft 13 &Auml;pfel.</p> <p>Sie hatte 25 &Auml;pfel mitgebracht.</p> <p>Wie viele &Auml;pfel hat sie am Ende?</p>","50","25 - 13","nc","3","S","C","12","13","",""
"html-keyboard-response","73","345690","0.0-16.0-0.19","","null","","","","","+","null","","","","","","","","",""
"html-keyboard-response","74","354098","0.0-16.0-1.19","","8406.394999998156","textaufgaben","","","","<p>Ein paar Freunde suchen Pilze im Wald.</p> <p>Sie haben 65 Pilze gefunden.</p> <p>Sie haben 36 giftige Pilze weggeworfen.</p> <p>Wie viele Pilze haben sie danach?</p>","50","65 - 36","c","4","S","C","29","24","",""
"html-keyboard-response","75","354309","0.0-16.0-2.19","","210.5850000079954","textaufgaben","","","","<p>Ein paar Freunde suchen Pilze im Wald.</p> <p>Sie haben 65 Pilze gefunden.</p> <p>Sie haben 36 giftige Pilze weggeworfen.</p> <p>Wie viele Pilze haben sie danach?</p>","57","65 - 36","c","4","S","C","29","24","",""
"html-keyboard-response","76","355310","0.0-16.0-0.20","","null","","","","","+","null","","","","","","","","",""
"html-keyboard-response","77","362770","0.0-16.0-1.20","","7458.595000003697","textaufgaben","","","","<p>Ein Mann spart Geld f&uuml;r einige Anschaffungen.</p> <p>Er hat jetzt 13 Euro.</p> <p>Er hat davor 65 Euro ausgegeben.</p> <p>Wie viel Geld hatte der Mann?</p>","55","65 + 13","nc","5","A","I","78","30","",""
"html-keyboard-response","78","362959","0.0-16.0-2.20","","188.2949999999255","textaufgaben","","","","<p>Ein Mann spart Geld f&uuml;r einige Anschaffungen.</p> <p>Er hat jetzt 13 Euro.</p> <p>Er hat davor 65 Euro ausgegeben.</p> <p>Wie viel Geld hatte der Mann?</p>","56","65 + 13","nc","5","A","I","78","30","",""
"html-keyboard-response","79","363960","0.0-16.0-0.21","","null","","","","","+","null","","","","","","","","",""
"html-keyboard-response","80","381074","0.0-16.0-1.21","","17112.550000005285","textaufgaben","","","","<p>Eine Tennisspielerin spielt Turniere.</p> <p>Sie hat in dieser Saison 17 Spiele verloren.</p> <p>Sie hatte fr&uuml;her 76 Spiele verloren.</p> <p>Wie viele Spiele hat sie in ihrer Karriere verloren?</p>","57","76 + 17","c","6","A","I","93","36","",""
"html-keyboard-response","81","381424","0.0-16.0-2.21","","348.63000000768807","textaufgaben","","","","<p>Eine Tennisspielerin spielt Turniere.</p> <p>Sie hat in dieser Saison 17 Spiele verloren.</p> <p>Sie hatte fr&uuml;her 76 Spiele verloren.</p> <p>Wie viele Spiele hat sie in ihrer Karriere verloren?</p>","51","76 + 17","c","6","A","I","93","36","",""
"html-keyboard-response","82","382425","0.0-16.0-0.22","","null","","","","","+","null","","","","","","","","",""
"html-keyboard-response","83","387733","0.0-16.0-1.22","","5306.440000000293","textaufgaben","","","","<p>Einige Leute wurden zur Party eingeladen.</p> <p>Es sind 25 Leute auf der Party.</p> <p>12 Leute sind sp&auml;ter gekommen.</p> <p>Wie viele Leute waren am Anfang auf der Party?</p>","49","25 - 12","nc","7","S","I","13","37","",""
"html-keyboard-response","84","388048","0.0-16.0-2.22","","314.4499999907566","textaufgaben","","","","<p>Einige Leute wurden zur Party eingeladen.</p> <p>Es sind 25 Leute auf der Party.</p> <p>12 Leute sind sp&auml;ter gekommen.</p> <p>Wie viele Leute waren am Anfang auf der Party?</p>","51","25 - 12","nc","7","S","I","13","37","",""
"html-keyboard-response","85","389049","0.0-16.0-0.23","","null","","","","","+","null","","","","","","","","",""
"html-keyboard-response","86","396366","0.0-16.0-1.23","","7315.76500000665","textaufgaben","","","","<p>Ein paar Freunde suchen Pilze im Wald.</p> <p>Sie haben am Ende 31 Pilze.</p> <p>Sie haben davor 12 Pilze gesammelt.</p> <p>Wie viele Pilze hatten sie am Anfang?</p>","49","31 - 12","c","8","S","I","19","43","",""
"html-keyboard-response","87","396785","0.0-16.0-2.23","","418.46000000077765","textaufgaben","","","","<p>Ein paar Freunde suchen Pilze im Wald.</p> <p>Sie haben am Ende 31 Pilze.</p> <p>Sie haben davor 12 Pilze gesammelt.</p> <p>Wie viele Pilze hatten sie am Anfang?</p>","57","31 - 12","c","8","S","I","19","43","",""
"html-keyboard-response","88","397787","0.0-16.0-0.24","","null","","","","","+","null","","","","","","","","",""
"html-keyboard-response","89","409079","0.0-16.0-1.24","","11291.299999997136","textaufgaben","","","","<p>Ein Dieb hat einer Frau einige Diamanten gestohlen.</p> <p>Nach dem Diebstahl hatte sie 23 Diamanten.</p> <p>Die Polizei findet 15 Diamanten wieder.</p> <p>Wie viele Diamanten hat die Frau am Ende?</p>","56","23 + 15","nc","1","A","C","38","5","",""
"html-keyboard-response","90","411080","0.0-16.0-2.24","","null","textaufgaben","","","","<p>Ein Dieb hat einer Frau einige Diamanten gestohlen.</p> <p>Nach dem Diebstahl hatte sie 23 Diamanten.</p> <p>Die Polizei findet 15 Diamanten wieder.</p> <p>Wie viele Diamanten hat die Frau am Ende?</p>","null","23 + 15","nc","1","A","C","38","5","",""
"html-keyboard-response","91","412081","0.0-16.0-0.25","","null","","","","","+","null","","","","","","","","",""
"html-keyboard-response","92","426445","0.0-16.0-1.25","","14363.219999999274","textaufgaben","","","","<p>Ein M&auml;dchen sammelt B&uuml;cher.</p> <p>Sie erh&auml;lt 18 B&uuml;cher.</p> <p>Das M&auml;dchen hatte am Anfang 46 B&uuml;cher gehabt.</p> <p>Wie viele B&uuml;cher hat sie am Ende?</p>","54","46 + 18","c","2","A","C","64","11","",""
"html-keyboard-response","93","426833","0.0-16.0-2.25","","387.4800000048708","textaufgaben","","","","<p>Ein M&auml;dchen sammelt B&uuml;cher.</p> <p>Sie erh&auml;lt 18 B&uuml;cher.</p> <p>Das M&auml;dchen hatte am Anfang 46 B&uuml;cher gehabt.</p> <p>Wie viele B&uuml;cher hat sie am Ende?</p>","52","46 + 18","c","2","A","C","64","11","",""
"html-keyboard-response","94","427835","0.0-16.0-0.26","","null","","","","","+","null","","","","","","","","",""
"html-keyboard-response","95","433602","0.0-16.0-1.26","","5765.715000001364","textaufgaben","","","","<p>Eine Tennisspielerin spielt Turniere.</p> <p>Sie hat in dieser Saison 59 Spiele gespielt.</p> <p>Sie hat 41 Spiele verloren.</p> <p>Wie viele Spiele hat sie gewonnen?</p>","49","59 - 41","nc","3","S","C","18","16","",""
"html-keyboard-response","96","433810","0.0-16.0-2.26","","207.7350000035949","textaufgaben","","","","<p>Eine Tennisspielerin spielt Turniere.</p> <p>Sie hat in dieser Saison 59 Spiele gespielt.</p> <p>Sie hat 41 Spiele verloren.</p> <p>Wie viele Spiele hat sie gewonnen?</p>","56","59 - 41","nc","3","S","C","18","16","",""
"html-keyboard-response","97","434812","0.0-16.0-0.27","","null","","","","","+","null","","","","","","","","",""
"html-keyboard-response","98","446701","0.0-16.0-1.27","","11888.234999991255","textaufgaben","","","","<p>Einige Leute wurden zur Party eingeladen.</p> <p>41 Leute sind zur Party gekommen.</p> <p>25 Leute haben die Party fr&uuml;her verlassen.</p> <p>Wie viele Leute sind jetzt auf der Party?</p>","49","41 - 25","c","4","S","C","16","23","",""
"html-keyboard-response","99","447091","0.0-16.0-2.27","","388.5000000009313","textaufgaben","","","","<p>Einige Leute wurden zur Party eingeladen.</p> <p>41 Leute sind zur Party gekommen.</p> <p>25 Leute haben die Party fr&uuml;her verlassen.</p> <p>Wie viele Leute sind jetzt auf der Party?</p>","54","41 - 25","c","4","S","C","16","23","",""
"html-keyboard-response","100","448092","0.0-16.0-0.28","","null","","","","","+","null","","","","","","","","",""
"html-keyboard-response","101","460558","0.0-16.0-1.28","","12465.585000012652","textaufgaben","","","","<p>Einige Leute wurden zur Party eingeladen.</p> <p>72 Leute haben die Party verlassen.</p> <p>Es blieben danach 26 Leute.</p> <p>Wie viele Leute waren zur Party gekommen?</p>","57","72 + 26","nc","5","A","I","98","27","",""
"html-keyboard-response","102","460781","0.0-16.0-2.28","","222.025000010035","textaufgaben","","","","<p>Einige Leute wurden zur Party eingeladen.</p> <p>72 Leute haben die Party verlassen.</p> <p>Es blieben danach 26 Leute.</p> <p>Wie viele Leute waren zur Party gekommen?</p>","56","72 + 26","nc","5","A","I","98","27","",""
"html-keyboard-response","103","461782","0.0-16.0-0.29","","null","","","","","+","null","","","","","","","","",""
"html-keyboard-response","104","485498","0.0-16.0-1.29","","23714.540000000852","textaufgaben","","","","<p>Eine Studentin muss W&ouml;rter lernen.</p> <p>Die Studentin hat 53 W&ouml;rtern vergessen.</p> <p>Sie lernt sp&auml;ter 18 andere W&ouml;rter.</p> <p>Wie viele W&ouml;rter m&uuml;sste sie kennen?</p>","49","53 + 18","c","6","A","I","71","33","",""
"html-keyboard-response","105","485762","0.0-16.0-2.29","","264.22500000626314","textaufgaben","","","","<p>Eine Studentin muss W&ouml;rter lernen.</p> <p>Die Studentin hat 53 W&ouml;rtern vergessen.</p> <p>Sie lernt sp&auml;ter 18 andere W&ouml;rter.</p> <p>Wie viele W&ouml;rter m&uuml;sste sie kennen?</p>","56","53 + 18","c","6","A","I","71","33","",""
"html-keyboard-response","106","486764","0.0-16.0-0.30","","null","","","","","+","null","","","","","","","","",""
"html-keyboard-response","107","502613","0.0-16.0-1.30","","15847.669999988284","textaufgaben","","","","<p>Ein Dieb hat einer Frau einige Diamanten gestohlen.</p> <p>Die Polizei hat 13 Diamanten wiedergefunden.</p> <p>Der Dieb hatte ihr 37 Diamanten gestohlen.</p> <p>Wie viele Diamanten muss die Polizei noch finden?</p>","50","37 - 13","nc","7","S","I","14","38","",""
"html-keyboard-response","108","502985","0.0-16.0-2.30","","371.75000000570435","textaufgaben","","","","<p>Ein Dieb hat einer Frau einige Diamanten gestohlen.</p> <p>Die Polizei hat 13 Diamanten wiedergefunden.</p> <p>Der Dieb hatte ihr 37 Diamanten gestohlen.</p> <p>Wie viele Diamanten muss die Polizei noch finden?</p>","52","37 - 13","nc","7","S","I","14","38","",""
"html-keyboard-response","109","503987","0.0-16.0-0.31","","null","","","","","+","null","","","","","","","","",""
"html-keyboard-response","110","514547","0.0-16.0-1.31","","10559.995000003255","textaufgaben","","","","<p>Ein M&auml;dchen sammelt B&uuml;cher.</p> <p>Das M&auml;dchen erh&auml;lt 45 B&uuml;cher.</p> <p>Sie hat danach 74 B&uuml;cher.</p> <p>Wie viele B&uuml;cher hatte sie am Anfang?</p>","50","74 - 45","c","8","S","I","29","48","",""
"html-keyboard-response","111","514768","0.0-16.0-2.31","","219.45999999297783","textaufgaben","","","","<p>Ein M&auml;dchen sammelt B&uuml;cher.</p> <p>Das M&auml;dchen erh&auml;lt 45 B&uuml;cher.</p> <p>Sie hat danach 74 B&uuml;cher.</p> <p>Wie viele B&uuml;cher hatte sie am Anfang?</p>","57","74 - 45","c","8","S","I","29","48","",""
"html-keyboard-response","112","515769","0.0-16.0-0.32","","null","","","","","+","null","","","","","","","","",""
"html-keyboard-response","113","523404","0.0-16.0-1.32","","7633.159999997588","textaufgaben","","","","<p>Ein paar Freunde suchen Pilze im Wald.</p> <p>Sie sammeln gerade 13 Pilze.</p> <p>Sie hatten 36 Pilze davor.</p> <p>Wie viele Pilze haben sie am Ende?</p>","52","36 + 13","nc","1","A","C","49","2","",""
"html-keyboard-response","114","523650","0.0-16.0-2.32","","245.295000000624","textaufgaben","","","","<p>Ein paar Freunde suchen Pilze im Wald.</p> <p>Sie sammeln gerade 13 Pilze.</p> <p>Sie hatten 36 Pilze davor.</p> <p>Wie viele Pilze haben sie am Ende?</p>","57","36 + 13","nc","1","A","C","49","2","",""
"html-keyboard-response","115","524650","0.0-16.0-0.33","","null","","","","","+","null","","","","","","","","",""
"html-keyboard-response","116","535949","0.0-16.0-1.33","","11297.594999996363","textaufgaben","","","","<p>Eine Studentin muss W&ouml;rter lernen.</p> <p>Die Studentin kannte 43 W&ouml;rter.</p> <p>Sie hat gerade 19 W&ouml;rter gelernt.</p> <p>Wie viele W&ouml;rter kennt die Studentin am Ende?</p>","54","43 + 19","c","2","A","C","62","7","",""
"html-keyboard-response","117","536220","0.0-16.0-2.33","","270.3449999971781","textaufgaben","","","","<p>Eine Studentin muss W&ouml;rter lernen.</p> <p>Die Studentin kannte 43 W&ouml;rter.</p> <p>Sie hat gerade 19 W&ouml;rter gelernt.</p> <p>Wie viele W&ouml;rter kennt die Studentin am Ende?</p>","50","43 + 19","c","2","A","C","62","7","",""
"html-keyboard-response","118","537221","0.0-16.0-0.34","","null","","","","","+","null","","","","","","","","",""
"html-keyboard-response","119","547817","0.0-16.0-1.34","","10595.069999995758","textaufgaben","","","","<p>Ein Dieb hat einer Frau einige Diamanten gestohlen.</p> <p>Ihr wurden 32 Diamanten gestohlen.</p> <p>Die Frau hatte 53 Diamanten gehabt.</p> <p>Wie viele Diamanten hat sie jetzt?</p>","50","53 - 32","nc","3","S","C","21","18","",""
"html-keyboard-response","120","548065","0.0-16.0-2.34","","246.68999999994412","textaufgaben","","","","<p>Ein Dieb hat einer Frau einige Diamanten gestohlen.</p> <p>Ihr wurden 32 Diamanten gestohlen.</p> <p>Die Frau hatte 53 Diamanten gehabt.</p> <p>Wie viele Diamanten hat sie jetzt?</p>","49","53 - 32","nc","3","S","C","21","18","",""
"html-keyboard-response","121","549065","0.0-16.0-0.35","","null","","","","","+","null","","","","","","","","",""
"html-keyboard-response","122","563672","0.0-16.0-1.35","","14605.219999997644","textaufgaben","","","","<p>Ein M&auml;dchen sammelt B&uuml;cher.</p> <p>Das M&auml;dchen verschenkt 17 B&uuml;cher.</p> <p>Sie hatte 46 B&uuml;cher  mitgebracht.</p> <p>Wie viele B&uuml;cher hat sie am Ende?</p>","49","46 - 17","c","4","S","C","29","22","",""
"html-keyboard-response","123","563841","0.0-16.0-2.35","","168.99499999999534","textaufgaben","","","","<p>Ein M&auml;dchen sammelt B&uuml;cher.</p> <p>Das M&auml;dchen verschenkt 17 B&uuml;cher.</p> <p>Sie hatte 46 B&uuml;cher  mitgebracht.</p> <p>Wie viele B&uuml;cher hat sie am Ende?</p>","57","46 - 17","c","4","S","C","29","22","",""
"html-keyboard-response","124","564844","0.0-16.0-0.36","","null","","","","","+","null","","","","","","","","",""
"html-keyboard-response","125","578721","0.0-16.0-1.36","","13876.449999996112","textaufgaben","","","","<p>Eine Tennisspielerin spielt Turniere.</p> <p>Sie hatte fr&uuml;her 23 Spiele verloren.</p> <p>Sie hat 14 Spiele in dieser Saison verloren.</p> <p>Wie viele Spiele hat sie in ihrer Karriere verloren?</p>","51","23 + 14","nc","5","A","I","37","28","",""
"html-keyboard-response","126","579014","0.0-16.0-2.36","","292.5200000026962","textaufgaben","","","","<p>Eine Tennisspielerin spielt Turniere.</p> <p>Sie hatte fr&uuml;her 23 Spiele verloren.</p> <p>Sie hat 14 Spiele in dieser Saison verloren.</p> <p>Wie viele Spiele hat sie in ihrer Karriere verloren?</p>","55","23 + 14","nc","5","A","I","37","28","",""
"html-keyboard-response","127","580015","0.0-16.0-0.37","","null","","","","","+","null","","","","","","","","",""
"html-keyboard-response","128","588620","0.0-16.0-1.37","","8603.470000001835","textaufgaben","","","","<p>Ein Mann spart Geld f&uuml;r einige Anschaffungen.</p> <p>Er gibt 19 Euro aus.</p> <p>Er hat jetzt 27 Euro.</p> <p>Wie viel Geld hatte der Mann?</p>","52","27 + 19","c","6","A","I","42","31","",""
"html-keyboard-response","129","589058","0.0-16.0-2.37","","437.65999999595806","textaufgaben","","","","<p>Ein Mann spart Geld f&uuml;r einige Anschaffungen.</p> <p>Er gibt 19 Euro aus.</p> <p>Er hat jetzt 27 Euro.</p> <p>Wie viel Geld hatte der Mann?</p>","54","27 + 19","c","6","A","I","42","31","",""
"html-keyboard-response","130","590059","0.0-16.0-0.38","","null","","","","","+","null","","","","","","","","",""
"html-keyboard-response","131","602111","0.0-16.0-1.38","","12051.18000000948","textaufgaben","","","","<p>Eine Marktfrau verkauft &Auml;pfel auf dem Markt.</p> <p>Sie hatte vorher 21 &Auml;pfel geliefert bekommen.</p> <p>Die Marktfrau hat 64 &Auml;pfel.</p> <p>Wie viele &Auml;pfel hatte sie am Anfang?</p>","51","64 - 21","nc","7","S","I","43","42","",""
"html-keyboard-response","132","602299","0.0-16.0-2.38","","187.10500000452157","textaufgaben","","","","<p>Eine Marktfrau verkauft &Auml;pfel auf dem Markt.</p> <p>Sie hatte vorher 21 &Auml;pfel geliefert bekommen.</p> <p>Die Marktfrau hat 64 &Auml;pfel.</p> <p>Wie viele &Auml;pfel hatte sie am Anfang?</p>","51","64 - 21","nc","7","S","I","43","42","",""
"html-keyboard-response","133","603300","0.0-16.0-0.39","","null","","","","","+","null","","","","","","","","",""
"html-keyboard-response","134","625870","0.0-16.0-1.39","","22568.914999996196","textaufgaben","","","","<p>Einige Leute wurden zur Party eingeladen.</p> <p>Am Ende sind 41 Leute auf der Party.</p> <p>18 Leute sind davor zur Party gekommen.</p> <p>Wie viele Leute waren am Anfang auf der Party?</p>","50","41 - 18","c","8","S","I","23","47","",""
"html-keyboard-response","135","626131","0.0-16.0-2.39","","260.39500000479165","textaufgaben","","","","<p>Einige Leute wurden zur Party eingeladen.</p> <p>Am Ende sind 41 Leute auf der Party.</p> <p>18 Leute sind davor zur Party gekommen.</p> <p>Wie viele Leute waren am Anfang auf der Party?</p>","51","41 - 18","c","8","S","I","23","47","",""
"html-keyboard-response","136","627133","0.0-16.0-0.40","","null","","","","","+","null","","","","","","","","",""
"html-keyboard-response","137","633942","0.0-16.0-1.40","","6808.464999994612","textaufgaben","","","","<p>Eine Studentin muss W&ouml;rter lernen.</p> <p>Die Studentin kannte 52 W&ouml;rter.</p> <p>Sie lernte gerade 26 W&ouml;rter.</p> <p>Wie viele W&ouml;rter kennt die Studentin am Ende?</p>","55","52 + 26","nc","1","A","C","78","3","",""
"html-keyboard-response","138","634173","0.0-16.0-2.40","","229.75499999301974","textaufgaben","","","","<p>Eine Studentin muss W&ouml;rter lernen.</p> <p>Die Studentin kannte 52 W&ouml;rter.</p> <p>Sie lernte gerade 26 W&ouml;rter.</p> <p>Wie viele W&ouml;rter kennt die Studentin am Ende?</p>","56","52 + 26","nc","1","A","C","78","3","",""
"html-keyboard-response","139","635175","0.0-16.0-0.41","","null","","","","","+","null","","","","","","","","",""
"html-keyboard-response","140","644894","0.0-16.0-1.41","","9717.725000009523","textaufgaben","","","","<p>Eine Marktfrau verkauft &Auml;pfel auf dem Markt.</p> <p>Die Marktfrau kam mit 56 &Auml;pfeln.</p> <p>Sie hat 27 &Auml;pfel geliefert bekommen.</p> <p>Wie viele &Auml;pfel hat sie am Ende?</p>","56","56 + 27","c","2","A","C","83","12","",""
"html-keyboard-response","141","645422","0.0-16.0-2.41","","527.4849999987055","textaufgaben","","","","<p>Eine Marktfrau verkauft &Auml;pfel auf dem Markt.</p> <p>Die Marktfrau kam mit 56 &Auml;pfeln.</p> <p>Sie hat 27 &Auml;pfel geliefert bekommen.</p> <p>Wie viele &Auml;pfel hat sie am Ende?</p>","51","56 + 27","c","2","A","C","83","12","",""
"html-keyboard-response","142","646423","0.0-16.0-0.42","","null","","","","","+","null","","","","","","","","",""
"html-keyboard-response","143","652315","0.0-16.0-1.42","","5890.439999988303","textaufgaben","","","","<p>Ein Mann spart Geld f&uuml;r einige Anschaffungen.</p> <p>Er hatte 37 Euro gehabt.</p> <p>Er hat 14 Euro ausgegeben.</p> <p>Wie viel Geld hat er am Ende?</p>","50","37 - 14","nc","3","S","C","23","25","",""
"html-keyboard-response","144","652629","0.0-16.0-2.42","","313.495000009425","textaufgaben","","","","<p>Ein Mann spart Geld f&uuml;r einige Anschaffungen.</p> <p>Er hatte 37 Euro gehabt.</p> <p>Er hat 14 Euro ausgegeben.</p> <p>Wie viel Geld hat er am Ende?</p>","51","37 - 14","nc","3","S","C","23","25","",""
"html-keyboard-response","145","653630","0.0-16.0-0.43","","null","","","","","+","null","","","","","","","","",""
"html-keyboard-response","146","659388","0.0-16.0-1.43","","5757.2349999973085","textaufgaben","","","","<p>Eine Marktfrau verkauft &Auml;pfel auf dem Markt.</p> <p>Die Marktfrau kam mit 37 &Auml;pfeln.</p> <p>Sie verkauft 19 &Auml;pfel.</p> <p>Wie viele &Auml;pfel hat sie am Ende?</p>","49","37 - 19","c","4","S","C","18","20","",""
"html-keyboard-response","147","660216","0.0-16.0-2.43","","827.1300000051269","textaufgaben","","","","<p>Eine Marktfrau verkauft &Auml;pfel auf dem Markt.</p> <p>Die Marktfrau kam mit 37 &Auml;pfeln.</p> <p>Sie verkauft 19 &Auml;pfel.</p> <p>Wie viele &Auml;pfel hat sie am Ende?</p>","55","37 - 19","c","4","S","C","18","20","",""
"html-keyboard-response","148","661218","0.0-16.0-0.44","","null","","","","","+","null","","","","","","","","",""
"html-keyboard-response","149","666201","0.0-16.0-1.44","","4982.479999991483","textaufgaben","","","","<p>Eine Marktfrau verkauft &Auml;pfel auf dem Markt.</p> <p>Die Marktfrau verkauft 13 &Auml;pfel.</p> <p>Sie hat danach 36 &Auml;pfel.</p> <p>Wie viele &Auml;pfel hatte sie am Anfang?</p>","50","36 + 13","nc","5","A","I","49","26","",""
"html-keyboard-response","150","666470","0.0-16.0-2.44","","268.00499999080785","textaufgaben","","","","<p>Eine Marktfrau verkauft &Auml;pfel auf dem Markt.</p> <p>Die Marktfrau verkauft 13 &Auml;pfel.</p> <p>Sie hat danach 36 &Auml;pfel.</p> <p>Wie viele &Auml;pfel hatte sie am Anfang?</p>","51","36 + 13","nc","5","A","I","49","26","",""
"html-keyboard-response","151","667472","0.0-16.0-0.45","","null","","","","","+","null","","","","","","","","",""
"html-keyboard-response","152","674050","0.0-16.0-1.45","","6577.534999989439","textaufgaben","","","","<p>Eine Marktfrau verkauft &Auml;pfel auf dem Markt.</p> <p>Sie hat jetzt 38 &Auml;pfel.</p> <p>Die Marktfrau hatte davor 26 &Auml;pfel verkauft.</p> <p>Wie viele &Auml;pfel hatte sie am Anfang?</p>","49","38 + 26","c","6","A","I","64","35","",""
"html-keyboard-response","153","674300","0.0-16.0-2.45","","249.13500000548083","textaufgaben","","","","<p>Eine Marktfrau verkauft &Auml;pfel auf dem Markt.</p> <p>Sie hat jetzt 38 &Auml;pfel.</p> <p>Die Marktfrau hatte davor 26 &Auml;pfel verkauft.</p> <p>Wie viele &Auml;pfel hatte sie am Anfang?</p>","50","38 + 26","c","6","A","I","64","35","",""
"html-keyboard-response","154","675301","0.0-16.0-0.46","","null","","","","","+","null","","","","","","","","",""
"html-keyboard-response","155","682524","0.0-16.0-1.46","","7221.6800000023795","textaufgaben","","","","<p>Eine Studentin muss W&ouml;rter lernen.</p> <p>Die Studentin hat 42 W&ouml;rter gelernt.</p> <p>Sie kennt jetzt 68 W&ouml;rter.</p> <p>Wie viele W&ouml;rter hatte sie am Anfang gekonnt?</p>","50","68 - 42","nc","7","S","I","26","40","",""
"html-keyboard-response","156","682886","0.0-16.0-2.46","","361.05000000679865","textaufgaben","","","","<p>Eine Studentin muss W&ouml;rter lernen.</p> <p>Die Studentin hat 42 W&ouml;rter gelernt.</p> <p>Sie kennt jetzt 68 W&ouml;rter.</p> <p>Wie viele W&ouml;rter hatte sie am Anfang gekonnt?</p>","52","68 - 42","nc","7","S","I","26","40","",""
"html-keyboard-response","157","683887","0.0-16.0-0.47","","null","","","","","+","null","","","","","","","","",""
"html-keyboard-response","158","694993","0.0-16.0-1.47","","11104.445000004489","textaufgaben","","","","<p>Eine Studentin muss W&ouml;rter lernen.</p> <p>Die Studentin hat 13 W&ouml;rter gelernt.</p> <p>Sie kennt jetzt 31 W&ouml;rter.</p> <p>Wie viele W&ouml;rter hatte sie am Anfang gekonnt?</p>","49","31 - 13","c","8","S","I","18","45","",""
"html-keyboard-response","159","695454","0.0-16.0-2.47","","460.3750000096625","textaufgaben","","","","<p>Eine Studentin muss W&ouml;rter lernen.</p> <p>Die Studentin hat 13 W&ouml;rter gelernt.</p> <p>Sie kennt jetzt 31 W&ouml;rter.</p> <p>Wie viele W&ouml;rter hatte sie am Anfang gekonnt?</p>","56","31 - 13","c","8","S","I","18","45","",""
"html-keyboard-response","160","697403","0.0-17.0","","1948.7599999993108","","","","","Die Aufgabe ist vorbei. Bitte dr&uuml;cken Sie eine Taste um fortzufahren!","32","","","","","","","","",""
"instructions","161","702157","0.0-18.0","[{""page_index"":0,""viewing_time"":4753.33999999566}]","4753.594999987399","instruktion_Rechenaufgaben","","","","","","","","","","","","","",""
"survey-time","162","762162","0.0-19.0","","59996.16500000411","Additionsaufgaben","{""RT02_01"":""41"",""RT02_02"":""73"",""RT02_03"":""46"",""RT02_04"":""98"",""RT02_05"":""91"",""RT02_06"":""53"",""RT02_07"":""74"",""RT02_08"":""38"",""RT02_09"":""95"",""RT02_10"":"""",""RT02_11"":"""",""RT02_12"":"""",""RT02_13"":"""",""RT02_14"":"""",""RT02_15"":"""",""RT02_16"":"""",""RT02_17"":"""",""RT02_18"":"""",""RT02_19"":"""",""RT02_20"":"""",""RT02_21"":"""",""RT02_22"":"""",""RT02_23"":"""",""RT02_24"":"""",""RT02_25"":"""",""RT02_26"":"""",""RT02_27"":"""",""RT02_28"":""""}","","","","","","","","","","","","",""
"instructions","163","766292","0.0-20.0","[{""page_index"":0,""viewing_time"":4129.320000007283}]","4129.695000010543","instruktion_Rechenaufgaben2","","","","","","","","","","","","","",""
"survey-time","164","826295","0.0-21.0","","59996.26499999431","Subtraktionsaufgaben","{""RT03_01"":""7"",""RT03_02"":""67"",""RT03_03"":""12"",""RT03_04"":""28"",""RT03_05"":""28"",""RT03_06"":""18"",""RT03_07"":""35"",""RT03_08"":""41"",""RT03_09"":""53"",""RT03_10"":""47"",""RT03_11"":""12"",""RT03_12"":"""",""RT03_13"":"""",""RT03_14"":"""",""RT03_15"":"""",""RT03_16"":"""",""RT03_17"":"""",""RT03_18"":"""",""RT03_19"":"""",""RT03_20"":"""",""RT03_21"":"""",""RT03_22"":"""",""RT03_23"":"""",""RT03_24"":"""",""RT03_25"":"""",""RT03_26"":"""",""RT03_27"":"""",""RT03_28"":""""}","","","","","","","","","","","","",""
"instructions","165","832959","0.0-22.0","[{""page_index"":0,""viewing_time"":6663.354999996955}]","6663.6600000056205","Instruktion_READ","","","","","","","","","","","","","",""
"html-button-response","166","834965","0.0-23.0-0.0","","2004.1999999957625","readingtest","","","","Hunde bellen.","","","read","","","","Richtig","","0",""
"html-button-response","167","836366","0.0-23.0-0.1","","1398.990000001504","readingtest","","","","Regen ist trocken.","","","read","","","","Falsch","","1",""
"html-button-response","168","839040","0.0-23.0-0.2","","2673.030000005383","readingtest","","","","Im Sommer f&auml;llt Schnee.","","","read","","","","Falsch","","1",""
"html-button-response","169","841759","0.0-23.0-0.3","","2718.479999995907","readingtest","","","","Im Winter ist es warm.","","","read","","","","Falsch","","1",""
"html-button-response","170","843211","0.0-23.0-0.4","","1450.7899999880465","readingtest","","","","Die Erde ist rund.","","","read","","","","Richtig","","0",""
"html-button-response","171","844667","0.0-23.0-0.5","","1454.9499999993714","readingtest","","","","Ein Fu&szlig;ball ist rund.","","","as","","","","Richtig","","0",""
"html-button-response","172","845951","0.0-23.0-0.6","","1283.2550000021001","readingtest","","","","Der Himmel ist blau.","","","read","","","","Richtig","","0",""
"html-button-response","173","847269","0.0-23.0-0.7","","1317.0350000000326","readingtest","","","","Pferde legen Eier.","","","read","","","","Falsch","","1",""
"html-button-response","174","849185","0.0-23.0-0.8","","1915.0050000025658","readingtest","","","","Katzen haben Schn&auml;bel.","","","read","","","","Falsch","","1",""
"html-button-response","175","851551","0.0-23.0-0.9","","2364.740000004531","readingtest","","","","B&auml;ren m&ouml;gen Honig.","","","read","","","","Richtig","","1",""
"html-button-response","176","853772","0.0-23.0-0.10","","2218.974999996135","readingtest","","","","Fr&ouml;sche essen Fliegen.","","","read","","","","Richtig","","0",""
"html-button-response","177","855363","0.0-23.0-0.11","","1590.809999994235","readingtest","","","","Steine kann man essen.","","","read","","","","Falsch","","1",""
"html-button-response","178","857225","0.0-23.0-0.12","","1860.8650000096532","readingtest","","","","Fische k&ouml;nnen schwimmen.","","","read","","","","Richtig","","0",""
"html-button-response","179","858775","0.0-23.0-0.13","","1548.9849999867147","readingtest","","","","Pferde haben Hufen.","","","read","","","","Richtig","","0",""
"html-button-response","180","860451","0.0-23.0-0.14","","1674.894999989192","readingtest","","","","Betten stehen in der K&uuml;che.","","","read","","","","Falsch","","1",""
"html-button-response","181","862308","0.0-23.0-0.15","","1855.1900000020396","readingtest","","","","&Auml;pfel wachsen auf B&auml;umen.","","","read","","","","Richtig","","0",""
"html-button-response","182","863901","0.0-23.0-0.16","","1592.8200000053039","readingtest","","","","Hunde schl&uuml;pfen aus Eiern.","","","read","","","","Falsch","","1",""
"html-button-response","183","867185","0.0-23.0-0.17","","3282.85999999207","readingtest","","","","Mit den Augen kann man h&ouml;ren.","","","read","","","","Falsch","","1",""
"html-button-response","184","869178","0.0-23.0-0.18","","1990.555000011227","readingtest","","","","In einem See leben Fische.","","","read","","","","Richtig","","0",""
"html-button-response","185","870871","0.0-23.0-0.19","","1692.654999991646","readingtest","","","","Der K&uuml;hlschrank steht im Wohnzimmer.","","","read","","","","Falsch","","1",""
"html-button-response","186","872935","0.0-23.0-0.20","","2062.9250000056345","readingtest","","","","In der B&auml;ckerei gibt es Brot.","","","read","","","","Richtig","","0",""
"html-button-response","187","874879","0.0-23.0-0.21","","1943.0300000094576","readingtest","","","","Mit der Nase k&ouml;nnen wir sehen.","","","read","","","","Falsch","","1",""
"html-button-response","188","879762","0.0-23.0-0.22","","4881.1100000020815","readingtest","","","","Ein Quadrat ist so rund wie ein Kreis.","","","read","","","","Falsch","","1",""
"html-button-response","189","883440","0.0-23.0-0.23","","3676.3499999942724","readingtest","","","","S&uuml;&szlig;igkeiten sind gut f&uuml;r die Z&auml;hne.","","","read","","","","Falsch","","1",""
"html-button-response","190","885876","0.0-23.0-0.24","","2434.8050000116928","readingtest","","","","Dinosaurier finden wir im Zoo.","","","read","","","","Falsch","","1",""
"html-button-response","191","888988","0.0-23.0-0.25","","3110.9399999986636","readingtest","","","","Der dritte Monat im Jahr ist der M&auml;rz.","","","read","","","","Richtig","","0",""
"html-button-response","192","892286","0.0-23.0-0.26","","3296.1749999958556","readingtest","","","","Wer traurig ist, hat viel zu lachen.","","","read","","","","Falsch","","1",""
"html-button-response","193","892962","0.0-23.0-0.27","","","readingtest","","","","","","","read","","","","Richtig","","","Sie haben alle Aufgaben vor Ende der Zeit erledigt!"
"html-keyboard-response","194","894996","0.0-24.0","","2033.6550000065472","","","","","Die Zeit ist abgelaufen. Bitte dr&uuml;cken Sie eine Taste um fortzufahren!","13","","","","","","","","",""
"survey-multi-select","195","905007","0.0-25.0","","10007.089999999152","Quali_Fragen","{""ernsthaft"":["" ja ""],""Umgebung"":["" still ""],""Gerät"":["" Laptop ""]}","[0,1,2]","","","","","","","","","","","",""
"fullscreen","196","906009","0.0-26.0","","","","","","true","","","","","","","","","","",""
"html-button-response","197","911880","0.0-27.0","","5869.969999999739","","","","","<p><strong>Vielen Dank f&uuml;r Ihre Teilnahme!</strong></p><p>Falls Sie an der Verlosung der Amazon Gutscheine im Wert von je 10 Euro teilnehmen m&ouml;chten, dann<br>klicken Sie bitte jetzt auf &#8222;<u>An Verlosung teilnehmen</u>&#8220;. Wenn Sie an der Versuchspersonstunde interessiert sind,dann klicken Sie bitte jetzt auf &#8222;<u>Versuchspersonstunde beantragen</u>&#8220;, ansonsten klicken Sie bitte auf &#8222;<u>Experiment beenden</u>&#8220;.<br>Dann wird das Experiment abgeschlossen und Ihre Daten werden anonym gespeichert.</p><p><strong>Wir bedanken uns f&uuml;r Ihre Unterst&uuml;tzung!</strong></p>","","","","","","","","","0",""
