"trial_type","trial_index","time_elapsed","internal_node_id","view_history","rt","test_part","responses","question_order","success","stimulus","key_press","task","type","condition","operation","consistency","correct_response","task_id","button_pressed","status"
"pavlovia","0","16","0.0-0.0","","","","","","","","","","","","","","","","",""
"instructions","1","9902","0.0-1.0","[{""page_index"":0,""viewing_time"":7166.290000081062},{""page_index"":1,""viewing_time"":2716.5050000185147}]","9884.42000001669","teilnehmerinfo","","","","","","","","","","","","","",""
"survey-multi-select","2","17586","0.0-2.0","","7679.280000040308","Einverstaendniserklaerung","{""einverstaendnis;"":[""Ich erkl&auml;re mich damit einverstanden, an der Studie teilzunehmen!""]}","[0]","","","","","","","","","","","",""
"fullscreen","3","20497","0.0-3.0","","","","","","true","","","","","","","","","","",""
"survey-text","4","24148","0.0-4.0","","3640.2699999744073","demoFragen_Seite_1","{""Alter"":""21""}","","","","","","","","","","","","",""
"survey-multi-choice","5","37286","0.0-5.0","","13131.664999993518","demoFragen_Seite_2","{""handedneß"":"" linkshändig "",""sex"":"" weiblich "",""firstlanguage"":"" ja "",""ethnic"":"" Weiß ""}","[0,1,2,3]","","","","","","","","","","","",""
"survey-multi-choice","6","56965","0.0-6.0","","19676.375000039116","demoFragen_Seite_3","{""legasthenie"":"" nein "",""dyskalkulie"":"" nein "",""student"":"" ja "",""beschäftigung"":"" keine Beschäftigung ""}","[0,1,2,3]","","","","","","","","","","","",""
"survey-multi-choice","7","87646","0.0-7.0","","30677.849999978207","demoFragen_Seite_4","{""bildung"":"" Fachhoch-/Hochschulreife "",""educationmath"":"" mittel (z.B. Wirtschaft, Management, Medizin, Psychologie, Biologie, Chemie) "",""workmath"":"" mittel (z.B. Wirtschaft, Management, Medizin, Psychologie, Biologie, Chemie) ""}","[0,1,2]","","","","","","","","","","","",""
"instructions","8","112629","0.0-8.0","[{""page_index"":0,""viewing_time"":24980.564999976195}]","24981.62999993656","Instruktion_GAD","","","","","","","","","","","","","",""
"survey-likert","9","135958","0.0-9.0","","23324.864999973215","GAD","{""GADa"":1,""GADb"":0,""GADc"":0,""GADd"":1,""GADe"":0,""GADf"":1,""GADg"":0}","[0,1,2,3,4,5,6]","","","","","","","","","","","",""
"instructions","10","138798","0.0-10.0","[{""page_index"":0,""viewing_time"":2837.33500004746}]","2837.915000040084","Instruktion_STAI","","","","","","","","","","","","","",""
"survey-likert","11","153032","0.0-11.0","","14230.865000048652","STAI","{""STAI1"":1,""STAI2"":0,""STAI3"":0,""STAI4"":1,""STAI5"":1}","[0,1,2,3,4]","","","","","","","","","","","",""
"instructions","12","154902","0.0-12.0","[{""page_index"":0,""viewing_time"":1867.6399999530986}]","1868.21499990765","Instruktion_AMAS","","","","","","","","","","","","","",""
"survey-likert","13","200060","0.0-13.0","","45152.32999995351","AMAS","{""AMAS1"":1,""AMAS2"":3,""AMAS3"":1,""AMAS4"":4,""AMAS5"":2,""AMAS6"":0,""AMAS7"":0,""AMAS8"":4,""AMAS9"":2}","[0,1,2,3,4,5,6,7,8]","","","","","","","","","","","",""
"instructions","14","203374","0.0-14.0","[{""page_index"":0,""viewing_time"":3311.9550000410527}]","3312.5599999912083","Instruktion_TEXT","","","","","","","","","","","","","",""
"instructions","15","210130","0.0-15.0","[{""page_index"":0,""viewing_time"":6754.13999997545}]","6754.714999930002","Instruktion_TEXT_Beispiel","","","","","","","","","","","","","",""
"html-keyboard-response","16","211142","0.0-16.0-0.0","","null","","","","","+","null","","","","","","","","",""
"html-keyboard-response","17","219497","0.0-16.0-1.0","","8350.63999996055","textaufgaben","","","","<p>Ein paar Freunde suchen Pilze im Wald.</p> <p>Sie sammeln gerade 13 Pilze.</p> <p>Sie hatten 36 Pilze davor.</p> <p>Wie viele Pilze haben sie am Ende?</p>","51","36 + 13","nc","1","A","C","49","2","",""
"html-keyboard-response","18","219676","0.0-16.0-2.0","","176.88000004272908","textaufgaben","","","","<p>Ein paar Freunde suchen Pilze im Wald.</p> <p>Sie sammeln gerade 13 Pilze.</p> <p>Sie hatten 36 Pilze davor.</p> <p>Wie viele Pilze haben sie am Ende?</p>","57","36 + 13","nc","1","A","C","49","2","",""
"html-keyboard-response","19","220689","0.0-16.0-0.1","","null","","","","","+","null","","","","","","","","",""
"html-keyboard-response","20","228514","0.0-16.0-1.1","","7823.089999961667","textaufgaben","","","","<p>Eine Tennisspielerin spielt Turniere.</p> <p>Sie hat 16 Spiele in dieser Saison gewonnen.</p> <p>Sie hat vor dieser Saison 25 Spiele gewonnen.</p> <p>Wie viele Spiele hat sie in ihrer Karriere gewonnen?</p>","52","25 + 16","c","2","A","C","41","10","",""
"html-keyboard-response","21","228824","0.0-16.0-2.1","","307.2349999565631","textaufgaben","","","","<p>Eine Tennisspielerin spielt Turniere.</p> <p>Sie hat 16 Spiele in dieser Saison gewonnen.</p> <p>Sie hat vor dieser Saison 25 Spiele gewonnen.</p> <p>Wie viele Spiele hat sie in ihrer Karriere gewonnen?</p>","49","25 + 16","c","2","A","C","41","10","",""
"html-keyboard-response","22","229828","0.0-16.0-0.2","","null","","","","","+","null","","","","","","","","",""
"html-keyboard-response","23","236278","0.0-16.0-1.2","","6446.705000009388","textaufgaben","","","","<p>Ein Dieb hat einer Frau einige Diamanten gestohlen.</p> <p>Ihr wurden 32 Diamanten gestohlen.</p> <p>Die Frau hatte 53 Diamanten gehabt.</p> <p>Wie viele Diamanten hat sie jetzt?</p>","51","53 - 32","nc","3","S","C","21","18","",""
"html-keyboard-response","24","236445","0.0-16.0-2.2","","165.5950000276789","textaufgaben","","","","<p>Ein Dieb hat einer Frau einige Diamanten gestohlen.</p> <p>Ihr wurden 32 Diamanten gestohlen.</p> <p>Die Frau hatte 53 Diamanten gehabt.</p> <p>Wie viele Diamanten hat sie jetzt?</p>","49","53 - 32","nc","3","S","C","21","18","",""
"html-keyboard-response","25","237458","0.0-16.0-0.3","","null","","","","","+","null","","","","","","","","",""
"html-keyboard-response","26","242823","0.0-16.0-1.3","","5362.454999936745","textaufgaben","","","","<p>Ein M&auml;dchen sammelt B&uuml;cher.</p> <p>Das M&auml;dchen verschenkt 17 B&uuml;cher.</p> <p>Sie hatte 46 B&uuml;cher  mitgebracht.</p> <p>Wie viele B&uuml;cher hat sie am Ende?</p>","50","46 - 17","c","4","S","C","29","22","",""
"html-keyboard-response","27","242967","0.0-16.0-2.3","","141.71999995596707","textaufgaben","","","","<p>Ein M&auml;dchen sammelt B&uuml;cher.</p> <p>Das M&auml;dchen verschenkt 17 B&uuml;cher.</p> <p>Sie hatte 46 B&uuml;cher  mitgebracht.</p> <p>Wie viele B&uuml;cher hat sie am Ende?</p>","57","46 - 17","c","4","S","C","29","22","",""
"html-keyboard-response","28","243980","0.0-16.0-0.4","","null","","","","","+","null","","","","","","","","",""
"html-keyboard-response","29","253538","0.0-16.0-1.4","","9556.250000023283","textaufgaben","","","","<p>Ein Mann spart Geld f&uuml;r einige Anschaffungen.</p> <p>Er hat jetzt 13 Euro.</p> <p>Er hat davor 65 Euro ausgegeben.</p> <p>Wie viel Geld hatte der Mann?</p>","55","65 + 13","nc","5","A","I","78","30","",""
"html-keyboard-response","30","253734","0.0-16.0-2.4","","193.3799999533221","textaufgaben","","","","<p>Ein Mann spart Geld f&uuml;r einige Anschaffungen.</p> <p>Er hat jetzt 13 Euro.</p> <p>Er hat davor 65 Euro ausgegeben.</p> <p>Wie viel Geld hatte der Mann?</p>","56","65 + 13","nc","5","A","I","78","30","",""
"html-keyboard-response","31","254737","0.0-16.0-0.5","","null","","","","","+","null","","","","","","","","",""
"html-keyboard-response","32","261618","0.0-16.0-1.5","","6878.550000023097","textaufgaben","","","","<p>Ein Mann spart Geld f&uuml;r einige Anschaffungen.</p> <p>Er gibt 19 Euro aus.</p> <p>Er hat jetzt 27 Euro.</p> <p>Wie viel Geld hatte der Mann?</p>","52","27 + 19","c","6","A","I","42","31","",""
"html-keyboard-response","33","261723","0.0-16.0-2.5","","102.34499990474433","textaufgaben","","","","<p>Ein Mann spart Geld f&uuml;r einige Anschaffungen.</p> <p>Er gibt 19 Euro aus.</p> <p>Er hat jetzt 27 Euro.</p> <p>Wie viel Geld hatte der Mann?</p>","54","27 + 19","c","6","A","I","42","31","",""
"html-keyboard-response","34","262725","0.0-16.0-0.6","","null","","","","","+","null","","","","","","","","",""
"html-keyboard-response","35","271037","0.0-16.0-1.6","","8308.850000030361","textaufgaben","","","","<p>Eine Studentin muss W&ouml;rter lernen.</p> <p>Die Studentin hat 42 W&ouml;rter gelernt.</p> <p>Sie kennt jetzt 68 W&ouml;rter.</p> <p>Wie viele W&ouml;rter hatte sie am Anfang gekonnt?</p>","50","68 - 42","nc","7","S","I","26","40","",""
"html-keyboard-response","36","271172","0.0-16.0-2.6","","132.80999998096377","textaufgaben","","","","<p>Eine Studentin muss W&ouml;rter lernen.</p> <p>Die Studentin hat 42 W&ouml;rter gelernt.</p> <p>Sie kennt jetzt 68 W&ouml;rter.</p> <p>Wie viele W&ouml;rter hatte sie am Anfang gekonnt?</p>","54","68 - 42","nc","7","S","I","26","40","",""
"html-keyboard-response","37","272185","0.0-16.0-0.7","","null","","","","","+","null","","","","","","","","",""
"html-keyboard-response","38","281896","0.0-16.0-1.7","","9708.855000091717","textaufgaben","","","","<p>Einige Leute wurden zur Party eingeladen.</p> <p>Am Ende sind 41 Leute auf der Party.</p> <p>18 Leute sind davor zur Party gekommen.</p> <p>Wie viele Leute waren am Anfang auf der Party?</p>","53","41 - 18","c","8","S","I","23","47","",""
"html-keyboard-response","39","281990","0.0-16.0-2.7","","92.00000006239861","textaufgaben","","","","<p>Einige Leute wurden zur Party eingeladen.</p> <p>Am Ende sind 41 Leute auf der Party.</p> <p>18 Leute sind davor zur Party gekommen.</p> <p>Wie viele Leute waren am Anfang auf der Party?</p>","57","41 - 18","c","8","S","I","23","47","",""
"html-keyboard-response","40","282998","0.0-16.0-0.8","","null","","","","","+","null","","","","","","","","",""
"html-keyboard-response","41","289174","0.0-16.0-1.8","","6173.579999944195","textaufgaben","","","","<p>Eine Studentin muss W&ouml;rter lernen.</p> <p>Die Studentin kannte 52 W&ouml;rter.</p> <p>Sie lernte gerade 26 W&ouml;rter.</p> <p>Wie viele W&ouml;rter kennt die Studentin am Ende?</p>","55","52 + 26","nc","1","A","C","78","3","",""
"html-keyboard-response","42","289286","0.0-16.0-2.8","","110.24499998893589","textaufgaben","","","","<p>Eine Studentin muss W&ouml;rter lernen.</p> <p>Die Studentin kannte 52 W&ouml;rter.</p> <p>Sie lernte gerade 26 W&ouml;rter.</p> <p>Wie viele W&ouml;rter kennt die Studentin am Ende?</p>","56","52 + 26","nc","1","A","C","78","3","",""
"html-keyboard-response","43","290297","0.0-16.0-0.9","","null","","","","","+","null","","","","","","","","",""
"html-keyboard-response","44","311358","0.0-16.0-1.9","","21058.79499996081","textaufgaben","","","","<p>Eine Marktfrau verkauft &Auml;pfel auf dem Markt.</p> <p>Die Marktfrau kam mit 56 &Auml;pfeln.</p> <p>Sie hat 27 &Auml;pfel geliefert bekommen.</p> <p>Wie viele &Auml;pfel hat sie am Ende?</p>","56","56 + 27","c","2","A","C","83","12","",""
"html-keyboard-response","45","311447","0.0-16.0-2.9","","86.58000000286847","textaufgaben","","","","<p>Eine Marktfrau verkauft &Auml;pfel auf dem Markt.</p> <p>Die Marktfrau kam mit 56 &Auml;pfeln.</p> <p>Sie hat 27 &Auml;pfel geliefert bekommen.</p> <p>Wie viele &Auml;pfel hat sie am Ende?</p>","51","56 + 27","c","2","A","C","83","12","",""
"html-keyboard-response","46","312452","0.0-16.0-0.10","","null","","","","","+","null","","","","","","","","",""
"html-keyboard-response","47","317826","0.0-16.0-1.10","","5370.684999972582","textaufgaben","","","","<p>Ein Mann spart Geld f&uuml;r einige Anschaffungen.</p> <p>Er hatte 37 Euro gehabt.</p> <p>Er hat 14 Euro ausgegeben.</p> <p>Wie viel Geld hat er am Ende?</p>","50","37 - 14","nc","3","S","C","23","25","",""
"html-keyboard-response","48","317924","0.0-16.0-2.10","","96.33500000927597","textaufgaben","","","","<p>Ein Mann spart Geld f&uuml;r einige Anschaffungen.</p> <p>Er hatte 37 Euro gehabt.</p> <p>Er hat 14 Euro ausgegeben.</p> <p>Wie viel Geld hat er am Ende?</p>","51","37 - 14","nc","3","S","C","23","25","",""
"html-keyboard-response","49","318942","0.0-16.0-0.11","","null","","","","","+","null","","","","","","","","",""
"html-keyboard-response","50","328066","0.0-16.0-1.11","","9121.589999995194","textaufgaben","","","","<p>Einige Leute wurden zur Party eingeladen.</p> <p>41 Leute sind zur Party gekommen.</p> <p>25 Leute haben die Party fr&uuml;her verlassen.</p> <p>Wie viele Leute sind jetzt auf der Party?</p>","49","41 - 25","c","4","S","C","16","23","",""
"html-keyboard-response","51","328197","0.0-16.0-2.11","","128.62499989569187","textaufgaben","","","","<p>Einige Leute wurden zur Party eingeladen.</p> <p>41 Leute sind zur Party gekommen.</p> <p>25 Leute haben die Party fr&uuml;her verlassen.</p> <p>Wie viele Leute sind jetzt auf der Party?</p>","54","41 - 25","c","4","S","C","16","23","",""
"html-keyboard-response","52","329214","0.0-16.0-0.12","","null","","","","","+","null","","","","","","","","",""
"html-keyboard-response","53","335248","0.0-16.0-1.12","","6031.025000032969","textaufgaben","","","","<p>Ein paar Freunde suchen Pilze im Wald.</p> <p>Sie werfen gerade 23 giftige Pilze weg.</p> <p>Sie haben 31 Pilze &uuml;brig.</p> <p>Wie viele Pilze hatten sie fr&uuml;her?</p>","53","31 + 23","nc","5","A","I","54","25","",""
"html-keyboard-response","54","335356","0.0-16.0-2.12","","106.29999998491257","textaufgaben","","","","<p>Ein paar Freunde suchen Pilze im Wald.</p> <p>Sie werfen gerade 23 giftige Pilze weg.</p> <p>Sie haben 31 Pilze &uuml;brig.</p> <p>Wie viele Pilze hatten sie fr&uuml;her?</p>","52","31 + 23","nc","5","A","I","54","25","",""
"html-keyboard-response","55","336373","0.0-16.0-0.13","","null","","","","","+","null","","","","","","","","",""
"html-keyboard-response","56","344417","0.0-16.0-1.13","","8040.719999931753","textaufgaben","","","","<p>Ein M&auml;dchen sammelt B&uuml;cher.</p> <p>Das M&auml;dchen verschenkt 25 B&uuml;cher.</p> <p>Sie hat danach 17 B&uuml;cher.</p> <p>Wie viele B&uuml;cher hatte sie am Anfang?</p>","52","25 + 17","c","6","A","I","42","34","",""
"html-keyboard-response","57","344661","0.0-16.0-2.13","","242.14500002563","textaufgaben","","","","<p>Ein M&auml;dchen sammelt B&uuml;cher.</p> <p>Das M&auml;dchen verschenkt 25 B&uuml;cher.</p> <p>Sie hat danach 17 B&uuml;cher.</p> <p>Wie viele B&uuml;cher hatte sie am Anfang?</p>","50","25 + 17","c","6","A","I","42","34","",""
"html-keyboard-response","58","345672","0.0-16.0-0.14","","null","","","","","+","null","","","","","","","","",""
"html-keyboard-response","59","356621","0.0-16.0-1.14","","10946.110000018962","textaufgaben","","","","<p>Eine Tennisspielerin spielt Turniere.</p> <p>Sie hat in dieser Saison 29 Spiele gespielt.</p> <p>Sie gewann 13 Spiele.</p> <p>Wie viele Spiele hatte sie verloren?</p>","49","29 - 13","nc","7","S","I","16","39","",""
"html-keyboard-response","60","356770","0.0-16.0-2.14","","146.88499993644655","textaufgaben","","","","<p>Eine Tennisspielerin spielt Turniere.</p> <p>Sie hat in dieser Saison 29 Spiele gespielt.</p> <p>Sie gewann 13 Spiele.</p> <p>Wie viele Spiele hatte sie verloren?</p>","54","29 - 13","nc","7","S","I","16","39","",""
"html-keyboard-response","61","357784","0.0-16.0-0.15","","null","","","","","+","null","","","","","","","","",""
"html-keyboard-response","62","366942","0.0-16.0-1.15","","9155.015000025742","textaufgaben","","","","<p>Ein Dieb hat einer Frau einige Diamanten gestohlen.</p> <p>Der Dieb hatte ihr 54 Diamanten gestohlen.</p> <p>Die Polizei findet 28 Diamanten wieder.</p> <p>Wie viele Diamanten muss die Polizei noch finden?</p>","50","54 - 28","c","8","S","I","26","46","",""
"html-keyboard-response","63","367067","0.0-16.0-2.15","","123.35999996867031","textaufgaben","","","","<p>Ein Dieb hat einer Frau einige Diamanten gestohlen.</p> <p>Der Dieb hatte ihr 54 Diamanten gestohlen.</p> <p>Die Polizei findet 28 Diamanten wieder.</p> <p>Wie viele Diamanten muss die Polizei noch finden?</p>","54","54 - 28","c","8","S","I","26","46","",""
"html-keyboard-response","64","368077","0.0-16.0-0.16","","null","","","","","+","null","","","","","","","","",""
"html-keyboard-response","65","371805","0.0-16.0-1.16","","3725.525000016205","textaufgaben","","","","<p>Ein Mann spart Geld f&uuml;r einige Anschaffungen.</p> <p>Er hatte 21 Euro.</p> <p>Er verdient 13 Euro.</p> <p>Wie viel Geld hat der Mann jetzt?</p>","51","21 + 13","nc","1","A","C","34","1","",""
"html-keyboard-response","66","372123","0.0-16.0-2.16","","315.46000007074326","textaufgaben","","","","<p>Ein Mann spart Geld f&uuml;r einige Anschaffungen.</p> <p>Er hatte 21 Euro.</p> <p>Er verdient 13 Euro.</p> <p>Wie viel Geld hat der Mann jetzt?</p>","52","21 + 13","nc","1","A","C","34","1","",""
"html-keyboard-response","67","373140","0.0-16.0-0.17","","null","","","","","+","null","","","","","","","","",""
"html-keyboard-response","68","385499","0.0-16.0-1.17","","12356.13500000909","textaufgaben","","","","<p>Einige Leute wurden zur Party eingeladen.</p> <p>19 Leute sind sp&auml;ter gekommen.</p> <p>Es waren anfangs 24 Leute auf der Party.</p> <p>Wie viele Leute waren am Ende auf der Party?</p>","52","24 + 19","c","2","A","C","43","8","",""
"html-keyboard-response","69","385648","0.0-16.0-2.17","","142.7350000012666","textaufgaben","","","","<p>Einige Leute wurden zur Party eingeladen.</p> <p>19 Leute sind sp&auml;ter gekommen.</p> <p>Es waren anfangs 24 Leute auf der Party.</p> <p>Wie viele Leute waren am Ende auf der Party?</p>","52","24 + 19","c","2","A","C","43","8","",""
"html-keyboard-response","70","386653","0.0-16.0-0.18","","null","","","","","+","null","","","","","","","","",""
"html-keyboard-response","71","389831","0.0-16.0-1.18","","3175.6850000238046","textaufgaben","","","","<p>Ein M&auml;dchen sammelt B&uuml;cher.</p> <p>Das M&auml;dchen hat 28 B&uuml;cher.</p> <p>Sie verschenkt 13 B&uuml;cher an ihre Freunde.</p> <p>Wie viele B&uuml;cher hat sie am Ende?</p>","50","28 - 13","nc","3","S","C","15","17","",""
"html-keyboard-response","72","391848","0.0-16.0-2.18","","null","textaufgaben","","","","<p>Ein M&auml;dchen sammelt B&uuml;cher.</p> <p>Das M&auml;dchen hat 28 B&uuml;cher.</p> <p>Sie verschenkt 13 B&uuml;cher an ihre Freunde.</p> <p>Wie viele B&uuml;cher hat sie am Ende?</p>","null","28 - 13","nc","3","S","C","15","17","",""
"html-keyboard-response","73","392864","0.0-16.0-0.19","","null","","","","","+","null","","","","","","","","",""
"html-keyboard-response","74","401845","0.0-16.0-1.19","","8977.660000091419","textaufgaben","","","","<p>Eine Tennisspielerin spielt Turniere.</p> <p>Sie verlor 18 Spiele.</p> <p>Sie hat in dieser Saison 34 Spiele gespielt.</p> <p>Wie viele Spiele hat sie gewonnen?</p>","49","34 - 18","c","4","S","C","16","21","",""
"html-keyboard-response","75","402084","0.0-16.0-2.19","","237.30999999679625","textaufgaben","","","","<p>Eine Tennisspielerin spielt Turniere.</p> <p>Sie verlor 18 Spiele.</p> <p>Sie hat in dieser Saison 34 Spiele gespielt.</p> <p>Wie viele Spiele hat sie gewonnen?</p>","54","34 - 18","c","4","S","C","16","21","",""
"html-keyboard-response","76","403088","0.0-16.0-0.20","","null","","","","","+","null","","","","","","","","",""
"html-keyboard-response","77","408940","0.0-16.0-1.20","","5848.935000016354","textaufgaben","","","","<p>Eine Marktfrau verkauft &Auml;pfel auf dem Markt.</p> <p>Die Marktfrau verkauft 13 &Auml;pfel.</p> <p>Sie hat danach 36 &Auml;pfel.</p> <p>Wie viele &Auml;pfel hatte sie am Anfang?</p>","52","36 + 13","nc","5","A","I","49","26","",""
"html-keyboard-response","78","409053","0.0-16.0-2.20","","110.7999999076128","textaufgaben","","","","<p>Eine Marktfrau verkauft &Auml;pfel auf dem Markt.</p> <p>Die Marktfrau verkauft 13 &Auml;pfel.</p> <p>Sie hat danach 36 &Auml;pfel.</p> <p>Wie viele &Auml;pfel hatte sie am Anfang?</p>","57","36 + 13","nc","5","A","I","49","26","",""
"html-keyboard-response","79","410070","0.0-16.0-0.21","","null","","","","","+","null","","","","","","","","",""
"html-keyboard-response","80","427145","0.0-16.0-1.21","","17072.02999992296","textaufgaben","","","","<p>Eine Studentin muss W&ouml;rter lernen.</p> <p>Die Studentin hat 53 W&ouml;rtern vergessen.</p> <p>Sie lernt sp&auml;ter 18 andere W&ouml;rter.</p> <p>Wie viele W&ouml;rter m&uuml;sste sie kennen?</p>","49","53 + 18","c","6","A","I","71","33","",""
"html-keyboard-response","81","427266","0.0-16.0-2.21","","119.2550000268966","textaufgaben","","","","<p>Eine Studentin muss W&ouml;rter lernen.</p> <p>Die Studentin hat 53 W&ouml;rtern vergessen.</p> <p>Sie lernt sp&auml;ter 18 andere W&ouml;rter.</p> <p>Wie viele W&ouml;rter m&uuml;sste sie kennen?</p>","56","53 + 18","c","6","A","I","71","33","",""
"html-keyboard-response","82","428288","0.0-16.0-0.22","","null","","","","","+","null","","","","","","","","",""
"html-keyboard-response","83","435318","0.0-16.0-1.22","","7027.479999931529","textaufgaben","","","","<p>Einige Leute wurden zur Party eingeladen.</p> <p>Es sind 25 Leute auf der Party.</p> <p>12 Leute sind sp&auml;ter gekommen.</p> <p>Wie viele Leute waren am Anfang auf der Party?</p>","49","25 - 12","nc","7","S","I","13","37","",""
"html-keyboard-response","84","435453","0.0-16.0-2.22","","132.86499993409961","textaufgaben","","","","<p>Einige Leute wurden zur Party eingeladen.</p> <p>Es sind 25 Leute auf der Party.</p> <p>12 Leute sind sp&auml;ter gekommen.</p> <p>Wie viele Leute waren am Anfang auf der Party?</p>","51","25 - 12","nc","7","S","I","13","37","",""
"html-keyboard-response","85","436461","0.0-16.0-0.23","","null","","","","","+","null","","","","","","","","",""
"html-keyboard-response","86","445207","0.0-16.0-1.23","","8743.599999928847","textaufgaben","","","","<p>Ein Mann spart Geld f&uuml;r einige Anschaffungen.</p> <p>Er verdient heute 19 Euro.</p> <p>Er hat jetzt 37 Euro.</p> <p>Wie viel Geld hatte er am Anfang?</p>","49","37 - 19","c","8","S","I","18","44","",""
"html-keyboard-response","87","445320","0.0-16.0-2.23","","110.69500003941357","textaufgaben","","","","<p>Ein Mann spart Geld f&uuml;r einige Anschaffungen.</p> <p>Er verdient heute 19 Euro.</p> <p>Er hat jetzt 37 Euro.</p> <p>Wie viel Geld hatte er am Anfang?</p>","56","37 - 19","c","8","S","I","18","44","",""
"html-keyboard-response","88","446326","0.0-16.0-0.24","","null","","","","","+","null","","","","","","","","",""
"html-keyboard-response","89","456598","0.0-16.0-1.24","","10269.060000078753","textaufgaben","","","","<p>Ein M&auml;dchen sammelt B&uuml;cher.</p> <p>Sie hat 35 B&uuml;cher erhalten.</p> <p>Das M&auml;dchen hatte davor 54 B&uuml;cher.</p> <p>Wie viele B&uuml;cher hat sie am Ende?</p>","56","54 + 35","nc","1","A","C","89","4","",""
"html-keyboard-response","90","456700","0.0-16.0-2.24","","100.83999997004867","textaufgaben","","","","<p>Ein M&auml;dchen sammelt B&uuml;cher.</p> <p>Sie hat 35 B&uuml;cher erhalten.</p> <p>Das M&auml;dchen hatte davor 54 B&uuml;cher.</p> <p>Wie viele B&uuml;cher hat sie am Ende?</p>","57","54 + 35","nc","1","A","C","89","4","",""
"html-keyboard-response","91","457717","0.0-16.0-0.25","","null","","","","","+","null","","","","","","","","",""
"html-keyboard-response","92","466166","0.0-16.0-1.25","","8445.784999988973","textaufgaben","","","","<p>Eine Studentin muss W&ouml;rter lernen.</p> <p>Die Studentin kannte 43 W&ouml;rter.</p> <p>Sie hat gerade 19 W&ouml;rter gelernt.</p> <p>Wie viele W&ouml;rter kennt die Studentin am Ende?</p>","54","43 + 19","c","2","A","C","62","7","",""
"html-keyboard-response","93","466270","0.0-16.0-2.25","","101.45499999634922","textaufgaben","","","","<p>Eine Studentin muss W&ouml;rter lernen.</p> <p>Die Studentin kannte 43 W&ouml;rter.</p> <p>Sie hat gerade 19 W&ouml;rter gelernt.</p> <p>Wie viele W&ouml;rter kennt die Studentin am Ende?</p>","50","43 + 19","c","2","A","C","62","7","",""
"html-keyboard-response","94","467279","0.0-16.0-0.26","","null","","","","","+","null","","","","","","","","",""
"html-keyboard-response","95","474435","0.0-16.0-1.26","","7153.234999976121","textaufgaben","","","","<p>Eine Studentin muss W&ouml;rter lernen.</p> <p>Die Studentin vergisst 12 W&ouml;rter.</p> <p>Sie hat am Anfang 58 W&ouml;rter gelernt.</p> <p>Wie viele W&ouml;rter hat sie richtig gelernt?</p>","52","58 - 12","nc","3","S","C","46","14","",""
"html-keyboard-response","96","474574","0.0-16.0-2.26","","136.9249999988824","textaufgaben","","","","<p>Eine Studentin muss W&ouml;rter lernen.</p> <p>Die Studentin vergisst 12 W&ouml;rter.</p> <p>Sie hat am Anfang 58 W&ouml;rter gelernt.</p> <p>Wie viele W&ouml;rter hat sie richtig gelernt?</p>","54","58 - 12","nc","3","S","C","46","14","",""
"html-keyboard-response","97","475576","0.0-16.0-0.27","","null","","","","","+","null","","","","","","","","",""
"html-keyboard-response","98","482700","0.0-16.0-1.27","","7121.464999974705","textaufgaben","","","","<p>Ein paar Freunde suchen Pilze im Wald.</p> <p>Sie haben 65 Pilze gefunden.</p> <p>Sie haben 36 giftige Pilze weggeworfen.</p> <p>Wie viele Pilze haben sie danach?</p>","50","65 - 36","c","4","S","C","29","24","",""
"html-keyboard-response","99","482799","0.0-16.0-2.27","","97.03499998431653","textaufgaben","","","","<p>Ein paar Freunde suchen Pilze im Wald.</p> <p>Sie haben 65 Pilze gefunden.</p> <p>Sie haben 36 giftige Pilze weggeworfen.</p> <p>Wie viele Pilze haben sie danach?</p>","57","65 - 36","c","4","S","C","29","24","",""
"html-keyboard-response","100","483814","0.0-16.0-0.28","","null","","","","","+","null","","","","","","","","",""
"html-keyboard-response","101","493001","0.0-16.0-1.28","","9184.174999943934","textaufgaben","","","","<p>Einige Leute wurden zur Party eingeladen.</p> <p>72 Leute haben die Party verlassen.</p> <p>Es blieben danach 26 Leute.</p> <p>Wie viele Leute waren zur Party gekommen?</p>","57","72 + 26","nc","5","A","I","98","27","",""
"html-keyboard-response","102","493122","0.0-16.0-2.28","","118.75499994494021","textaufgaben","","","","<p>Einige Leute wurden zur Party eingeladen.</p> <p>72 Leute haben die Party verlassen.</p> <p>Es blieben danach 26 Leute.</p> <p>Wie viele Leute waren zur Party gekommen?</p>","56","72 + 26","nc","5","A","I","98","27","",""
"html-keyboard-response","103","494124","0.0-16.0-0.29","","null","","","","","+","null","","","","","","","","",""
"html-keyboard-response","104","501913","0.0-16.0-1.29","","7786.309999995865","textaufgaben","","","","<p>Ein paar Freunde suchen Pilze im Wald.</p> <p>Sie werfen gerade 19 giftige Pilze weg.</p> <p>Sie haben 45 Pilze.</p> <p>Wie viele Pilze hatten sie davor?</p>","54","45 + 19","c","6","A","I","64","32","",""
"html-keyboard-response","105","502044","0.0-16.0-2.29","","128.60499997623265","textaufgaben","","","","<p>Ein paar Freunde suchen Pilze im Wald.</p> <p>Sie werfen gerade 19 giftige Pilze weg.</p> <p>Sie haben 45 Pilze.</p> <p>Wie viele Pilze hatten sie davor?</p>","52","45 + 19","c","6","A","I","64","32","",""
"html-keyboard-response","106","503055","0.0-16.0-0.30","","null","","","","","+","null","","","","","","","","",""
"html-keyboard-response","107","508574","0.0-16.0-1.30","","5515.660000033677","textaufgaben","","","","<p>Ein Mann spart Geld f&uuml;r einige Anschaffungen.</p> <p>Er hat jetzt 37 Euro.</p> <p>Er hatte 24 Euro verdient.</p> <p>Wie viel Geld hatte er am Anfang?</p>","49","37 - 24","nc","7","S","I","13","41","",""
"html-keyboard-response","108","508700","0.0-16.0-2.30","","123.46000003162771","textaufgaben","","","","<p>Ein Mann spart Geld f&uuml;r einige Anschaffungen.</p> <p>Er hat jetzt 37 Euro.</p> <p>Er hatte 24 Euro verdient.</p> <p>Wie viel Geld hatte er am Anfang?</p>","51","37 - 24","nc","7","S","I","13","41","",""
"html-keyboard-response","109","509703","0.0-16.0-0.31","","null","","","","","+","null","","","","","","","","",""
"html-keyboard-response","110","519084","0.0-16.0-1.31","","9377.895000041462","textaufgaben","","","","<p>Ein paar Freunde suchen Pilze im Wald.</p> <p>Sie haben am Ende 31 Pilze.</p> <p>Sie haben davor 12 Pilze gesammelt.</p> <p>Wie viele Pilze hatten sie am Anfang?</p>","49","31 - 12","c","8","S","I","19","43","",""
"html-keyboard-response","111","519219","0.0-16.0-2.31","","132.54000002052635","textaufgaben","","","","<p>Ein paar Freunde suchen Pilze im Wald.</p> <p>Sie haben am Ende 31 Pilze.</p> <p>Sie haben davor 12 Pilze gesammelt.</p> <p>Wie viele Pilze hatten sie am Anfang?</p>","57","31 - 12","c","8","S","I","19","43","",""
"html-keyboard-response","112","520236","0.0-16.0-0.32","","null","","","","","+","null","","","","","","","","",""
"html-keyboard-response","113","531937","0.0-16.0-1.32","","11697.70499994047","textaufgaben","","","","<p>Einige Leute wurden zur Party eingeladen.</p> <p>12 Leute sind sp&auml;ter gekommen.</p> <p>Es waren davor 75 Leute auf der Party.</p> <p>Wie viele Leute waren am Ende auf der Party?</p>","56","75 + 12","nc","1","A","C","87","6","",""
"html-keyboard-response","114","532050","0.0-16.0-2.32","","111.2000000430271","textaufgaben","","","","<p>Einige Leute wurden zur Party eingeladen.</p> <p>12 Leute sind sp&auml;ter gekommen.</p> <p>Es waren davor 75 Leute auf der Party.</p> <p>Wie viele Leute waren am Ende auf der Party?</p>","55","75 + 12","nc","1","A","C","87","6","",""
"html-keyboard-response","115","533061","0.0-16.0-0.33","","null","","","","","+","null","","","","","","","","",""
"html-keyboard-response","116","540757","0.0-16.0-1.33","","7693.510000011884","textaufgaben","","","","<p>Ein paar Freunde suchen Pilze im Wald.</p> <p>Sie hatten 67 Pilze.</p> <p>Sie sammeln 15 Pilzen.</p> <p>Wie viele Pilze haben sie am Ende?</p>","56","67 + 15","c","2","A","C","82","9","",""
"html-keyboard-response","117","540847","0.0-16.0-2.33","","87.52499998081475","textaufgaben","","","","<p>Ein paar Freunde suchen Pilze im Wald.</p> <p>Sie hatten 67 Pilze.</p> <p>Sie sammeln 15 Pilzen.</p> <p>Wie viele Pilze haben sie am Ende?</p>","50","67 + 15","c","2","A","C","82","9","",""
"html-keyboard-response","118","541850","0.0-16.0-0.34","","null","","","","","+","null","","","","","","","","",""
"html-keyboard-response","119","548921","0.0-16.0-1.34","","7067.604999989271","textaufgaben","","","","<p>Eine Tennisspielerin spielt Turniere.</p> <p>Sie hat in dieser Saison 59 Spiele gespielt.</p> <p>Sie hat 41 Spiele verloren.</p> <p>Wie viele Spiele hat sie gewonnen?</p>","49","59 - 41","nc","3","S","C","18","16","",""
"html-keyboard-response","120","549069","0.0-16.0-2.34","","146.42999996431172","textaufgaben","","","","<p>Eine Tennisspielerin spielt Turniere.</p> <p>Sie hat in dieser Saison 59 Spiele gespielt.</p> <p>Sie hat 41 Spiele verloren.</p> <p>Wie viele Spiele hat sie gewonnen?</p>","56","59 - 41","nc","3","S","C","18","16","",""
"html-keyboard-response","121","550082","0.0-16.0-0.35","","null","","","","","+","null","","","","","","","","",""
"html-keyboard-response","122","561131","0.0-16.0-1.35","","11046.59000004176","textaufgaben","","","","<p>Ein Dieb hat einer Frau einige Diamanten gestohlen.</p> <p>Der Dieb hat ihr 16 Diamanten gestohlen.</p> <p>Sie hatte am Anfang 41 Diamanten gehabt.</p> <p>Wie viele Diamanten hat sie jetzt?</p>","51","41 - 16","c","4","S","C","25","19","",""
"html-keyboard-response","123","561221","0.0-16.0-2.35","","88.12999993097037","textaufgaben","","","","<p>Ein Dieb hat einer Frau einige Diamanten gestohlen.</p> <p>Der Dieb hat ihr 16 Diamanten gestohlen.</p> <p>Sie hatte am Anfang 41 Diamanten gehabt.</p> <p>Wie viele Diamanten hat sie jetzt?</p>","53","41 - 16","c","4","S","C","25","19","",""
"html-keyboard-response","124","562222","0.0-16.0-0.36","","null","","","","","+","null","","","","","","","","",""
"html-keyboard-response","125","572167","0.0-16.0-1.36","","9941.965000005439","textaufgaben","","","","<p>Eine Tennisspielerin spielt Turniere.</p> <p>Sie hatte fr&uuml;her 23 Spiele verloren.</p> <p>Sie hat 14 Spiele in dieser Saison verloren.</p> <p>Wie viele Spiele hat sie in ihrer Karriere verloren?</p>","51","23 + 14","nc","5","A","I","37","28","",""
"html-keyboard-response","126","572297","0.0-16.0-2.36","","127.82499997410923","textaufgaben","","","","<p>Eine Tennisspielerin spielt Turniere.</p> <p>Sie hatte fr&uuml;her 23 Spiele verloren.</p> <p>Sie hat 14 Spiele in dieser Saison verloren.</p> <p>Wie viele Spiele hat sie in ihrer Karriere verloren?</p>","55","23 + 14","nc","5","A","I","37","28","",""
"html-keyboard-response","127","573313","0.0-16.0-0.37","","null","","","","","+","null","","","","","","","","",""
"html-keyboard-response","128","581084","0.0-16.0-1.37","","7768.574999994598","textaufgaben","","","","<p>Eine Marktfrau verkauft &Auml;pfel auf dem Markt.</p> <p>Sie hat jetzt 38 &Auml;pfel.</p> <p>Die Marktfrau hatte davor 26 &Auml;pfel verkauft.</p> <p>Wie viele &Auml;pfel hatte sie am Anfang?</p>","54","38 + 26","c","6","A","I","64","35","",""
"html-keyboard-response","129","581234","0.0-16.0-2.37","","147.374999942258","textaufgaben","","","","<p>Eine Marktfrau verkauft &Auml;pfel auf dem Markt.</p> <p>Sie hat jetzt 38 &Auml;pfel.</p> <p>Die Marktfrau hatte davor 26 &Auml;pfel verkauft.</p> <p>Wie viele &Auml;pfel hatte sie am Anfang?</p>","52","38 + 26","c","6","A","I","64","35","",""
"html-keyboard-response","130","582247","0.0-16.0-0.38","","null","","","","","+","null","","","","","","","","",""
"html-keyboard-response","131","594701","0.0-16.0-1.38","","12450.270000030287","textaufgaben","","","","<p>Eine Marktfrau verkauft &Auml;pfel auf dem Markt.</p> <p>Sie hatte vorher 21 &Auml;pfel geliefert bekommen.</p> <p>Die Marktfrau hat 64 &Auml;pfel.</p> <p>Wie viele &Auml;pfel hatte sie am Anfang?</p>","52","64 - 21","nc","7","S","I","43","42","",""
"html-keyboard-response","132","594817","0.0-16.0-2.38","","114.42499991972","textaufgaben","","","","<p>Eine Marktfrau verkauft &Auml;pfel auf dem Markt.</p> <p>Sie hatte vorher 21 &Auml;pfel geliefert bekommen.</p> <p>Die Marktfrau hat 64 &Auml;pfel.</p> <p>Wie viele &Auml;pfel hatte sie am Anfang?</p>","51","64 - 21","nc","7","S","I","43","42","",""
"html-keyboard-response","133","595835","0.0-16.0-0.39","","null","","","","","+","null","","","","","","","","",""
"html-keyboard-response","134","607589","0.0-16.0-1.39","","11751.24000001233","textaufgaben","","","","<p>Eine Studentin muss W&ouml;rter lernen.</p> <p>Die Studentin hat 13 W&ouml;rter gelernt.</p> <p>Sie kennt jetzt 31 W&ouml;rter.</p> <p>Wie viele W&ouml;rter hatte sie am Anfang gekonnt?</p>","49","31 - 13","c","8","S","I","18","45","",""
"html-keyboard-response","135","607742","0.0-16.0-2.39","","150.94500000122935","textaufgaben","","","","<p>Eine Studentin muss W&ouml;rter lernen.</p> <p>Die Studentin hat 13 W&ouml;rter gelernt.</p> <p>Sie kennt jetzt 31 W&ouml;rter.</p> <p>Wie viele W&ouml;rter hatte sie am Anfang gekonnt?</p>","56","31 - 13","c","8","S","I","18","45","",""
"html-keyboard-response","136","608758","0.0-16.0-0.40","","null","","","","","+","null","","","","","","","","",""
"html-keyboard-response","137","617649","0.0-16.0-1.40","","8887.329999939539","textaufgaben","","","","<p>Ein Dieb hat einer Frau einige Diamanten gestohlen.</p> <p>Nach dem Diebstahl hatte sie 23 Diamanten.</p> <p>Die Polizei findet 15 Diamanten wieder.</p> <p>Wie viele Diamanten hat die Frau am Ende?</p>","51","23 + 15","nc","1","A","C","38","5","",""
"html-keyboard-response","138","617775","0.0-16.0-2.40","","124.29499998688698","textaufgaben","","","","<p>Ein Dieb hat einer Frau einige Diamanten gestohlen.</p> <p>Nach dem Diebstahl hatte sie 23 Diamanten.</p> <p>Die Polizei findet 15 Diamanten wieder.</p> <p>Wie viele Diamanten hat die Frau am Ende?</p>","56","23 + 15","nc","1","A","C","38","5","",""
"html-keyboard-response","139","618792","0.0-16.0-0.41","","null","","","","","+","null","","","","","","","","",""
"html-keyboard-response","140","628953","0.0-16.0-1.41","","10158.04000000935","textaufgaben","","","","<p>Ein M&auml;dchen sammelt B&uuml;cher.</p> <p>Sie erh&auml;lt 18 B&uuml;cher.</p> <p>Das M&auml;dchen hatte am Anfang 46 B&uuml;cher gehabt.</p> <p>Wie viele B&uuml;cher hat sie am Ende?</p>","53","46 + 18","c","2","A","C","64","11","",""
"html-keyboard-response","141","629092","0.0-16.0-2.41","","136.37500000186265","textaufgaben","","","","<p>Ein M&auml;dchen sammelt B&uuml;cher.</p> <p>Sie erh&auml;lt 18 B&uuml;cher.</p> <p>Das M&auml;dchen hatte am Anfang 46 B&uuml;cher gehabt.</p> <p>Wie viele B&uuml;cher hat sie am Ende?</p>","52","46 + 18","c","2","A","C","64","11","",""
"html-keyboard-response","142","630110","0.0-16.0-0.42","","null","","","","","+","null","","","","","","","","",""
"html-keyboard-response","143","634519","0.0-16.0-1.42","","4406.384999980219","textaufgaben","","","","<p>Eine Marktfrau verkauft &Auml;pfel auf dem Markt.</p> <p>Die Marktfrau verkauft 13 &Auml;pfel.</p> <p>Sie hatte 25 &Auml;pfel mitgebracht.</p> <p>Wie viele &Auml;pfel hat sie am Ende?</p>","49","25 - 13","nc","3","S","C","12","13","",""
"html-keyboard-response","144","634672","0.0-16.0-2.42","","151.3600000180304","textaufgaben","","","","<p>Eine Marktfrau verkauft &Auml;pfel auf dem Markt.</p> <p>Die Marktfrau verkauft 13 &Auml;pfel.</p> <p>Sie hatte 25 &Auml;pfel mitgebracht.</p> <p>Wie viele &Auml;pfel hat sie am Ende?</p>","50","25 - 13","nc","3","S","C","12","13","",""
"html-keyboard-response","145","635675","0.0-16.0-0.43","","null","","","","","+","null","","","","","","","","",""
"html-keyboard-response","146","643153","0.0-16.0-1.43","","7475.255000055768","textaufgaben","","","","<p>Eine Marktfrau verkauft &Auml;pfel auf dem Markt.</p> <p>Die Marktfrau kam mit 37 &Auml;pfeln.</p> <p>Sie verkauft 19 &Auml;pfel.</p> <p>Wie viele &Auml;pfel hat sie am Ende?</p>","49","37 - 19","c","4","S","C","18","20","",""
"html-keyboard-response","147","643266","0.0-16.0-2.43","","110.40500004310161","textaufgaben","","","","<p>Eine Marktfrau verkauft &Auml;pfel auf dem Markt.</p> <p>Die Marktfrau kam mit 37 &Auml;pfeln.</p> <p>Sie verkauft 19 &Auml;pfel.</p> <p>Wie viele &Auml;pfel hat sie am Ende?</p>","56","37 - 19","c","4","S","C","18","20","",""
"html-keyboard-response","148","644282","0.0-16.0-0.44","","null","","","","","+","null","","","","","","","","",""
"html-keyboard-response","149","652748","0.0-16.0-1.44","","8463.235000032","textaufgaben","","","","<p>Ein Dieb hat einer Frau einige Diamanten gestohlen.</p> <p>Sie hat jetzt 34 Diamanten.</p> <p>Der Dieb hatte ihr 25 Diamanten gestohlen.</p> <p>Wie viele Diamanten hatte die Frau?</p>","53","34 + 25","nc","5","A","I","59","29","",""
"html-keyboard-response","150","652874","0.0-16.0-2.44","","124.21999999787658","textaufgaben","","","","<p>Ein Dieb hat einer Frau einige Diamanten gestohlen.</p> <p>Sie hat jetzt 34 Diamanten.</p> <p>Der Dieb hatte ihr 25 Diamanten gestohlen.</p> <p>Wie viele Diamanten hatte die Frau?</p>","57","34 + 25","nc","5","A","I","59","29","",""
"html-keyboard-response","151","653891","0.0-16.0-0.45","","null","","","","","+","null","","","","","","","","",""
"html-keyboard-response","152","662639","0.0-16.0-1.45","","8744.85499993898","textaufgaben","","","","<p>Eine Tennisspielerin spielt Turniere.</p> <p>Sie hat in dieser Saison 17 Spiele verloren.</p> <p>Sie hatte fr&uuml;her 76 Spiele verloren.</p> <p>Wie viele Spiele hat sie in ihrer Karriere verloren?</p>","57","76 + 17","c","6","A","I","93","36","",""
"html-keyboard-response","153","662778","0.0-16.0-2.45","","137.44500000029802","textaufgaben","","","","<p>Eine Tennisspielerin spielt Turniere.</p> <p>Sie hat in dieser Saison 17 Spiele verloren.</p> <p>Sie hatte fr&uuml;her 76 Spiele verloren.</p> <p>Wie viele Spiele hat sie in ihrer Karriere verloren?</p>","51","76 + 17","c","6","A","I","93","36","",""
"html-keyboard-response","154","663795","0.0-16.0-0.46","","null","","","","","+","null","","","","","","","","",""
"html-keyboard-response","155","673323","0.0-16.0-1.46","","9519.150000065565","textaufgaben","","","","<p>Ein Dieb hat einer Frau einige Diamanten gestohlen.</p> <p>Die Polizei hat 13 Diamanten wiedergefunden.</p> <p>Der Dieb hatte ihr 37 Diamanten gestohlen.</p> <p>Wie viele Diamanten muss die Polizei noch finden?</p>","50","37 - 13","nc","7","S","I","14","38","",""
"html-keyboard-response","156","673610","0.0-16.0-2.46","","285.4899999219924","textaufgaben","","","","<p>Ein Dieb hat einer Frau einige Diamanten gestohlen.</p> <p>Die Polizei hat 13 Diamanten wiedergefunden.</p> <p>Der Dieb hatte ihr 37 Diamanten gestohlen.</p> <p>Wie viele Diamanten muss die Polizei noch finden?</p>","52","37 - 13","nc","7","S","I","14","38","",""
"html-keyboard-response","157","674616","0.0-16.0-0.47","","null","","","","","+","null","","","","","","","","",""
"html-keyboard-response","158","682482","0.0-16.0-1.47","","7863.295000046492","textaufgaben","","","","<p>Ein M&auml;dchen sammelt B&uuml;cher.</p> <p>Das M&auml;dchen erh&auml;lt 45 B&uuml;cher.</p> <p>Sie hat danach 74 B&uuml;cher.</p> <p>Wie viele B&uuml;cher hatte sie am Anfang?</p>","52","74 - 45","c","8","S","I","29","48","",""
"html-keyboard-response","159","682599","0.0-16.0-2.47","","115.12000008951873","textaufgaben","","","","<p>Ein M&auml;dchen sammelt B&uuml;cher.</p> <p>Das M&auml;dchen erh&auml;lt 45 B&uuml;cher.</p> <p>Sie hat danach 74 B&uuml;cher.</p> <p>Wie viele B&uuml;cher hatte sie am Anfang?</p>","57","74 - 45","c","8","S","I","29","48","",""
"html-keyboard-response","160","684266","0.0-17.0","","1665.250000078231","","","","","Die Aufgabe ist vorbei. Bitte dr&uuml;cken Sie eine Taste um fortzufahren!","32","","","","","","","","",""
"instructions","161","800258","0.0-18.0","[{""page_index"":0,""viewing_time"":115991.64999998175}]","115992.22000001464","instruktion_Rechenaufgaben","","","","","","","","","","","","","",""
"survey-time","162","860267","0.0-19.0","","59987.28000000119","Additionsaufgaben","{""RT02_01"":""9"",""RT02_02"":""73"",""RT02_03"":""46"",""RT02_04"":""98"",""RT02_05"":""91"",""RT02_06"":""53"",""RT02_07"":""74"",""RT02_08"":""38"",""RT02_09"":""95"",""RT02_10"":""73"",""RT02_11"":"""",""RT02_12"":"""",""RT02_13"":"""",""RT02_14"":"""",""RT02_15"":"""",""RT02_16"":"""",""RT02_17"":"""",""RT02_18"":"""",""RT02_19"":"""",""RT02_20"":"""",""RT02_21"":"""",""RT02_22"":"""",""RT02_23"":"""",""RT02_24"":"""",""RT02_25"":"""",""RT02_26"":"""",""RT02_27"":"""",""RT02_28"":""""}","","","","","","","","","","","","",""
"instructions","163","862937","0.0-20.0","[{""page_index"":0,""viewing_time"":2660.5299999937415}]","2661.064999992959","instruktion_Rechenaufgaben2","","","","","","","","","","","","","",""
"survey-time","164","922984","0.0-21.0","","60018.270000000484","Subtraktionsaufgaben","{""RT03_01"":""17"",""RT03_02"":""67"",""RT03_03"":""2"",""RT03_04"":""18"",""RT03_05"":""28"",""RT03_06"":""18"",""RT03_07"":""35"",""RT03_08"":""41"",""RT03_09"":""53"",""RT03_10"":""47"",""RT03_11"":"""",""RT03_12"":"""",""RT03_13"":"""",""RT03_14"":"""",""RT03_15"":"""",""RT03_16"":"""",""RT03_17"":"""",""RT03_18"":"""",""RT03_19"":"""",""RT03_20"":"""",""RT03_21"":"""",""RT03_22"":"""",""RT03_23"":"""",""RT03_24"":"""",""RT03_25"":"""",""RT03_26"":"""",""RT03_27"":"""",""RT03_28"":""""}","","","","","","","","","","","","",""
"instructions","165","938873","0.0-22.0","[{""page_index"":0,""viewing_time"":15882.660000002943}]","15883.269999991171","Instruktion_READ","","","","","","","","","","","","","",""
"html-button-response","166","940700","0.0-23.0-0.0","","1823.9250000333413","readingtest","","","","Hunde bellen.","","","read","","","","Richtig","","0",""
"html-button-response","167","942288","0.0-23.0-0.1","","1585.4299999773502","readingtest","","","","Regen ist trocken.","","","read","","","","Falsch","","1",""
"html-button-response","168","943974","0.0-23.0-0.2","","1683.7049999739975","readingtest","","","","Im Sommer f&auml;llt Schnee.","","","read","","","","Falsch","","0",""
"html-button-response","169","945740","0.0-23.0-0.3","","1764.3649999517947","readingtest","","","","Im Winter ist es warm.","","","read","","","","Falsch","","1",""
"html-button-response","170","947574","0.0-23.0-0.4","","1831.304999999702","readingtest","","","","Die Erde ist rund.","","","read","","","","Richtig","","0",""
"html-button-response","171","949352","0.0-23.0-0.5","","1775.5200000246987","readingtest","","","","Ein Fu&szlig;ball ist rund.","","","as","","","","Richtig","","0",""
"html-button-response","172","950889","0.0-23.0-0.6","","1535.5299999937415","readingtest","","","","Der Himmel ist blau.","","","read","","","","Richtig","","0",""
"html-button-response","173","952677","0.0-23.0-0.7","","1785.5850000632927","readingtest","","","","Pferde legen Eier.","","","read","","","","Falsch","","1",""
"html-button-response","174","954245","0.0-23.0-0.8","","1565.984999993816","readingtest","","","","Katzen haben Schn&auml;bel.","","","read","","","","Falsch","","1",""
"html-button-response","175","956294","0.0-23.0-0.9","","2046.4650000212714","readingtest","","","","B&auml;ren m&ouml;gen Honig.","","","read","","","","Richtig","","0",""
"html-button-response","176","958371","0.0-23.0-0.10","","2075.6100000580773","readingtest","","","","Fr&ouml;sche essen Fliegen.","","","read","","","","Richtig","","0",""
"html-button-response","177","960233","0.0-23.0-0.11","","1859.9799999501556","readingtest","","","","Steine kann man essen.","","","read","","","","Falsch","","1",""
"html-button-response","178","962214","0.0-23.0-0.12","","1978.7449999712408","readingtest","","","","Fische k&ouml;nnen schwimmen.","","","read","","","","Richtig","","0",""
"html-button-response","179","964099","0.0-23.0-0.13","","1883.4999999962747","readingtest","","","","Pferde haben Hufen.","","","read","","","","Richtig","","0",""
"html-button-response","180","966861","0.0-23.0-0.14","","2759.565000073053","readingtest","","","","Betten stehen in der K&uuml;che.","","","read","","","","Falsch","","1",""
"html-button-response","181","968478","0.0-23.0-0.15","","1614.4449999555945","readingtest","","","","&Auml;pfel wachsen auf B&auml;umen.","","","read","","","","Richtig","","0",""
"html-button-response","182","970156","0.0-23.0-0.16","","1676.0699999285862","readingtest","","","","Hunde schl&uuml;pfen aus Eiern.","","","read","","","","Falsch","","1",""
"html-button-response","183","971865","0.0-23.0-0.17","","1706.1899999389425","readingtest","","","","Mit den Augen kann man h&ouml;ren.","","","read","","","","Falsch","","1",""
"html-button-response","184","973665","0.0-23.0-0.18","","1797.2249999875203","readingtest","","","","In einem See leben Fische.","","","read","","","","Richtig","","0",""
"html-button-response","185","975294","0.0-23.0-0.19","","1626.8500000005588","readingtest","","","","Der K&uuml;hlschrank steht im Wohnzimmer.","","","read","","","","Falsch","","1",""
"html-button-response","186","977021","0.0-23.0-0.20","","1724.999999976717","readingtest","","","","In der B&auml;ckerei gibt es Brot.","","","read","","","","Richtig","","0",""
"html-button-response","187","979149","0.0-23.0-0.21","","","readingtest","","","","","","","read","","","","Falsch","","","Sie haben alle Aufgaben vor Ende der Zeit erledigt!"
"html-keyboard-response","188","980544","0.0-24.0","","1392.9800000041723","","","","","Die Zeit ist abgelaufen. Bitte dr&uuml;cken Sie eine Taste um fortzufahren!","32","","","","","","","","",""
"survey-multi-select","189","991924","0.0-25.0","","11369.394999928772","Quali_Fragen","{""ernsthaft"":["" ja ""],""Umgebung"":["" still ""],""Gerät"":["" Laptop ""]}","[0,1,2]","","","","","","","","","","","",""
"fullscreen","190","992939","0.0-26.0","","","","","","true","","","","","","","","","","",""
"html-button-response","191","995648","0.0-27.0","","2706.720000016503","","","","","<p><strong>Vielen Dank f&uuml;r Ihre Teilnahme!</strong></p><p>Falls Sie an der Verlosung der Amazon Gutscheine im Wert von je 10 Euro teilnehmen m&ouml;chten, dann<br>klicken Sie bitte jetzt auf &#8222;<u>An Verlosung teilnehmen</u>&#8220;. Wenn Sie an der Versuchspersonstunde interessiert sind,dann klicken Sie bitte jetzt auf &#8222;<u>Versuchspersonstunde beantragen</u>&#8220;, ansonsten klicken Sie bitte auf &#8222;<u>Experiment beenden</u>&#8220;.<br>Dann wird das Experiment abgeschlossen und Ihre Daten werden anonym gespeichert.</p><p><strong>Wir bedanken uns f&uuml;r Ihre Unterst&uuml;tzung!</strong></p>","","","","","","","","","1",""
