"trial_type","trial_index","time_elapsed","internal_node_id","view_history","rt","test_part","responses","question_order","success","stimulus","key_press","task","type","condition","operation","consistency","correct_response","task_id","button_pressed","status"
"pavlovia","0","27","0.0-0.0","","","","","","","","","","","","","","","","",""
"instructions","1","22880","0.0-1.0","[{""page_index"":0,""viewing_time"":19224},{""page_index"":1,""viewing_time"":3626}]","22851","teilnehmerinfo","","","","","","","","","","","","","",""
"survey-multi-select","2","31193","0.0-2.0","","8304","Einverstaendniserklaerung","{""einverstaendnis;"":[""Ich erkl&auml;re mich damit einverstanden, an der Studie teilzunehmen!""]}","[0]","","","","","","","","","","","",""
"fullscreen","3","39764","0.0-3.0","","","","","","true","","","","","","","","","","",""
"survey-text","4","45074","0.0-4.0","","5300","demoFragen_Seite_1","{""Alter"":""19""}","","","","","","","","","","","","",""
"survey-multi-choice","5","55303","0.0-5.0","","10220","demoFragen_Seite_2","{""handedneß"":"" rechtshändig "",""sex"":"" männlich "",""firstlanguage"":"" ja "",""ethnic"":"" Weiß ""}","[0,1,2,3]","","","","","","","","","","","",""
"survey-multi-choice","6","71705","0.0-6.0","","16395","demoFragen_Seite_3","{""legasthenie"":"" nein "",""dyskalkulie"":"" nein "",""student"":"" ja "",""beschäftigung"":"" keine Beschäftigung ""}","[0,1,2,3]","","","","","","","","","","","",""
"survey-multi-choice","7","103625","0.0-7.0","","31911","demoFragen_Seite_4","{""bildung"":"" Fachhoch-/Hochschulreife "",""educationmath"":"" viel (z.B. Mathematik, Informatik, Ingenieurwissenschaften, Physik, Technik) "",""workmath"":"" viel (z.B. Mathematik, Informatik, Ingenieurwissenschaften, Physik, Technik) ""}","[0,1,2]","","","","","","","","","","","",""
"instructions","8","116971","0.0-8.0","[{""page_index"":0,""viewing_time"":13340}]","13341","Instruktion_GAD","","","","","","","","","","","","","",""
"survey-likert","9","143885","0.0-9.0","","26903","GAD","{""GADa"":1,""GADb"":1,""GADc"":1,""GADd"":0,""GADe"":0,""GADf"":2,""GADg"":0}","[0,1,2,3,4,5,6]","","","","","","","","","","","",""
"instructions","10","147440","0.0-10.0","[{""page_index"":0,""viewing_time"":3548}]","3548","Instruktion_STAI","","","","","","","","","","","","","",""
"survey-likert","11","158003","0.0-11.0","","10551","STAI","{""STAI1"":1,""STAI2"":1,""STAI3"":0,""STAI4"":1,""STAI5"":1}","[0,1,2,3,4]","","","","","","","","","","","",""
"instructions","12","159878","0.0-12.0","[{""page_index"":0,""viewing_time"":1871}]","1872","Instruktion_AMAS","","","","","","","","","","","","","",""
"survey-likert","13","187949","0.0-13.0","","28063","AMAS","{""AMAS1"":0,""AMAS2"":0,""AMAS3"":0,""AMAS4"":2,""AMAS5"":1,""AMAS6"":0,""AMAS7"":1,""AMAS8"":3,""AMAS9"":0}","[0,1,2,3,4,5,6,7,8]","","","","","","","","","","","",""
"instructions","14","209820","0.0-14.0","[{""page_index"":0,""viewing_time"":21866}]","21867","Instruktion_TEXT","","","","","","","","","","","","","",""
"instructions","15","219305","0.0-15.0","[{""page_index"":0,""viewing_time"":9482}]","9482","Instruktion_TEXT_Beispiel","","","","","","","","","","","","","",""
"html-keyboard-response","16","220311","0.0-16.0-0.0","","null","","","","","+","null","","","","","","","","",""
"html-keyboard-response","17","229172","0.0-16.0-1.0","","8853","textaufgaben","","","","<p>Eine Studentin muss W&ouml;rter lernen.</p> <p>Die Studentin kannte 52 W&ouml;rter.</p> <p>Sie lernte gerade 26 W&ouml;rter.</p> <p>Wie viele W&ouml;rter kennt die Studentin am Ende?</p>","103","52 + 26","nc","1","A","C","78","3","",""
"html-keyboard-response","18","229329","0.0-16.0-2.0","","156","textaufgaben","","","","<p>Eine Studentin muss W&ouml;rter lernen.</p> <p>Die Studentin kannte 52 W&ouml;rter.</p> <p>Sie lernte gerade 26 W&ouml;rter.</p> <p>Wie viele W&ouml;rter kennt die Studentin am Ende?</p>","104","52 + 26","nc","1","A","C","78","3","",""
"html-keyboard-response","19","230335","0.0-16.0-0.1","","null","","","","","+","null","","","","","","","","",""
"html-keyboard-response","20","236275","0.0-16.0-1.1","","5937","textaufgaben","","","","<p>Eine Studentin muss W&ouml;rter lernen.</p> <p>Die Studentin kannte 43 W&ouml;rter.</p> <p>Sie hat gerade 19 W&ouml;rter gelernt.</p> <p>Wie viele W&ouml;rter kennt die Studentin am Ende?</p>","102","43 + 19","c","2","A","C","62","7","",""
"html-keyboard-response","21","236602","0.0-16.0-2.1","","325","textaufgaben","","","","<p>Eine Studentin muss W&ouml;rter lernen.</p> <p>Die Studentin kannte 43 W&ouml;rter.</p> <p>Sie hat gerade 19 W&ouml;rter gelernt.</p> <p>Wie viele W&ouml;rter kennt die Studentin am Ende?</p>","98","43 + 19","c","2","A","C","62","7","",""
"html-keyboard-response","22","237608","0.0-16.0-0.2","","null","","","","","+","null","","","","","","","","",""
"html-keyboard-response","23","242723","0.0-16.0-1.2","","5111","textaufgaben","","","","<p>Ein Mann spart Geld f&uuml;r einige Anschaffungen.</p> <p>Er hatte 37 Euro gehabt.</p> <p>Er hat 14 Euro ausgegeben.</p> <p>Wie viel Geld hat er am Ende?</p>","98","37 - 14","nc","3","S","C","23","25","",""
"html-keyboard-response","24","242786","0.0-16.0-2.2","","62","textaufgaben","","","","<p>Ein Mann spart Geld f&uuml;r einige Anschaffungen.</p> <p>Er hatte 37 Euro gehabt.</p> <p>Er hat 14 Euro ausgegeben.</p> <p>Wie viel Geld hat er am Ende?</p>","99","37 - 14","nc","3","S","C","23","25","",""
"html-keyboard-response","25","243801","0.0-16.0-0.3","","null","","","","","+","null","","","","","","","","",""
"html-keyboard-response","26","251788","0.0-16.0-1.3","","7984","textaufgaben","","","","<p>Einige Leute wurden zur Party eingeladen.</p> <p>41 Leute sind zur Party gekommen.</p> <p>25 Leute haben die Party fr&uuml;her verlassen.</p> <p>Wie viele Leute sind jetzt auf der Party?</p>","97","41 - 25","c","4","S","C","16","23","",""
"html-keyboard-response","27","251868","0.0-16.0-2.3","","79","textaufgaben","","","","<p>Einige Leute wurden zur Party eingeladen.</p> <p>41 Leute sind zur Party gekommen.</p> <p>25 Leute haben die Party fr&uuml;her verlassen.</p> <p>Wie viele Leute sind jetzt auf der Party?</p>","102","41 - 25","c","4","S","C","16","23","",""
"html-keyboard-response","28","252881","0.0-16.0-0.4","","null","","","","","+","null","","","","","","","","",""
"html-keyboard-response","29","261899","0.0-16.0-1.4","","9016","textaufgaben","","","","<p>Ein Dieb hat einer Frau einige Diamanten gestohlen.</p> <p>Sie hat jetzt 34 Diamanten.</p> <p>Der Dieb hatte ihr 25 Diamanten gestohlen.</p> <p>Wie viele Diamanten hatte die Frau?</p>","101","34 + 25","nc","5","A","I","59","29","",""
"html-keyboard-response","30","262107","0.0-16.0-2.4","","206","textaufgaben","","","","<p>Ein Dieb hat einer Frau einige Diamanten gestohlen.</p> <p>Sie hat jetzt 34 Diamanten.</p> <p>Der Dieb hatte ihr 25 Diamanten gestohlen.</p> <p>Wie viele Diamanten hatte die Frau?</p>","105","34 + 25","nc","5","A","I","59","29","",""
"html-keyboard-response","31","263115","0.0-16.0-0.5","","null","","","","","+","null","","","","","","","","",""
"html-keyboard-response","32","279653","0.0-16.0-1.5","","16534","textaufgaben","","","","<p>Eine Tennisspielerin spielt Turniere.</p> <p>Sie hat in dieser Saison 17 Spiele verloren.</p> <p>Sie hatte fr&uuml;her 76 Spiele verloren.</p> <p>Wie viele Spiele hat sie in ihrer Karriere verloren?</p>","105","76 + 17","c","6","A","I","93","36","",""
"html-keyboard-response","33","280091","0.0-16.0-2.5","","432","textaufgaben","","","","<p>Eine Tennisspielerin spielt Turniere.</p> <p>Sie hat in dieser Saison 17 Spiele verloren.</p> <p>Sie hatte fr&uuml;her 76 Spiele verloren.</p> <p>Wie viele Spiele hat sie in ihrer Karriere verloren?</p>","99","76 + 17","c","6","A","I","93","36","",""
"html-keyboard-response","34","281101","0.0-16.0-0.6","","null","","","","","+","null","","","","","","","","",""
"html-keyboard-response","35","289747","0.0-16.0-1.6","","8641","textaufgaben","","","","<p>Eine Tennisspielerin spielt Turniere.</p> <p>Sie hat in dieser Saison 29 Spiele gespielt.</p> <p>Sie gewann 13 Spiele.</p> <p>Wie viele Spiele hatte sie verloren?</p>","97","29 - 13","nc","7","S","I","16","39","",""
"html-keyboard-response","36","289843","0.0-16.0-2.6","","93","textaufgaben","","","","<p>Eine Tennisspielerin spielt Turniere.</p> <p>Sie hat in dieser Saison 29 Spiele gespielt.</p> <p>Sie gewann 13 Spiele.</p> <p>Wie viele Spiele hatte sie verloren?</p>","102","29 - 13","nc","7","S","I","16","39","",""
"html-keyboard-response","37","290845","0.0-16.0-0.7","","null","","","","","+","null","","","","","","","","",""
"html-keyboard-response","38","304003","0.0-16.0-1.7","","13153","textaufgaben","","","","<p>Eine Studentin muss W&ouml;rter lernen.</p> <p>Die Studentin hat 13 W&ouml;rter gelernt.</p> <p>Sie kennt jetzt 31 W&ouml;rter.</p> <p>Wie viele W&ouml;rter hatte sie am Anfang gekonnt?</p>","97","31 - 13","c","8","S","I","18","45","",""
"html-keyboard-response","39","304172","0.0-16.0-2.7","","167","textaufgaben","","","","<p>Eine Studentin muss W&ouml;rter lernen.</p> <p>Die Studentin hat 13 W&ouml;rter gelernt.</p> <p>Sie kennt jetzt 31 W&ouml;rter.</p> <p>Wie viele W&ouml;rter hatte sie am Anfang gekonnt?</p>","104","31 - 13","c","8","S","I","18","45","",""
"html-keyboard-response","40","305186","0.0-16.0-0.8","","null","","","","","+","null","","","","","","","","",""
"html-keyboard-response","41","322003","0.0-16.0-1.8","","16814","textaufgaben","","","","<p>Ein Dieb hat einer Frau einige Diamanten gestohlen.</p> <p>Nach dem Diebstahl hatte sie 23 Diamanten.</p> <p>Die Polizei findet 15 Diamanten wieder.</p> <p>Wie viele Diamanten hat die Frau am Ende?</p>","99","23 + 15","nc","1","A","C","38","5","",""
"html-keyboard-response","42","322309","0.0-16.0-2.8","","302","textaufgaben","","","","<p>Ein Dieb hat einer Frau einige Diamanten gestohlen.</p> <p>Nach dem Diebstahl hatte sie 23 Diamanten.</p> <p>Die Polizei findet 15 Diamanten wieder.</p> <p>Wie viele Diamanten hat die Frau am Ende?</p>","104","23 + 15","nc","1","A","C","38","5","",""
"html-keyboard-response","43","323313","0.0-16.0-0.9","","null","","","","","+","null","","","","","","","","",""
"html-keyboard-response","44","334396","0.0-16.0-1.9","","11080","textaufgaben","","","","<p>Ein M&auml;dchen sammelt B&uuml;cher.</p> <p>Sie erh&auml;lt 18 B&uuml;cher.</p> <p>Das M&auml;dchen hatte am Anfang 46 B&uuml;cher gehabt.</p> <p>Wie viele B&uuml;cher hat sie am Ende?</p>","102","46 + 18","c","2","A","C","64","11","",""
"html-keyboard-response","45","334756","0.0-16.0-2.9","","358","textaufgaben","","","","<p>Ein M&auml;dchen sammelt B&uuml;cher.</p> <p>Sie erh&auml;lt 18 B&uuml;cher.</p> <p>Das M&auml;dchen hatte am Anfang 46 B&uuml;cher gehabt.</p> <p>Wie viele B&uuml;cher hat sie am Ende?</p>","100","46 + 18","c","2","A","C","64","11","",""
"html-keyboard-response","46","335757","0.0-16.0-0.10","","null","","","","","+","null","","","","","","","","",""
"html-keyboard-response","47","344348","0.0-16.0-1.10","","8589","textaufgaben","","","","<p>Ein Dieb hat einer Frau einige Diamanten gestohlen.</p> <p>Ihr wurden 32 Diamanten gestohlen.</p> <p>Die Frau hatte 53 Diamanten gehabt.</p> <p>Wie viele Diamanten hat sie jetzt?</p>","98","53 - 32","nc","3","S","C","21","18","",""
"html-keyboard-response","48","344507","0.0-16.0-2.10","","158","textaufgaben","","","","<p>Ein Dieb hat einer Frau einige Diamanten gestohlen.</p> <p>Ihr wurden 32 Diamanten gestohlen.</p> <p>Die Frau hatte 53 Diamanten gehabt.</p> <p>Wie viele Diamanten hat sie jetzt?</p>","97","53 - 32","nc","3","S","C","21","18","",""
"html-keyboard-response","49","345522","0.0-16.0-0.11","","null","","","","","+","null","","","","","","","","",""
"html-keyboard-response","50","353820","0.0-16.0-1.11","","8297","textaufgaben","","","","<p>Ein M&auml;dchen sammelt B&uuml;cher.</p> <p>Das M&auml;dchen verschenkt 17 B&uuml;cher.</p> <p>Sie hatte 46 B&uuml;cher  mitgebracht.</p> <p>Wie viele B&uuml;cher hat sie am Ende?</p>","98","46 - 17","c","4","S","C","29","22","",""
"html-keyboard-response","51","354036","0.0-16.0-2.11","","215","textaufgaben","","","","<p>Ein M&auml;dchen sammelt B&uuml;cher.</p> <p>Das M&auml;dchen verschenkt 17 B&uuml;cher.</p> <p>Sie hatte 46 B&uuml;cher  mitgebracht.</p> <p>Wie viele B&uuml;cher hat sie am Ende?</p>","105","46 - 17","c","4","S","C","29","22","",""
"html-keyboard-response","52","355040","0.0-16.0-0.12","","null","","","","","+","null","","","","","","","","",""
"html-keyboard-response","53","364556","0.0-16.0-1.12","","9513","textaufgaben","","","","<p>Ein Mann spart Geld f&uuml;r einige Anschaffungen.</p> <p>Er hat jetzt 13 Euro.</p> <p>Er hat davor 65 Euro ausgegeben.</p> <p>Wie viel Geld hatte der Mann?</p>","103","65 + 13","nc","5","A","I","78","30","",""
"html-keyboard-response","54","364636","0.0-16.0-2.12","","79","textaufgaben","","","","<p>Ein Mann spart Geld f&uuml;r einige Anschaffungen.</p> <p>Er hat jetzt 13 Euro.</p> <p>Er hat davor 65 Euro ausgegeben.</p> <p>Wie viel Geld hatte der Mann?</p>","104","65 + 13","nc","5","A","I","78","30","",""
"html-keyboard-response","55","365641","0.0-16.0-0.13","","null","","","","","+","null","","","","","","","","",""
"html-keyboard-response","56","373723","0.0-16.0-1.13","","8079","textaufgaben","","","","<p>Ein paar Freunde suchen Pilze im Wald.</p> <p>Sie werfen gerade 19 giftige Pilze weg.</p> <p>Sie haben 45 Pilze.</p> <p>Wie viele Pilze hatten sie davor?</p>","102","45 + 19","c","6","A","I","64","32","",""
"html-keyboard-response","57","374020","0.0-16.0-2.13","","295","textaufgaben","","","","<p>Ein paar Freunde suchen Pilze im Wald.</p> <p>Sie werfen gerade 19 giftige Pilze weg.</p> <p>Sie haben 45 Pilze.</p> <p>Wie viele Pilze hatten sie davor?</p>","100","45 + 19","c","6","A","I","64","32","",""
"html-keyboard-response","58","375032","0.0-16.0-0.14","","null","","","","","+","null","","","","","","","","",""
"html-keyboard-response","59","381412","0.0-16.0-1.14","","6379","textaufgaben","","","","<p>Ein Mann spart Geld f&uuml;r einige Anschaffungen.</p> <p>Er hat jetzt 37 Euro.</p> <p>Er hatte 24 Euro verdient.</p> <p>Wie viel Geld hatte er am Anfang?</p>","97","37 - 24","nc","7","S","I","13","41","",""
"html-keyboard-response","60","381436","0.0-16.0-2.14","","22","textaufgaben","","","","<p>Ein Mann spart Geld f&uuml;r einige Anschaffungen.</p> <p>Er hat jetzt 37 Euro.</p> <p>Er hatte 24 Euro verdient.</p> <p>Wie viel Geld hatte er am Anfang?</p>","99","37 - 24","nc","7","S","I","13","41","",""
"html-keyboard-response","61","382446","0.0-16.0-0.15","","null","","","","","+","null","","","","","","","","",""
"html-keyboard-response","62","395941","0.0-16.0-1.15","","13492","textaufgaben","","","","<p>Ein Mann spart Geld f&uuml;r einige Anschaffungen.</p> <p>Er verdient heute 19 Euro.</p> <p>Er hat jetzt 37 Euro.</p> <p>Wie viel Geld hatte er am Anfang?</p>","97","37 - 19","c","8","S","I","18","44","",""
"html-keyboard-response","63","396060","0.0-16.0-2.15","","118","textaufgaben","","","","<p>Ein Mann spart Geld f&uuml;r einige Anschaffungen.</p> <p>Er verdient heute 19 Euro.</p> <p>Er hat jetzt 37 Euro.</p> <p>Wie viel Geld hatte er am Anfang?</p>","104","37 - 19","c","8","S","I","18","44","",""
"html-keyboard-response","64","397067","0.0-16.0-0.16","","null","","","","","+","null","","","","","","","","",""
"html-keyboard-response","65","405075","0.0-16.0-1.16","","8007","textaufgaben","","","","<p>Ein Mann spart Geld f&uuml;r einige Anschaffungen.</p> <p>Er hatte 21 Euro.</p> <p>Er verdient 13 Euro.</p> <p>Wie viel Geld hat der Mann jetzt?</p>","99","21 + 13","nc","1","A","C","34","1","",""
"html-keyboard-response","66","405380","0.0-16.0-2.16","","301","textaufgaben","","","","<p>Ein Mann spart Geld f&uuml;r einige Anschaffungen.</p> <p>Er hatte 21 Euro.</p> <p>Er verdient 13 Euro.</p> <p>Wie viel Geld hat der Mann jetzt?</p>","100","21 + 13","nc","1","A","C","34","1","",""
"html-keyboard-response","67","406382","0.0-16.0-0.17","","null","","","","","+","null","","","","","","","","",""
"html-keyboard-response","68","420684","0.0-16.0-1.17","","14300","textaufgaben","","","","<p>Eine Marktfrau verkauft &Auml;pfel auf dem Markt.</p> <p>Die Marktfrau kam mit 56 &Auml;pfeln.</p> <p>Sie hat 27 &Auml;pfel geliefert bekommen.</p> <p>Wie viele &Auml;pfel hat sie am Ende?</p>","104","56 + 27","c","2","A","C","83","12","",""
"html-keyboard-response","69","421228","0.0-16.0-2.17","","543","textaufgaben","","","","<p>Eine Marktfrau verkauft &Auml;pfel auf dem Markt.</p> <p>Die Marktfrau kam mit 56 &Auml;pfeln.</p> <p>Sie hat 27 &Auml;pfel geliefert bekommen.</p> <p>Wie viele &Auml;pfel hat sie am Ende?</p>","99","56 + 27","c","2","A","C","83","12","",""
"html-keyboard-response","70","422233","0.0-16.0-0.18","","null","","","","","+","null","","","","","","","","",""
"html-keyboard-response","71","427821","0.0-16.0-1.18","","5586","textaufgaben","","","","<p>Eine Marktfrau verkauft &Auml;pfel auf dem Markt.</p> <p>Die Marktfrau verkauft 13 &Auml;pfel.</p> <p>Sie hatte 25 &Auml;pfel mitgebracht.</p> <p>Wie viele &Auml;pfel hat sie am Ende?</p>","98","25 - 13","nc","3","S","C","12","13","",""
"html-keyboard-response","72","427980","0.0-16.0-2.18","","158","textaufgaben","","","","<p>Eine Marktfrau verkauft &Auml;pfel auf dem Markt.</p> <p>Die Marktfrau verkauft 13 &Auml;pfel.</p> <p>Sie hatte 25 &Auml;pfel mitgebracht.</p> <p>Wie viele &Auml;pfel hat sie am Ende?</p>","98","25 - 13","nc","3","S","C","12","13","",""
"html-keyboard-response","73","428993","0.0-16.0-0.19","","null","","","","","+","null","","","","","","","","",""
"html-keyboard-response","74","440149","0.0-16.0-1.19","","11155","textaufgaben","","","","<p>Eine Marktfrau verkauft &Auml;pfel auf dem Markt.</p> <p>Die Marktfrau kam mit 37 &Auml;pfeln.</p> <p>Sie verkauft 19 &Auml;pfel.</p> <p>Wie viele &Auml;pfel hat sie am Ende?</p>","97","37 - 19","c","4","S","C","18","20","",""
"html-keyboard-response","75","440323","0.0-16.0-2.19","","173","textaufgaben","","","","<p>Eine Marktfrau verkauft &Auml;pfel auf dem Markt.</p> <p>Die Marktfrau kam mit 37 &Auml;pfeln.</p> <p>Sie verkauft 19 &Auml;pfel.</p> <p>Wie viele &Auml;pfel hat sie am Ende?</p>","104","37 - 19","c","4","S","C","18","20","",""
"html-keyboard-response","76","441333","0.0-16.0-0.20","","null","","","","","+","null","","","","","","","","",""
"html-keyboard-response","77","449893","0.0-16.0-1.20","","8559","textaufgaben","","","","<p>Eine Tennisspielerin spielt Turniere.</p> <p>Sie hatte fr&uuml;her 23 Spiele verloren.</p> <p>Sie hat 14 Spiele in dieser Saison verloren.</p> <p>Wie viele Spiele hat sie in ihrer Karriere verloren?</p>","99","23 + 14","nc","5","A","I","37","28","",""
"html-keyboard-response","78","450259","0.0-16.0-2.20","","366","textaufgaben","","","","<p>Eine Tennisspielerin spielt Turniere.</p> <p>Sie hatte fr&uuml;her 23 Spiele verloren.</p> <p>Sie hat 14 Spiele in dieser Saison verloren.</p> <p>Wie viele Spiele hat sie in ihrer Karriere verloren?</p>","103","23 + 14","nc","5","A","I","37","28","",""
"html-keyboard-response","79","451263","0.0-16.0-0.21","","null","","","","","+","null","","","","","","","","",""
"html-keyboard-response","80","482814","0.0-16.0-1.21","","31548","textaufgaben","","","","<p>Eine Studentin muss W&ouml;rter lernen.</p> <p>Die Studentin hat 53 W&ouml;rtern vergessen.</p> <p>Sie lernt sp&auml;ter 18 andere W&ouml;rter.</p> <p>Wie viele W&ouml;rter m&uuml;sste sie kennen?</p>","97","53 + 18","c","6","A","I","71","33","",""
"html-keyboard-response","81","483133","0.0-16.0-2.21","","318","textaufgaben","","","","<p>Eine Studentin muss W&ouml;rter lernen.</p> <p>Die Studentin hat 53 W&ouml;rtern vergessen.</p> <p>Sie lernt sp&auml;ter 18 andere W&ouml;rter.</p> <p>Wie viele W&ouml;rter m&uuml;sste sie kennen?</p>","104","53 + 18","c","6","A","I","71","33","",""
"html-keyboard-response","82","484139","0.0-16.0-0.22","","null","","","","","+","null","","","","","","","","",""
"html-keyboard-response","83","496734","0.0-16.0-1.22","","12591","textaufgaben","","","","<p>Eine Marktfrau verkauft &Auml;pfel auf dem Markt.</p> <p>Sie hatte vorher 21 &Auml;pfel geliefert bekommen.</p> <p>Die Marktfrau hat 64 &Auml;pfel.</p> <p>Wie viele &Auml;pfel hatte sie am Anfang?</p>","100","64 - 21","nc","7","S","I","43","42","",""
"html-keyboard-response","84","497053","0.0-16.0-2.22","","317","textaufgaben","","","","<p>Eine Marktfrau verkauft &Auml;pfel auf dem Markt.</p> <p>Sie hatte vorher 21 &Auml;pfel geliefert bekommen.</p> <p>Die Marktfrau hat 64 &Auml;pfel.</p> <p>Wie viele &Auml;pfel hatte sie am Anfang?</p>","99","64 - 21","nc","7","S","I","43","42","",""
"html-keyboard-response","85","498064","0.0-16.0-0.23","","null","","","","","+","null","","","","","","","","",""
"html-keyboard-response","86","511420","0.0-16.0-1.23","","13355","textaufgaben","","","","<p>Ein M&auml;dchen sammelt B&uuml;cher.</p> <p>Das M&auml;dchen erh&auml;lt 45 B&uuml;cher.</p> <p>Sie hat danach 74 B&uuml;cher.</p> <p>Wie viele B&uuml;cher hatte sie am Anfang?</p>","97","74 - 45","c","8","S","I","29","48","",""
"html-keyboard-response","87","511644","0.0-16.0-2.23","","220","textaufgaben","","","","<p>Ein M&auml;dchen sammelt B&uuml;cher.</p> <p>Das M&auml;dchen erh&auml;lt 45 B&uuml;cher.</p> <p>Sie hat danach 74 B&uuml;cher.</p> <p>Wie viele B&uuml;cher hatte sie am Anfang?</p>","105","74 - 45","c","8","S","I","29","48","",""
"html-keyboard-response","88","512649","0.0-16.0-0.24","","null","","","","","+","null","","","","","","","","",""
"html-keyboard-response","89","531710","0.0-16.0-1.24","","19058","textaufgaben","","","","<p>Einige Leute wurden zur Party eingeladen.</p> <p>12 Leute sind sp&auml;ter gekommen.</p> <p>Es waren davor 75 Leute auf der Party.</p> <p>Wie viele Leute waren am Ende auf der Party?</p>","104","75 + 12","nc","1","A","C","87","6","",""
"html-keyboard-response","90","532053","0.0-16.0-2.24","","342","textaufgaben","","","","<p>Einige Leute wurden zur Party eingeladen.</p> <p>12 Leute sind sp&auml;ter gekommen.</p> <p>Es waren davor 75 Leute auf der Party.</p> <p>Wie viele Leute waren am Ende auf der Party?</p>","103","75 + 12","nc","1","A","C","87","6","",""
"html-keyboard-response","91","533057","0.0-16.0-0.25","","null","","","","","+","null","","","","","","","","",""
"html-keyboard-response","92","541238","0.0-16.0-1.25","","8178","textaufgaben","","","","<p>Eine Tennisspielerin spielt Turniere.</p> <p>Sie hat 16 Spiele in dieser Saison gewonnen.</p> <p>Sie hat vor dieser Saison 25 Spiele gewonnen.</p> <p>Wie viele Spiele hat sie in ihrer Karriere gewonnen?</p>","100","25 + 16","c","2","A","C","41","10","",""
"html-keyboard-response","93","541541","0.0-16.0-2.25","","303","textaufgaben","","","","<p>Eine Tennisspielerin spielt Turniere.</p> <p>Sie hat 16 Spiele in dieser Saison gewonnen.</p> <p>Sie hat vor dieser Saison 25 Spiele gewonnen.</p> <p>Wie viele Spiele hat sie in ihrer Karriere gewonnen?</p>","97","25 + 16","c","2","A","C","41","10","",""
"html-keyboard-response","94","542554","0.0-16.0-0.26","","null","","","","","+","null","","","","","","","","",""
"html-keyboard-response","95","548829","0.0-16.0-1.26","","6274","textaufgaben","","","","<p>Ein M&auml;dchen sammelt B&uuml;cher.</p> <p>Das M&auml;dchen hat 28 B&uuml;cher.</p> <p>Sie verschenkt 13 B&uuml;cher an ihre Freunde.</p> <p>Wie viele B&uuml;cher hat sie am Ende?</p>","97","28 - 13","nc","3","S","C","15","17","",""
"html-keyboard-response","96","549094","0.0-16.0-2.26","","262","textaufgaben","","","","<p>Ein M&auml;dchen sammelt B&uuml;cher.</p> <p>Das M&auml;dchen hat 28 B&uuml;cher.</p> <p>Sie verschenkt 13 B&uuml;cher an ihre Freunde.</p> <p>Wie viele B&uuml;cher hat sie am Ende?</p>","101","28 - 13","nc","3","S","C","15","17","",""
"html-keyboard-response","97","550109","0.0-16.0-0.27","","null","","","","","+","null","","","","","","","","",""
"html-keyboard-response","98","557429","0.0-16.0-1.27","","7319","textaufgaben","","","","<p>Ein paar Freunde suchen Pilze im Wald.</p> <p>Sie haben 65 Pilze gefunden.</p> <p>Sie haben 36 giftige Pilze weggeworfen.</p> <p>Wie viele Pilze haben sie danach?</p>","98","65 - 36","c","4","S","C","29","24","",""
"html-keyboard-response","99","557573","0.0-16.0-2.27","","142","textaufgaben","","","","<p>Ein paar Freunde suchen Pilze im Wald.</p> <p>Sie haben 65 Pilze gefunden.</p> <p>Sie haben 36 giftige Pilze weggeworfen.</p> <p>Wie viele Pilze haben sie danach?</p>","105","65 - 36","c","4","S","C","29","24","",""
"html-keyboard-response","100","558579","0.0-16.0-0.28","","null","","","","","+","null","","","","","","","","",""
"html-keyboard-response","101","564909","0.0-16.0-1.28","","6329","textaufgaben","","","","<p>Eine Marktfrau verkauft &Auml;pfel auf dem Markt.</p> <p>Die Marktfrau verkauft 13 &Auml;pfel.</p> <p>Sie hat danach 36 &Auml;pfel.</p> <p>Wie viele &Auml;pfel hatte sie am Anfang?</p>","100","36 + 13","nc","5","A","I","49","26","",""
"html-keyboard-response","102","565085","0.0-16.0-2.28","","174","textaufgaben","","","","<p>Eine Marktfrau verkauft &Auml;pfel auf dem Markt.</p> <p>Die Marktfrau verkauft 13 &Auml;pfel.</p> <p>Sie hat danach 36 &Auml;pfel.</p> <p>Wie viele &Auml;pfel hatte sie am Anfang?</p>","105","36 + 13","nc","5","A","I","49","26","",""
"html-keyboard-response","103","566094","0.0-16.0-0.29","","null","","","","","+","null","","","","","","","","",""
"html-keyboard-response","104","574317","0.0-16.0-1.29","","8221","textaufgaben","","","","<p>Ein M&auml;dchen sammelt B&uuml;cher.</p> <p>Das M&auml;dchen verschenkt 25 B&uuml;cher.</p> <p>Sie hat danach 17 B&uuml;cher.</p> <p>Wie viele B&uuml;cher hatte sie am Anfang?</p>","100","25 + 17","c","6","A","I","42","34","",""
"html-keyboard-response","105","574454","0.0-16.0-2.29","","135","textaufgaben","","","","<p>Ein M&auml;dchen sammelt B&uuml;cher.</p> <p>Das M&auml;dchen verschenkt 25 B&uuml;cher.</p> <p>Sie hat danach 17 B&uuml;cher.</p> <p>Wie viele B&uuml;cher hatte sie am Anfang?</p>","98","25 + 17","c","6","A","I","42","34","",""
"html-keyboard-response","106","575464","0.0-16.0-0.30","","null","","","","","+","null","","","","","","","","",""
"html-keyboard-response","107","583182","0.0-16.0-1.30","","7716","textaufgaben","","","","<p>Einige Leute wurden zur Party eingeladen.</p> <p>Es sind 25 Leute auf der Party.</p> <p>12 Leute sind sp&auml;ter gekommen.</p> <p>Wie viele Leute waren am Anfang auf der Party?</p>","97","25 - 12","nc","7","S","I","13","37","",""
"html-keyboard-response","108","583318","0.0-16.0-2.30","","134","textaufgaben","","","","<p>Einige Leute wurden zur Party eingeladen.</p> <p>Es sind 25 Leute auf der Party.</p> <p>12 Leute sind sp&auml;ter gekommen.</p> <p>Wie viele Leute waren am Anfang auf der Party?</p>","99","25 - 12","nc","7","S","I","13","37","",""
"html-keyboard-response","109","584319","0.0-16.0-0.31","","null","","","","","+","null","","","","","","","","",""
"html-keyboard-response","110","594197","0.0-16.0-1.31","","9877","textaufgaben","","","","<p>Ein Dieb hat einer Frau einige Diamanten gestohlen.</p> <p>Der Dieb hatte ihr 54 Diamanten gestohlen.</p> <p>Die Polizei findet 28 Diamanten wieder.</p> <p>Wie viele Diamanten muss die Polizei noch finden?</p>","98","54 - 28","c","8","S","I","26","46","",""
"html-keyboard-response","111","594301","0.0-16.0-2.31","","103","textaufgaben","","","","<p>Ein Dieb hat einer Frau einige Diamanten gestohlen.</p> <p>Der Dieb hatte ihr 54 Diamanten gestohlen.</p> <p>Die Polizei findet 28 Diamanten wieder.</p> <p>Wie viele Diamanten muss die Polizei noch finden?</p>","102","54 - 28","c","8","S","I","26","46","",""
"html-keyboard-response","112","595310","0.0-16.0-0.32","","null","","","","","+","null","","","","","","","","",""
"html-keyboard-response","113","604462","0.0-16.0-1.32","","9151","textaufgaben","","","","<p>Ein M&auml;dchen sammelt B&uuml;cher.</p> <p>Sie hat 35 B&uuml;cher erhalten.</p> <p>Das M&auml;dchen hatte davor 54 B&uuml;cher.</p> <p>Wie viele B&uuml;cher hat sie am Ende?</p>","104","54 + 35","nc","1","A","C","89","4","",""
"html-keyboard-response","114","604558","0.0-16.0-2.32","","95","textaufgaben","","","","<p>Ein M&auml;dchen sammelt B&uuml;cher.</p> <p>Sie hat 35 B&uuml;cher erhalten.</p> <p>Das M&auml;dchen hatte davor 54 B&uuml;cher.</p> <p>Wie viele B&uuml;cher hat sie am Ende?</p>","105","54 + 35","nc","1","A","C","89","4","",""
"html-keyboard-response","115","605570","0.0-16.0-0.33","","null","","","","","+","null","","","","","","","","",""
"html-keyboard-response","116","618384","0.0-16.0-1.33","","12810","textaufgaben","","","","<p>Einige Leute wurden zur Party eingeladen.</p> <p>19 Leute sind sp&auml;ter gekommen.</p> <p>Es waren anfangs 24 Leute auf der Party.</p> <p>Wie viele Leute waren am Ende auf der Party?</p>","100","24 + 19","c","2","A","C","43","8","",""
"html-keyboard-response","117","618526","0.0-16.0-2.33","","137","textaufgaben","","","","<p>Einige Leute wurden zur Party eingeladen.</p> <p>19 Leute sind sp&auml;ter gekommen.</p> <p>Es waren anfangs 24 Leute auf der Party.</p> <p>Wie viele Leute waren am Ende auf der Party?</p>","99","24 + 19","c","2","A","C","43","8","",""
"html-keyboard-response","118","619535","0.0-16.0-0.34","","null","","","","","+","null","","","","","","","","",""
"html-keyboard-response","119","641135","0.0-16.0-1.34","","21595","textaufgaben","","","","<p>Eine Tennisspielerin spielt Turniere.</p> <p>Sie hat in dieser Saison 59 Spiele gespielt.</p> <p>Sie hat 41 Spiele verloren.</p> <p>Wie viele Spiele hat sie gewonnen?</p>","97","59 - 41","nc","3","S","C","18","16","",""
"html-keyboard-response","120","641399","0.0-16.0-2.34","","260","textaufgaben","","","","<p>Eine Tennisspielerin spielt Turniere.</p> <p>Sie hat in dieser Saison 59 Spiele gespielt.</p> <p>Sie hat 41 Spiele verloren.</p> <p>Wie viele Spiele hat sie gewonnen?</p>","104","59 - 41","nc","3","S","C","18","16","",""
"html-keyboard-response","121","642414","0.0-16.0-0.35","","null","","","","","+","null","","","","","","","","",""
"html-keyboard-response","122","654774","0.0-16.0-1.35","","12356","textaufgaben","","","","<p>Eine Tennisspielerin spielt Turniere.</p> <p>Sie verlor 18 Spiele.</p> <p>Sie hat in dieser Saison 34 Spiele gespielt.</p> <p>Wie viele Spiele hat sie gewonnen?</p>","97","34 - 18","c","4","S","C","16","21","",""
"html-keyboard-response","123","654911","0.0-16.0-2.35","","135","textaufgaben","","","","<p>Eine Tennisspielerin spielt Turniere.</p> <p>Sie verlor 18 Spiele.</p> <p>Sie hat in dieser Saison 34 Spiele gespielt.</p> <p>Wie viele Spiele hat sie gewonnen?</p>","102","34 - 18","c","4","S","C","16","21","",""
"html-keyboard-response","124","655919","0.0-16.0-0.36","","null","","","","","+","null","","","","","","","","",""
"html-keyboard-response","125","664767","0.0-16.0-1.36","","8845","textaufgaben","","","","<p>Ein paar Freunde suchen Pilze im Wald.</p> <p>Sie werfen gerade 23 giftige Pilze weg.</p> <p>Sie haben 31 Pilze &uuml;brig.</p> <p>Wie viele Pilze hatten sie fr&uuml;her?</p>","101","31 + 23","nc","5","A","I","54","25","",""
"html-keyboard-response","126","664886","0.0-16.0-2.36","","118","textaufgaben","","","","<p>Ein paar Freunde suchen Pilze im Wald.</p> <p>Sie werfen gerade 23 giftige Pilze weg.</p> <p>Sie haben 31 Pilze &uuml;brig.</p> <p>Wie viele Pilze hatten sie fr&uuml;her?</p>","100","31 + 23","nc","5","A","I","54","25","",""
"html-keyboard-response","127","665891","0.0-16.0-0.37","","null","","","","","+","null","","","","","","","","",""
"html-keyboard-response","128","673225","0.0-16.0-1.37","","7330","textaufgaben","","","","<p>Ein Mann spart Geld f&uuml;r einige Anschaffungen.</p> <p>Er gibt 19 Euro aus.</p> <p>Er hat jetzt 27 Euro.</p> <p>Wie viel Geld hatte der Mann?</p>","100","27 + 19","c","6","A","I","42","31","",""
"html-keyboard-response","129","673472","0.0-16.0-2.37","","242","textaufgaben","","","","<p>Ein Mann spart Geld f&uuml;r einige Anschaffungen.</p> <p>Er gibt 19 Euro aus.</p> <p>Er hat jetzt 27 Euro.</p> <p>Wie viel Geld hatte der Mann?</p>","103","27 + 19","c","6","A","I","42","31","",""
"html-keyboard-response","130","674485","0.0-16.0-0.38","","null","","","","","+","null","","","","","","","","",""
"html-keyboard-response","131","687952","0.0-16.0-1.38","","13461","textaufgaben","","","","<p>Eine Studentin muss W&ouml;rter lernen.</p> <p>Die Studentin hat 42 W&ouml;rter gelernt.</p> <p>Sie kennt jetzt 68 W&ouml;rter.</p> <p>Wie viele W&ouml;rter hatte sie am Anfang gekonnt?</p>","98","68 - 42","nc","7","S","I","26","40","",""
"html-keyboard-response","132","688134","0.0-16.0-2.38","","179","textaufgaben","","","","<p>Eine Studentin muss W&ouml;rter lernen.</p> <p>Die Studentin hat 42 W&ouml;rter gelernt.</p> <p>Sie kennt jetzt 68 W&ouml;rter.</p> <p>Wie viele W&ouml;rter hatte sie am Anfang gekonnt?</p>","102","68 - 42","nc","7","S","I","26","40","",""
"html-keyboard-response","133","689135","0.0-16.0-0.39","","null","","","","","+","null","","","","","","","","",""
"html-keyboard-response","134","697903","0.0-16.0-1.39","","8764","textaufgaben","","","","<p>Ein paar Freunde suchen Pilze im Wald.</p> <p>Sie haben am Ende 31 Pilze.</p> <p>Sie haben davor 12 Pilze gesammelt.</p> <p>Wie viele Pilze hatten sie am Anfang?</p>","97","31 - 12","c","8","S","I","19","43","",""
"html-keyboard-response","135","698007","0.0-16.0-2.39","","103","textaufgaben","","","","<p>Ein paar Freunde suchen Pilze im Wald.</p> <p>Sie haben am Ende 31 Pilze.</p> <p>Sie haben davor 12 Pilze gesammelt.</p> <p>Wie viele Pilze hatten sie am Anfang?</p>","105","31 - 12","c","8","S","I","19","43","",""
"html-keyboard-response","136","699012","0.0-16.0-0.40","","null","","","","","+","null","","","","","","","","",""
"html-keyboard-response","137","711952","0.0-16.0-1.40","","12938","textaufgaben","","","","<p>Ein paar Freunde suchen Pilze im Wald.</p> <p>Sie sammeln gerade 13 Pilze.</p> <p>Sie hatten 36 Pilze davor.</p> <p>Wie viele Pilze haben sie am Ende?</p>","100","36 + 13","nc","1","A","C","49","2","",""
"html-keyboard-response","138","712096","0.0-16.0-2.40","","142","textaufgaben","","","","<p>Ein paar Freunde suchen Pilze im Wald.</p> <p>Sie sammeln gerade 13 Pilze.</p> <p>Sie hatten 36 Pilze davor.</p> <p>Wie viele Pilze haben sie am Ende?</p>","105","36 + 13","nc","1","A","C","49","2","",""
"html-keyboard-response","139","713106","0.0-16.0-0.41","","null","","","","","+","null","","","","","","","","",""
"html-keyboard-response","140","719384","0.0-16.0-1.41","","6276","textaufgaben","","","","<p>Ein paar Freunde suchen Pilze im Wald.</p> <p>Sie hatten 67 Pilze.</p> <p>Sie sammeln 15 Pilzen.</p> <p>Wie viele Pilze haben sie am Ende?</p>","104","67 + 15","c","2","A","C","82","9","",""
"html-keyboard-response","141","719846","0.0-16.0-2.41","","461","textaufgaben","","","","<p>Ein paar Freunde suchen Pilze im Wald.</p> <p>Sie hatten 67 Pilze.</p> <p>Sie sammeln 15 Pilzen.</p> <p>Wie viele Pilze haben sie am Ende?</p>","98","67 + 15","c","2","A","C","82","9","",""
"html-keyboard-response","142","720860","0.0-16.0-0.42","","null","","","","","+","null","","","","","","","","",""
"html-keyboard-response","143","737096","0.0-16.0-1.42","","16235","textaufgaben","","","","<p>Eine Studentin muss W&ouml;rter lernen.</p> <p>Die Studentin vergisst 12 W&ouml;rter.</p> <p>Sie hat am Anfang 58 W&ouml;rter gelernt.</p> <p>Wie viele W&ouml;rter hat sie richtig gelernt?</p>","100","58 - 12","nc","3","S","C","46","14","",""
"html-keyboard-response","144","737191","0.0-16.0-2.42","","94","textaufgaben","","","","<p>Eine Studentin muss W&ouml;rter lernen.</p> <p>Die Studentin vergisst 12 W&ouml;rter.</p> <p>Sie hat am Anfang 58 W&ouml;rter gelernt.</p> <p>Wie viele W&ouml;rter hat sie richtig gelernt?</p>","102","58 - 12","nc","3","S","C","46","14","",""
"html-keyboard-response","145","738204","0.0-16.0-0.43","","null","","","","","+","null","","","","","","","","",""
"html-keyboard-response","146","749864","0.0-16.0-1.43","","11658","textaufgaben","","","","<p>Ein Dieb hat einer Frau einige Diamanten gestohlen.</p> <p>Der Dieb hat ihr 16 Diamanten gestohlen.</p> <p>Sie hatte am Anfang 41 Diamanten gehabt.</p> <p>Wie viele Diamanten hat sie jetzt?</p>","98","41 - 16","c","4","S","C","25","19","",""
"html-keyboard-response","147","750006","0.0-16.0-2.43","","142","textaufgaben","","","","<p>Ein Dieb hat einer Frau einige Diamanten gestohlen.</p> <p>Der Dieb hat ihr 16 Diamanten gestohlen.</p> <p>Sie hatte am Anfang 41 Diamanten gehabt.</p> <p>Wie viele Diamanten hat sie jetzt?</p>","101","41 - 16","c","4","S","C","25","19","",""
"html-keyboard-response","148","751015","0.0-16.0-0.44","","null","","","","","+","null","","","","","","","","",""
"html-keyboard-response","149","762721","0.0-16.0-1.44","","11702","textaufgaben","","","","<p>Einige Leute wurden zur Party eingeladen.</p> <p>72 Leute haben die Party verlassen.</p> <p>Es blieben danach 26 Leute.</p> <p>Wie viele Leute waren zur Party gekommen?</p>","104","72 + 26","nc","5","A","I","98","27","",""
"html-keyboard-response","150","762800","0.0-16.0-2.44","","79","textaufgaben","","","","<p>Einige Leute wurden zur Party eingeladen.</p> <p>72 Leute haben die Party verlassen.</p> <p>Es blieben danach 26 Leute.</p> <p>Wie viele Leute waren zur Party gekommen?</p>","105","72 + 26","nc","5","A","I","98","27","",""
"html-keyboard-response","151","763812","0.0-16.0-0.45","","null","","","","","+","null","","","","","","","","",""
"html-keyboard-response","152","774824","0.0-16.0-1.45","","11010","textaufgaben","","","","<p>Eine Marktfrau verkauft &Auml;pfel auf dem Markt.</p> <p>Sie hat jetzt 38 &Auml;pfel.</p> <p>Die Marktfrau hatte davor 26 &Auml;pfel verkauft.</p> <p>Wie viele &Auml;pfel hatte sie am Anfang?</p>","102","38 + 26","c","6","A","I","64","35","",""
"html-keyboard-response","153","775167","0.0-16.0-2.45","","342","textaufgaben","","","","<p>Eine Marktfrau verkauft &Auml;pfel auf dem Markt.</p> <p>Sie hat jetzt 38 &Auml;pfel.</p> <p>Die Marktfrau hatte davor 26 &Auml;pfel verkauft.</p> <p>Wie viele &Auml;pfel hatte sie am Anfang?</p>","100","38 + 26","c","6","A","I","64","35","",""
"html-keyboard-response","154","776171","0.0-16.0-0.46","","null","","","","","+","null","","","","","","","","",""
"html-keyboard-response","155","782159","0.0-16.0-1.46","","5985","textaufgaben","","","","<p>Ein Dieb hat einer Frau einige Diamanten gestohlen.</p> <p>Die Polizei hat 13 Diamanten wiedergefunden.</p> <p>Der Dieb hatte ihr 37 Diamanten gestohlen.</p> <p>Wie viele Diamanten muss die Polizei noch finden?</p>","98","37 - 13","nc","7","S","I","14","38","",""
"html-keyboard-response","156","782335","0.0-16.0-2.46","","174","textaufgaben","","","","<p>Ein Dieb hat einer Frau einige Diamanten gestohlen.</p> <p>Die Polizei hat 13 Diamanten wiedergefunden.</p> <p>Der Dieb hatte ihr 37 Diamanten gestohlen.</p> <p>Wie viele Diamanten muss die Polizei noch finden?</p>","100","37 - 13","nc","7","S","I","14","38","",""
"html-keyboard-response","157","783340","0.0-16.0-0.47","","null","","","","","+","null","","","","","","","","",""
"html-keyboard-response","158","810312","0.0-16.0-1.47","","26971","textaufgaben","","","","<p>Einige Leute wurden zur Party eingeladen.</p> <p>Am Ende sind 41 Leute auf der Party.</p> <p>18 Leute sind davor zur Party gekommen.</p> <p>Wie viele Leute waren am Anfang auf der Party?</p>","98","41 - 18","c","8","S","I","23","47","",""
"html-keyboard-response","159","810408","0.0-16.0-2.47","","95","textaufgaben","","","","<p>Einige Leute wurden zur Party eingeladen.</p> <p>Am Ende sind 41 Leute auf der Party.</p> <p>18 Leute sind davor zur Party gekommen.</p> <p>Wie viele Leute waren am Anfang auf der Party?</p>","99","41 - 18","c","8","S","I","23","47","",""
"html-keyboard-response","160","813047","0.0-17.0","","2638","","","","","Die Aufgabe ist vorbei. Bitte dr&uuml;cken Sie eine Taste um fortzufahren!","32","","","","","","","","",""
"instructions","161","843921","0.0-18.0","[{""page_index"":0,""viewing_time"":30872}]","30872","instruktion_Rechenaufgaben","","","","","","","","","","","","","",""
"survey-time","162","903949","0.0-19.0","","59987","Additionsaufgaben","{""RT02_01"":""41"",""RT02_02"":""73"",""RT02_03"":""46"",""RT02_04"":""98"",""RT02_05"":""91"",""RT02_06"":""53"",""RT02_07"":""74"",""RT02_08"":""38"",""RT02_09"":""95"",""RT02_10"":""73"",""RT02_11"":""58"",""RT02_12"":""42"",""RT02_13"":""96"",""RT02_14"":""49"",""RT02_15"":"""",""RT02_16"":"""",""RT02_17"":"""",""RT02_18"":"""",""RT02_19"":"""",""RT02_20"":"""",""RT02_21"":"""",""RT02_22"":"""",""RT02_23"":"""",""RT02_24"":"""",""RT02_25"":"""",""RT02_26"":"""",""RT02_27"":"""",""RT02_28"":""""}","","","","","","","","","","","","",""
"instructions","163","908317","0.0-20.0","[{""page_index"":0,""viewing_time"":4364}]","4364","instruktion_Rechenaufgaben2","","","","","","","","","","","","","",""
"survey-time","164","968328","0.0-21.0","","59993","Subtraktionsaufgaben","{""RT03_01"":""17"",""RT03_02"":""67"",""RT03_03"":""11"",""RT03_04"":""28"",""RT03_05"":""28"",""RT03_06"":""18"",""RT03_07"":""35"",""RT03_08"":""41"",""RT03_09"":""53"",""RT03_10"":""47"",""RT03_11"":""12"",""RT03_12"":"""",""RT03_13"":"""",""RT03_14"":"""",""RT03_15"":"""",""RT03_16"":"""",""RT03_17"":"""",""RT03_18"":"""",""RT03_19"":"""",""RT03_20"":"""",""RT03_21"":"""",""RT03_22"":"""",""RT03_23"":"""",""RT03_24"":"""",""RT03_25"":"""",""RT03_26"":"""",""RT03_27"":"""",""RT03_28"":""""}","","","","","","","","","","","","",""
"instructions","165","981504","0.0-22.0","[{""page_index"":0,""viewing_time"":13173}]","13174","Instruktion_READ","","","","","","","","","","","","","",""
"html-button-response","166","983483","0.0-23.0-0.0","","1975","readingtest","","","","Hunde bellen.","","","read","","","","Richtig","","0",""
"html-button-response","167","984797","0.0-23.0-0.1","","1309","readingtest","","","","Regen ist trocken.","","","read","","","","Falsch","","1",""
"html-button-response","168","985988","0.0-23.0-0.2","","1187","readingtest","","","","Im Sommer f&auml;llt Schnee.","","","read","","","","Falsch","","1",""
"html-button-response","169","987054","0.0-23.0-0.3","","1063","readingtest","","","","Im Winter ist es warm.","","","read","","","","Falsch","","1",""
"html-button-response","170","988325","0.0-23.0-0.4","","","readingtest","","","","","","","read","","","","Richtig","","","Sie haben alle Aufgaben vor Ende der Zeit erledigt!"
"html-keyboard-response","171","991049","0.0-24.0","","2721","","","","","Die Zeit ist abgelaufen. Bitte dr&uuml;cken Sie eine Taste um fortzufahren!","32","","","","","","","","",""
"survey-multi-select","172","1000275","0.0-25.0","","9213","Quali_Fragen","{""ernsthaft"":["" ja ""],""Umgebung"":["" einigerma&szlig;en leise ""],""Gerät"":["" Computer ""]}","[0,1,2]","","","","","","","","","","","",""
"fullscreen","173","1001288","0.0-26.0","","","","","","true","","","","","","","","","","",""
"html-button-response","174","1009617","0.0-27.0","","8325","","","","","<p><strong>Vielen Dank f&uuml;r Ihre Teilnahme!</strong></p><p>Falls Sie an der Verlosung der Amazon Gutscheine im Wert von je 10 Euro teilnehmen m&ouml;chten, dann<br>klicken Sie bitte jetzt auf &#8222;<u>An Verlosung teilnehmen</u>&#8220;. Wenn Sie an der Versuchspersonstunde interessiert sind,dann klicken Sie bitte jetzt auf &#8222;<u>Versuchspersonstunde beantragen</u>&#8220;, ansonsten klicken Sie bitte auf &#8222;<u>Experiment beenden</u>&#8220;.<br>Dann wird das Experiment abgeschlossen und Ihre Daten werden anonym gespeichert.</p><p><strong>Wir bedanken uns f&uuml;r Ihre Unterst&uuml;tzung!</strong></p>","","","","","","","","","1",""
